"COD_CIR";"id_key";"RR";"id";"cat_casos";"data"
35011;"RR_casos";;"casos";"0";"2023-12-27"
35012;"RR_casos";;"casos";"0";"2023-12-27"
35013;"RR_casos";;"casos";"0";"2023-12-27"
35014;"RR_casos";;"casos";"0";"2023-12-27"
35015;"RR_casos";;"casos";"0";"2023-12-27"
35016;"RR_casos";;"casos";"0";"2023-12-27"
35021;"RR_casos";;"casos";"0";"2023-12-27"
35022;"RR_casos";;"casos";"0";"2023-12-27"
35023;"RR_casos";;"casos";"0";"2023-12-27"
35031;"RR_casos";;"casos";"0";"2023-12-27"
35032;"RR_casos";;"casos";"0";"2023-12-27"
35033;"RR_casos";;"casos";"0";"2023-12-27"
35034;"RR_casos";;"casos";"0";"2023-12-27"
35041;"RR_casos";;"casos";"0";"2023-12-27"
35051;"RR_casos";;"casos";"0";"2023-12-27"
35052;"RR_casos";;"casos";"0";"2023-12-27"
35061;"RR_casos";;"casos";"0";"2023-12-27"
35062;"RR_casos";;"casos";"0";"2023-12-27"
35063;"RR_casos";3.3371562803;"casos";">3";"2023-12-27"
35064;"RR_casos";;"casos";"0";"2023-12-27"
35065;"RR_casos";;"casos";"0";"2023-12-27"
35071;"RR_casos";;"casos";"0";"2023-12-27"
35072;"RR_casos";;"casos";"0";"2023-12-27"
35073;"RR_casos";;"casos";"0";"2023-12-27"
35074;"RR_casos";;"casos";"0";"2023-12-27"
35081;"RR_casos";;"casos";"0";"2023-12-27"
35082;"RR_casos";;"casos";"0";"2023-12-27"
35083;"RR_casos";;"casos";"0";"2023-12-27"
35091;"RR_casos";;"casos";"0";"2023-12-27"
35092;"RR_casos";;"casos";"0";"2023-12-27"
35093;"RR_casos";;"casos";"0";"2023-12-27"
35094;"RR_casos";;"casos";"0";"2023-12-27"
35095;"RR_casos";;"casos";"0";"2023-12-27"
35101;"RR_casos";;"casos";"0";"2023-12-27"
35102;"RR_casos";;"casos";"0";"2023-12-27"
35103;"RR_casos";;"casos";"0";"2023-12-27"
35104;"RR_casos";;"casos";"0";"2023-12-27"
35111;"RR_casos";;"casos";"0";"2023-12-27"
35112;"RR_casos";;"casos";"0";"2023-12-27"
35113;"RR_casos";;"casos";"0";"2023-12-27"
35114;"RR_casos";;"casos";"0";"2023-12-27"
35115;"RR_casos";;"casos";"0";"2023-12-27"
35121;"RR_casos";;"casos";"0";"2023-12-27"
35131;"RR_casos";;"casos";"0";"2023-12-27"
35132;"RR_casos";;"casos";"0";"2023-12-27"
35133;"RR_casos";;"casos";"0";"2023-12-27"
35141;"RR_casos";;"casos";"0";"2023-12-27"
35142;"RR_casos";;"casos";"0";"2023-12-27"
35143;"RR_casos";;"casos";"0";"2023-12-27"
35151;"RR_casos";;"casos";"0";"2023-12-27"
35152;"RR_casos";;"casos";"0";"2023-12-27"
35153;"RR_casos";;"casos";"0";"2023-12-27"
35154;"RR_casos";;"casos";"0";"2023-12-27"
35155;"RR_casos";2.3687711258;"casos";"2.0-3.0";"2023-12-27"
35156;"RR_casos";2.3687711258;"casos";"2.0-3.0";"2023-12-27"
35157;"RR_casos";;"casos";"0";"2023-12-27"
35161;"RR_casos";;"casos";"0";"2023-12-27"
35162;"RR_casos";;"casos";"0";"2023-12-27"
35163;"RR_casos";;"casos";"0";"2023-12-27"
35171;"RR_casos";;"casos";"0";"2023-12-27"
35172;"RR_casos";;"casos";"0";"2023-12-27"
35173;"RR_casos";2.938264901;"casos";"2.0-3.0";"2023-12-27"
35174;"RR_casos";2.938264901;"casos";"2.0-3.0";"2023-12-27"
35011;"RR_Mdn";;"Mdn";"0";"2023-12-27"
35012;"RR_Mdn";;"Mdn";"0";"2023-12-27"
35013;"RR_Mdn";;"Mdn";"0";"2023-12-27"
35014;"RR_Mdn";;"Mdn";"0";"2023-12-27"
35015;"RR_Mdn";;"Mdn";"0";"2023-12-27"
35016;"RR_Mdn";;"Mdn";"0";"2023-12-27"
35021;"RR_Mdn";;"Mdn";"0";"2023-12-27"
35022;"RR_Mdn";;"Mdn";"0";"2023-12-27"
35023;"RR_Mdn";;"Mdn";"0";"2023-12-27"
35031;"RR_Mdn";;"Mdn";"0";"2023-12-27"
35032;"RR_Mdn";;"Mdn";"0";"2023-12-27"
35033;"RR_Mdn";;"Mdn";"0";"2023-12-27"
35034;"RR_Mdn";;"Mdn";"0";"2023-12-27"
35041;"RR_Mdn";;"Mdn";"0";"2023-12-27"
35051;"RR_Mdn";;"Mdn";"0";"2023-12-27"
35052;"RR_Mdn";;"Mdn";"0";"2023-12-27"
35061;"RR_Mdn";;"Mdn";"0";"2023-12-27"
35062;"RR_Mdn";;"Mdn";"0";"2023-12-27"
35063;"RR_Mdn";;"Mdn";"0";"2023-12-27"
35064;"RR_Mdn";;"Mdn";"0";"2023-12-27"
35065;"RR_Mdn";;"Mdn";"0";"2023-12-27"
35071;"RR_Mdn";;"Mdn";"0";"2023-12-27"
35072;"RR_Mdn";;"Mdn";"0";"2023-12-27"
35073;"RR_Mdn";;"Mdn";"0";"2023-12-27"
35074;"RR_Mdn";;"Mdn";"0";"2023-12-27"
35081;"RR_Mdn";;"Mdn";"0";"2023-12-27"
35082;"RR_Mdn";;"Mdn";"0";"2023-12-27"
35083;"RR_Mdn";;"Mdn";"0";"2023-12-27"
35091;"RR_Mdn";;"Mdn";"0";"2023-12-27"
35092;"RR_Mdn";;"Mdn";"0";"2023-12-27"
35093;"RR_Mdn";;"Mdn";"0";"2023-12-27"
35094;"RR_Mdn";;"Mdn";"0";"2023-12-27"
35095;"RR_Mdn";;"Mdn";"0";"2023-12-27"
35101;"RR_Mdn";;"Mdn";"0";"2023-12-27"
35102;"RR_Mdn";;"Mdn";"0";"2023-12-27"
35103;"RR_Mdn";;"Mdn";"0";"2023-12-27"
35104;"RR_Mdn";;"Mdn";"0";"2023-12-27"
35111;"RR_Mdn";;"Mdn";"0";"2023-12-27"
35112;"RR_Mdn";;"Mdn";"0";"2023-12-27"
35113;"RR_Mdn";;"Mdn";"0";"2023-12-27"
35114;"RR_Mdn";;"Mdn";"0";"2023-12-27"
35115;"RR_Mdn";;"Mdn";"0";"2023-12-27"
35121;"RR_Mdn";;"Mdn";"0";"2023-12-27"
35131;"RR_Mdn";;"Mdn";"0";"2023-12-27"
35132;"RR_Mdn";;"Mdn";"0";"2023-12-27"
35133;"RR_Mdn";;"Mdn";"0";"2023-12-27"
35141;"RR_Mdn";;"Mdn";"0";"2023-12-27"
35142;"RR_Mdn";;"Mdn";"0";"2023-12-27"
35143;"RR_Mdn";;"Mdn";"0";"2023-12-27"
35151;"RR_Mdn";;"Mdn";"0";"2023-12-27"
35152;"RR_Mdn";;"Mdn";"0";"2023-12-27"
35153;"RR_Mdn";;"Mdn";"0";"2023-12-27"
35154;"RR_Mdn";;"Mdn";"0";"2023-12-27"
35155;"RR_Mdn";;"Mdn";"0";"2023-12-27"
35156;"RR_Mdn";;"Mdn";"0";"2023-12-27"
35157;"RR_Mdn";;"Mdn";"0";"2023-12-27"
35161;"RR_Mdn";;"Mdn";"0";"2023-12-27"
35162;"RR_Mdn";;"Mdn";"0";"2023-12-27"
35163;"RR_Mdn";;"Mdn";"0";"2023-12-27"
35171;"RR_Mdn";;"Mdn";"0";"2023-12-27"
35172;"RR_Mdn";;"Mdn";"0";"2023-12-27"
35173;"RR_Mdn";;"Mdn";"0";"2023-12-27"
35174;"RR_Mdn";;"Mdn";"0";"2023-12-27"
35011;"RR_Mdn_mv";;"Mdn_mv";"0";"2023-12-27"
35012;"RR_Mdn_mv";;"Mdn_mv";"0";"2023-12-27"
35013;"RR_Mdn_mv";;"Mdn_mv";"0";"2023-12-27"
35014;"RR_Mdn_mv";;"Mdn_mv";"0";"2023-12-27"
35015;"RR_Mdn_mv";;"Mdn_mv";"0";"2023-12-27"
35016;"RR_Mdn_mv";;"Mdn_mv";"0";"2023-12-27"
35021;"RR_Mdn_mv";;"Mdn_mv";"0";"2023-12-27"
35022;"RR_Mdn_mv";;"Mdn_mv";"0";"2023-12-27"
35023;"RR_Mdn_mv";;"Mdn_mv";"0";"2023-12-27"
35031;"RR_Mdn_mv";;"Mdn_mv";"0";"2023-12-27"
35032;"RR_Mdn_mv";;"Mdn_mv";"0";"2023-12-27"
35033;"RR_Mdn_mv";;"Mdn_mv";"0";"2023-12-27"
35034;"RR_Mdn_mv";;"Mdn_mv";"0";"2023-12-27"
35041;"RR_Mdn_mv";;"Mdn_mv";"0";"2023-12-27"
35051;"RR_Mdn_mv";;"Mdn_mv";"0";"2023-12-27"
35052;"RR_Mdn_mv";;"Mdn_mv";"0";"2023-12-27"
35061;"RR_Mdn_mv";;"Mdn_mv";"0";"2023-12-27"
35062;"RR_Mdn_mv";;"Mdn_mv";"0";"2023-12-27"
35063;"RR_Mdn_mv";2.9468531776;"Mdn_mv";"2.0-3.0";"2023-12-27"
35064;"RR_Mdn_mv";;"Mdn_mv";"0";"2023-12-27"
35065;"RR_Mdn_mv";;"Mdn_mv";"0";"2023-12-27"
35071;"RR_Mdn_mv";;"Mdn_mv";"0";"2023-12-27"
35072;"RR_Mdn_mv";;"Mdn_mv";"0";"2023-12-27"
35073;"RR_Mdn_mv";;"Mdn_mv";"0";"2023-12-27"
35074;"RR_Mdn_mv";;"Mdn_mv";"0";"2023-12-27"
35081;"RR_Mdn_mv";;"Mdn_mv";"0";"2023-12-27"
35082;"RR_Mdn_mv";;"Mdn_mv";"0";"2023-12-27"
35083;"RR_Mdn_mv";;"Mdn_mv";"0";"2023-12-27"
35091;"RR_Mdn_mv";;"Mdn_mv";"0";"2023-12-27"
35092;"RR_Mdn_mv";;"Mdn_mv";"0";"2023-12-27"
35093;"RR_Mdn_mv";;"Mdn_mv";"0";"2023-12-27"
35094;"RR_Mdn_mv";;"Mdn_mv";"0";"2023-12-27"
35095;"RR_Mdn_mv";;"Mdn_mv";"0";"2023-12-27"
35101;"RR_Mdn_mv";;"Mdn_mv";"0";"2023-12-27"
35102;"RR_Mdn_mv";;"Mdn_mv";"0";"2023-12-27"
35103;"RR_Mdn_mv";;"Mdn_mv";"0";"2023-12-27"
35104;"RR_Mdn_mv";;"Mdn_mv";"0";"2023-12-27"
35111;"RR_Mdn_mv";;"Mdn_mv";"0";"2023-12-27"
35112;"RR_Mdn_mv";;"Mdn_mv";"0";"2023-12-27"
35113;"RR_Mdn_mv";;"Mdn_mv";"0";"2023-12-27"
35114;"RR_Mdn_mv";;"Mdn_mv";"0";"2023-12-27"
35115;"RR_Mdn_mv";;"Mdn_mv";"0";"2023-12-27"
35121;"RR_Mdn_mv";;"Mdn_mv";"0";"2023-12-27"
35131;"RR_Mdn_mv";;"Mdn_mv";"0";"2023-12-27"
35132;"RR_Mdn_mv";;"Mdn_mv";"0";"2023-12-27"
35133;"RR_Mdn_mv";;"Mdn_mv";"0";"2023-12-27"
35141;"RR_Mdn_mv";;"Mdn_mv";"0";"2023-12-27"
35142;"RR_Mdn_mv";;"Mdn_mv";"0";"2023-12-27"
35143;"RR_Mdn_mv";;"Mdn_mv";"0";"2023-12-27"
35151;"RR_Mdn_mv";;"Mdn_mv";"0";"2023-12-27"
35152;"RR_Mdn_mv";;"Mdn_mv";"0";"2023-12-27"
35153;"RR_Mdn_mv";;"Mdn_mv";"0";"2023-12-27"
35154;"RR_Mdn_mv";;"Mdn_mv";"0";"2023-12-27"
35155;"RR_Mdn_mv";;"Mdn_mv";"0";"2023-12-27"
35156;"RR_Mdn_mv";;"Mdn_mv";"0";"2023-12-27"
35157;"RR_Mdn_mv";;"Mdn_mv";"0";"2023-12-27"
35161;"RR_Mdn_mv";;"Mdn_mv";"0";"2023-12-27"
35162;"RR_Mdn_mv";;"Mdn_mv";"0";"2023-12-27"
35163;"RR_Mdn_mv";;"Mdn_mv";"0";"2023-12-27"
35171;"RR_Mdn_mv";;"Mdn_mv";"0";"2023-12-27"
35172;"RR_Mdn_mv";;"Mdn_mv";"0";"2023-12-27"
35173;"RR_Mdn_mv";;"Mdn_mv";"0";"2023-12-27"
35174;"RR_Mdn_mv";;"Mdn_mv";"0";"2023-12-27"
35011;"RR_obs";;"obs";"0";"2023-12-27"
35012;"RR_obs";;"obs";"0";"2023-12-27"
35013;"RR_obs";;"obs";"0";"2023-12-27"
35014;"RR_obs";;"obs";"0";"2023-12-27"
35015;"RR_obs";;"obs";"0";"2023-12-27"
35016;"RR_obs";;"obs";"0";"2023-12-27"
35021;"RR_obs";;"obs";"0";"2023-12-27"
35022;"RR_obs";;"obs";"0";"2023-12-27"
35023;"RR_obs";;"obs";"0";"2023-12-27"
35031;"RR_obs";;"obs";"0";"2023-12-27"
35032;"RR_obs";;"obs";"0";"2023-12-27"
35033;"RR_obs";;"obs";"0";"2023-12-27"
35034;"RR_obs";;"obs";"0";"2023-12-27"
35041;"RR_obs";;"obs";"0";"2023-12-27"
35051;"RR_obs";;"obs";"0";"2023-12-27"
35052;"RR_obs";;"obs";"0";"2023-12-27"
35061;"RR_obs";;"obs";"0";"2023-12-27"
35062;"RR_obs";;"obs";"0";"2023-12-27"
35063;"RR_obs";;"obs";"0";"2023-12-27"
35064;"RR_obs";;"obs";"0";"2023-12-27"
35065;"RR_obs";;"obs";"0";"2023-12-27"
35071;"RR_obs";;"obs";"0";"2023-12-27"
35072;"RR_obs";;"obs";"0";"2023-12-27"
35073;"RR_obs";;"obs";"0";"2023-12-27"
35074;"RR_obs";;"obs";"0";"2023-12-27"
35081;"RR_obs";;"obs";"0";"2023-12-27"
35082;"RR_obs";;"obs";"0";"2023-12-27"
35083;"RR_obs";;"obs";"0";"2023-12-27"
35091;"RR_obs";;"obs";"0";"2023-12-27"
35092;"RR_obs";;"obs";"0";"2023-12-27"
35093;"RR_obs";;"obs";"0";"2023-12-27"
35094;"RR_obs";;"obs";"0";"2023-12-27"
35095;"RR_obs";;"obs";"0";"2023-12-27"
35101;"RR_obs";;"obs";"0";"2023-12-27"
35102;"RR_obs";;"obs";"0";"2023-12-27"
35103;"RR_obs";;"obs";"0";"2023-12-27"
35104;"RR_obs";;"obs";"0";"2023-12-27"
35111;"RR_obs";;"obs";"0";"2023-12-27"
35112;"RR_obs";;"obs";"0";"2023-12-27"
35113;"RR_obs";;"obs";"0";"2023-12-27"
35114;"RR_obs";;"obs";"0";"2023-12-27"
35115;"RR_obs";;"obs";"0";"2023-12-27"
35121;"RR_obs";;"obs";"0";"2023-12-27"
35131;"RR_obs";;"obs";"0";"2023-12-27"
35132;"RR_obs";;"obs";"0";"2023-12-27"
35133;"RR_obs";;"obs";"0";"2023-12-27"
35141;"RR_obs";;"obs";"0";"2023-12-27"
35142;"RR_obs";;"obs";"0";"2023-12-27"
35143;"RR_obs";;"obs";"0";"2023-12-27"
35151;"RR_obs";;"obs";"0";"2023-12-27"
35152;"RR_obs";;"obs";"0";"2023-12-27"
35153;"RR_obs";;"obs";"0";"2023-12-27"
35154;"RR_obs";;"obs";"0";"2023-12-27"
35155;"RR_obs";;"obs";"0";"2023-12-27"
35156;"RR_obs";;"obs";"0";"2023-12-27"
35157;"RR_obs";;"obs";"0";"2023-12-27"
35161;"RR_obs";;"obs";"0";"2023-12-27"
35162;"RR_obs";;"obs";"0";"2023-12-27"
35163;"RR_obs";;"obs";"0";"2023-12-27"
35171;"RR_obs";;"obs";"0";"2023-12-27"
35172;"RR_obs";;"obs";"0";"2023-12-27"
35173;"RR_obs";;"obs";"0";"2023-12-27"
35174;"RR_obs";;"obs";"0";"2023-12-27"
35011;"RR_casos";;"casos";"0";"2023-12-20"
35012;"RR_casos";;"casos";"0";"2023-12-20"
35013;"RR_casos";;"casos";"0";"2023-12-20"
35014;"RR_casos";;"casos";"0";"2023-12-20"
35015;"RR_casos";1.3523437782;"casos";"1.1-2.0";"2023-12-20"
35016;"RR_casos";;"casos";"0";"2023-12-20"
35021;"RR_casos";;"casos";"0";"2023-12-20"
35022;"RR_casos";;"casos";"0";"2023-12-20"
35023;"RR_casos";;"casos";"0";"2023-12-20"
35031;"RR_casos";;"casos";"0";"2023-12-20"
35032;"RR_casos";;"casos";"0";"2023-12-20"
35033;"RR_casos";;"casos";"0";"2023-12-20"
35034;"RR_casos";;"casos";"0";"2023-12-20"
35041;"RR_casos";1.3523437782;"casos";"1.1-2.0";"2023-12-20"
35051;"RR_casos";;"casos";"0";"2023-12-20"
35052;"RR_casos";;"casos";"0";"2023-12-20"
35061;"RR_casos";;"casos";"0";"2023-12-20"
35062;"RR_casos";;"casos";"0";"2023-12-20"
35063;"RR_casos";2.4644487359;"casos";"2.0-3.0";"2023-12-20"
35064;"RR_casos";;"casos";"0";"2023-12-20"
35065;"RR_casos";;"casos";"0";"2023-12-20"
35071;"RR_casos";;"casos";"0";"2023-12-20"
35072;"RR_casos";;"casos";"0";"2023-12-20"
35073;"RR_casos";;"casos";"0";"2023-12-20"
35074;"RR_casos";;"casos";"0";"2023-12-20"
35081;"RR_casos";;"casos";"0";"2023-12-20"
35082;"RR_casos";;"casos";"0";"2023-12-20"
35083;"RR_casos";;"casos";"0";"2023-12-20"
35091;"RR_casos";;"casos";"0";"2023-12-20"
35092;"RR_casos";;"casos";"0";"2023-12-20"
35093;"RR_casos";2.6358598075;"casos";"2.0-3.0";"2023-12-20"
35094;"RR_casos";;"casos";"0";"2023-12-20"
35095;"RR_casos";;"casos";"0";"2023-12-20"
35101;"RR_casos";;"casos";"0";"2023-12-20"
35102;"RR_casos";;"casos";"0";"2023-12-20"
35103;"RR_casos";;"casos";"0";"2023-12-20"
35104;"RR_casos";;"casos";"0";"2023-12-20"
35111;"RR_casos";;"casos";"0";"2023-12-20"
35112;"RR_casos";;"casos";"0";"2023-12-20"
35113;"RR_casos";;"casos";"0";"2023-12-20"
35114;"RR_casos";;"casos";"0";"2023-12-20"
35115;"RR_casos";;"casos";"0";"2023-12-20"
35121;"RR_casos";;"casos";"0";"2023-12-20"
35131;"RR_casos";;"casos";"0";"2023-12-20"
35132;"RR_casos";;"casos";"0";"2023-12-20"
35133;"RR_casos";;"casos";"0";"2023-12-20"
35141;"RR_casos";;"casos";"0";"2023-12-20"
35142;"RR_casos";;"casos";"0";"2023-12-20"
35143;"RR_casos";;"casos";"0";"2023-12-20"
35151;"RR_casos";;"casos";"0";"2023-12-20"
35152;"RR_casos";;"casos";"0";"2023-12-20"
35153;"RR_casos";;"casos";"0";"2023-12-20"
35154;"RR_casos";1.9363792363;"casos";"1.1-2.0";"2023-12-20"
35155;"RR_casos";1.9363792363;"casos";"1.1-2.0";"2023-12-20"
35156;"RR_casos";1.9363792363;"casos";"1.1-2.0";"2023-12-20"
35157;"RR_casos";1.9363792363;"casos";"1.1-2.0";"2023-12-20"
35161;"RR_casos";;"casos";"0";"2023-12-20"
35162;"RR_casos";;"casos";"0";"2023-12-20"
35163;"RR_casos";;"casos";"0";"2023-12-20"
35171;"RR_casos";;"casos";"0";"2023-12-20"
35172;"RR_casos";;"casos";"0";"2023-12-20"
35173;"RR_casos";3.1052630185;"casos";">3";"2023-12-20"
35174;"RR_casos";;"casos";"0";"2023-12-20"
35011;"RR_Mdn";;"Mdn";"0";"2023-12-20"
35012;"RR_Mdn";;"Mdn";"0";"2023-12-20"
35013;"RR_Mdn";;"Mdn";"0";"2023-12-20"
35014;"RR_Mdn";;"Mdn";"0";"2023-12-20"
35015;"RR_Mdn";;"Mdn";"0";"2023-12-20"
35016;"RR_Mdn";;"Mdn";"0";"2023-12-20"
35021;"RR_Mdn";;"Mdn";"0";"2023-12-20"
35022;"RR_Mdn";;"Mdn";"0";"2023-12-20"
35023;"RR_Mdn";;"Mdn";"0";"2023-12-20"
35031;"RR_Mdn";;"Mdn";"0";"2023-12-20"
35032;"RR_Mdn";;"Mdn";"0";"2023-12-20"
35033;"RR_Mdn";;"Mdn";"0";"2023-12-20"
35034;"RR_Mdn";;"Mdn";"0";"2023-12-20"
35041;"RR_Mdn";;"Mdn";"0";"2023-12-20"
35051;"RR_Mdn";;"Mdn";"0";"2023-12-20"
35052;"RR_Mdn";;"Mdn";"0";"2023-12-20"
35061;"RR_Mdn";;"Mdn";"0";"2023-12-20"
35062;"RR_Mdn";;"Mdn";"0";"2023-12-20"
35063;"RR_Mdn";;"Mdn";"0";"2023-12-20"
35064;"RR_Mdn";;"Mdn";"0";"2023-12-20"
35065;"RR_Mdn";;"Mdn";"0";"2023-12-20"
35071;"RR_Mdn";;"Mdn";"0";"2023-12-20"
35072;"RR_Mdn";;"Mdn";"0";"2023-12-20"
35073;"RR_Mdn";;"Mdn";"0";"2023-12-20"
35074;"RR_Mdn";;"Mdn";"0";"2023-12-20"
35081;"RR_Mdn";;"Mdn";"0";"2023-12-20"
35082;"RR_Mdn";;"Mdn";"0";"2023-12-20"
35083;"RR_Mdn";;"Mdn";"0";"2023-12-20"
35091;"RR_Mdn";;"Mdn";"0";"2023-12-20"
35092;"RR_Mdn";;"Mdn";"0";"2023-12-20"
35093;"RR_Mdn";2.7088307493;"Mdn";"2.0-3.0";"2023-12-20"
35094;"RR_Mdn";;"Mdn";"0";"2023-12-20"
35095;"RR_Mdn";;"Mdn";"0";"2023-12-20"
35101;"RR_Mdn";;"Mdn";"0";"2023-12-20"
35102;"RR_Mdn";;"Mdn";"0";"2023-12-20"
35103;"RR_Mdn";;"Mdn";"0";"2023-12-20"
35104;"RR_Mdn";;"Mdn";"0";"2023-12-20"
35111;"RR_Mdn";;"Mdn";"0";"2023-12-20"
35112;"RR_Mdn";;"Mdn";"0";"2023-12-20"
35113;"RR_Mdn";;"Mdn";"0";"2023-12-20"
35114;"RR_Mdn";;"Mdn";"0";"2023-12-20"
35115;"RR_Mdn";;"Mdn";"0";"2023-12-20"
35121;"RR_Mdn";;"Mdn";"0";"2023-12-20"
35131;"RR_Mdn";;"Mdn";"0";"2023-12-20"
35132;"RR_Mdn";;"Mdn";"0";"2023-12-20"
35133;"RR_Mdn";;"Mdn";"0";"2023-12-20"
35141;"RR_Mdn";;"Mdn";"0";"2023-12-20"
35142;"RR_Mdn";;"Mdn";"0";"2023-12-20"
35143;"RR_Mdn";;"Mdn";"0";"2023-12-20"
35151;"RR_Mdn";;"Mdn";"0";"2023-12-20"
35152;"RR_Mdn";;"Mdn";"0";"2023-12-20"
35153;"RR_Mdn";;"Mdn";"0";"2023-12-20"
35154;"RR_Mdn";;"Mdn";"0";"2023-12-20"
35155;"RR_Mdn";;"Mdn";"0";"2023-12-20"
35156;"RR_Mdn";;"Mdn";"0";"2023-12-20"
35157;"RR_Mdn";;"Mdn";"0";"2023-12-20"
35161;"RR_Mdn";;"Mdn";"0";"2023-12-20"
35162;"RR_Mdn";;"Mdn";"0";"2023-12-20"
35163;"RR_Mdn";;"Mdn";"0";"2023-12-20"
35171;"RR_Mdn";;"Mdn";"0";"2023-12-20"
35172;"RR_Mdn";;"Mdn";"0";"2023-12-20"
35173;"RR_Mdn";;"Mdn";"0";"2023-12-20"
35174;"RR_Mdn";;"Mdn";"0";"2023-12-20"
35011;"RR_Mdn_mv";;"Mdn_mv";"0";"2023-12-20"
35012;"RR_Mdn_mv";;"Mdn_mv";"0";"2023-12-20"
35013;"RR_Mdn_mv";;"Mdn_mv";"0";"2023-12-20"
35014;"RR_Mdn_mv";;"Mdn_mv";"0";"2023-12-20"
35015;"RR_Mdn_mv";;"Mdn_mv";"0";"2023-12-20"
35016;"RR_Mdn_mv";;"Mdn_mv";"0";"2023-12-20"
35021;"RR_Mdn_mv";;"Mdn_mv";"0";"2023-12-20"
35022;"RR_Mdn_mv";;"Mdn_mv";"0";"2023-12-20"
35023;"RR_Mdn_mv";;"Mdn_mv";"0";"2023-12-20"
35031;"RR_Mdn_mv";;"Mdn_mv";"0";"2023-12-20"
35032;"RR_Mdn_mv";;"Mdn_mv";"0";"2023-12-20"
35033;"RR_Mdn_mv";;"Mdn_mv";"0";"2023-12-20"
35034;"RR_Mdn_mv";;"Mdn_mv";"0";"2023-12-20"
35041;"RR_Mdn_mv";;"Mdn_mv";"0";"2023-12-20"
35051;"RR_Mdn_mv";;"Mdn_mv";"0";"2023-12-20"
35052;"RR_Mdn_mv";;"Mdn_mv";"0";"2023-12-20"
35061;"RR_Mdn_mv";;"Mdn_mv";"0";"2023-12-20"
35062;"RR_Mdn_mv";;"Mdn_mv";"0";"2023-12-20"
35063;"RR_Mdn_mv";2.8160389359;"Mdn_mv";"2.0-3.0";"2023-12-20"
35064;"RR_Mdn_mv";;"Mdn_mv";"0";"2023-12-20"
35065;"RR_Mdn_mv";;"Mdn_mv";"0";"2023-12-20"
35071;"RR_Mdn_mv";;"Mdn_mv";"0";"2023-12-20"
35072;"RR_Mdn_mv";;"Mdn_mv";"0";"2023-12-20"
35073;"RR_Mdn_mv";;"Mdn_mv";"0";"2023-12-20"
35074;"RR_Mdn_mv";;"Mdn_mv";"0";"2023-12-20"
35081;"RR_Mdn_mv";;"Mdn_mv";"0";"2023-12-20"
35082;"RR_Mdn_mv";;"Mdn_mv";"0";"2023-12-20"
35083;"RR_Mdn_mv";;"Mdn_mv";"0";"2023-12-20"
35091;"RR_Mdn_mv";;"Mdn_mv";"0";"2023-12-20"
35092;"RR_Mdn_mv";;"Mdn_mv";"0";"2023-12-20"
35093;"RR_Mdn_mv";2.8328482665;"Mdn_mv";"2.0-3.0";"2023-12-20"
35094;"RR_Mdn_mv";;"Mdn_mv";"0";"2023-12-20"
35095;"RR_Mdn_mv";;"Mdn_mv";"0";"2023-12-20"
35101;"RR_Mdn_mv";;"Mdn_mv";"0";"2023-12-20"
35102;"RR_Mdn_mv";;"Mdn_mv";"0";"2023-12-20"
35103;"RR_Mdn_mv";;"Mdn_mv";"0";"2023-12-20"
35104;"RR_Mdn_mv";;"Mdn_mv";"0";"2023-12-20"
35111;"RR_Mdn_mv";;"Mdn_mv";"0";"2023-12-20"
35112;"RR_Mdn_mv";;"Mdn_mv";"0";"2023-12-20"
35113;"RR_Mdn_mv";;"Mdn_mv";"0";"2023-12-20"
35114;"RR_Mdn_mv";;"Mdn_mv";"0";"2023-12-20"
35115;"RR_Mdn_mv";;"Mdn_mv";"0";"2023-12-20"
35121;"RR_Mdn_mv";;"Mdn_mv";"0";"2023-12-20"
35131;"RR_Mdn_mv";;"Mdn_mv";"0";"2023-12-20"
35132;"RR_Mdn_mv";;"Mdn_mv";"0";"2023-12-20"
35133;"RR_Mdn_mv";;"Mdn_mv";"0";"2023-12-20"
35141;"RR_Mdn_mv";;"Mdn_mv";"0";"2023-12-20"
35142;"RR_Mdn_mv";;"Mdn_mv";"0";"2023-12-20"
35143;"RR_Mdn_mv";;"Mdn_mv";"0";"2023-12-20"
35151;"RR_Mdn_mv";;"Mdn_mv";"0";"2023-12-20"
35152;"RR_Mdn_mv";;"Mdn_mv";"0";"2023-12-20"
35153;"RR_Mdn_mv";;"Mdn_mv";"0";"2023-12-20"
35154;"RR_Mdn_mv";1.8099700293;"Mdn_mv";"1.1-2.0";"2023-12-20"
35155;"RR_Mdn_mv";1.8099700293;"Mdn_mv";"1.1-2.0";"2023-12-20"
35156;"RR_Mdn_mv";1.8099700293;"Mdn_mv";"1.1-2.0";"2023-12-20"
35157;"RR_Mdn_mv";1.8099700293;"Mdn_mv";"1.1-2.0";"2023-12-20"
35161;"RR_Mdn_mv";;"Mdn_mv";"0";"2023-12-20"
35162;"RR_Mdn_mv";;"Mdn_mv";"0";"2023-12-20"
35163;"RR_Mdn_mv";;"Mdn_mv";"0";"2023-12-20"
35171;"RR_Mdn_mv";;"Mdn_mv";"0";"2023-12-20"
35172;"RR_Mdn_mv";;"Mdn_mv";"0";"2023-12-20"
35173;"RR_Mdn_mv";;"Mdn_mv";"0";"2023-12-20"
35174;"RR_Mdn_mv";;"Mdn_mv";"0";"2023-12-20"
35011;"RR_obs";;"obs";"0";"2023-12-20"
35012;"RR_obs";;"obs";"0";"2023-12-20"
35013;"RR_obs";;"obs";"0";"2023-12-20"
35014;"RR_obs";;"obs";"0";"2023-12-20"
35015;"RR_obs";;"obs";"0";"2023-12-20"
35016;"RR_obs";;"obs";"0";"2023-12-20"
35021;"RR_obs";;"obs";"0";"2023-12-20"
35022;"RR_obs";;"obs";"0";"2023-12-20"
35023;"RR_obs";;"obs";"0";"2023-12-20"
35031;"RR_obs";;"obs";"0";"2023-12-20"
35032;"RR_obs";;"obs";"0";"2023-12-20"
35033;"RR_obs";;"obs";"0";"2023-12-20"
35034;"RR_obs";;"obs";"0";"2023-12-20"
35041;"RR_obs";;"obs";"0";"2023-12-20"
35051;"RR_obs";;"obs";"0";"2023-12-20"
35052;"RR_obs";;"obs";"0";"2023-12-20"
35061;"RR_obs";;"obs";"0";"2023-12-20"
35062;"RR_obs";;"obs";"0";"2023-12-20"
35063;"RR_obs";;"obs";"0";"2023-12-20"
35064;"RR_obs";;"obs";"0";"2023-12-20"
35065;"RR_obs";;"obs";"0";"2023-12-20"
35071;"RR_obs";;"obs";"0";"2023-12-20"
35072;"RR_obs";;"obs";"0";"2023-12-20"
35073;"RR_obs";;"obs";"0";"2023-12-20"
35074;"RR_obs";;"obs";"0";"2023-12-20"
35081;"RR_obs";;"obs";"0";"2023-12-20"
35082;"RR_obs";;"obs";"0";"2023-12-20"
35083;"RR_obs";;"obs";"0";"2023-12-20"
35091;"RR_obs";;"obs";"0";"2023-12-20"
35092;"RR_obs";;"obs";"0";"2023-12-20"
35093;"RR_obs";;"obs";"0";"2023-12-20"
35094;"RR_obs";;"obs";"0";"2023-12-20"
35095;"RR_obs";;"obs";"0";"2023-12-20"
35101;"RR_obs";;"obs";"0";"2023-12-20"
35102;"RR_obs";;"obs";"0";"2023-12-20"
35103;"RR_obs";;"obs";"0";"2023-12-20"
35104;"RR_obs";;"obs";"0";"2023-12-20"
35111;"RR_obs";;"obs";"0";"2023-12-20"
35112;"RR_obs";;"obs";"0";"2023-12-20"
35113;"RR_obs";;"obs";"0";"2023-12-20"
35114;"RR_obs";;"obs";"0";"2023-12-20"
35115;"RR_obs";;"obs";"0";"2023-12-20"
35121;"RR_obs";;"obs";"0";"2023-12-20"
35131;"RR_obs";;"obs";"0";"2023-12-20"
35132;"RR_obs";;"obs";"0";"2023-12-20"
35133;"RR_obs";;"obs";"0";"2023-12-20"
35141;"RR_obs";;"obs";"0";"2023-12-20"
35142;"RR_obs";;"obs";"0";"2023-12-20"
35143;"RR_obs";;"obs";"0";"2023-12-20"
35151;"RR_obs";;"obs";"0";"2023-12-20"
35152;"RR_obs";;"obs";"0";"2023-12-20"
35153;"RR_obs";;"obs";"0";"2023-12-20"
35154;"RR_obs";;"obs";"0";"2023-12-20"
35155;"RR_obs";;"obs";"0";"2023-12-20"
35156;"RR_obs";;"obs";"0";"2023-12-20"
35157;"RR_obs";;"obs";"0";"2023-12-20"
35161;"RR_obs";;"obs";"0";"2023-12-20"
35162;"RR_obs";;"obs";"0";"2023-12-20"
35163;"RR_obs";;"obs";"0";"2023-12-20"
35171;"RR_obs";;"obs";"0";"2023-12-20"
35172;"RR_obs";;"obs";"0";"2023-12-20"
35173;"RR_obs";;"obs";"0";"2023-12-20"
35174;"RR_obs";;"obs";"0";"2023-12-20"
35011;"RR_casos";;"casos";"0";"2023-12-13"
35012;"RR_casos";;"casos";"0";"2023-12-13"
35013;"RR_casos";;"casos";"0";"2023-12-13"
35014;"RR_casos";;"casos";"0";"2023-12-13"
35015;"RR_casos";;"casos";"0";"2023-12-13"
35016;"RR_casos";;"casos";"0";"2023-12-13"
35021;"RR_casos";;"casos";"0";"2023-12-13"
35022;"RR_casos";;"casos";"0";"2023-12-13"
35023;"RR_casos";;"casos";"0";"2023-12-13"
35031;"RR_casos";;"casos";"0";"2023-12-13"
35032;"RR_casos";;"casos";"0";"2023-12-13"
35033;"RR_casos";;"casos";"0";"2023-12-13"
35034;"RR_casos";;"casos";"0";"2023-12-13"
35041;"RR_casos";;"casos";"0";"2023-12-13"
35051;"RR_casos";;"casos";"0";"2023-12-13"
35052;"RR_casos";;"casos";"0";"2023-12-13"
35061;"RR_casos";;"casos";"0";"2023-12-13"
35062;"RR_casos";;"casos";"0";"2023-12-13"
35063;"RR_casos";2.7534950878;"casos";"2.0-3.0";"2023-12-13"
35064;"RR_casos";;"casos";"0";"2023-12-13"
35065;"RR_casos";;"casos";"0";"2023-12-13"
35071;"RR_casos";;"casos";"0";"2023-12-13"
35072;"RR_casos";;"casos";"0";"2023-12-13"
35073;"RR_casos";;"casos";"0";"2023-12-13"
35074;"RR_casos";;"casos";"0";"2023-12-13"
35081;"RR_casos";;"casos";"0";"2023-12-13"
35082;"RR_casos";;"casos";"0";"2023-12-13"
35083;"RR_casos";;"casos";"0";"2023-12-13"
35091;"RR_casos";;"casos";"0";"2023-12-13"
35092;"RR_casos";;"casos";"0";"2023-12-13"
35093;"RR_casos";3.3941307101;"casos";">3";"2023-12-13"
35094;"RR_casos";;"casos";"0";"2023-12-13"
35095;"RR_casos";;"casos";"0";"2023-12-13"
35101;"RR_casos";;"casos";"0";"2023-12-13"
35102;"RR_casos";;"casos";"0";"2023-12-13"
35103;"RR_casos";;"casos";"0";"2023-12-13"
35104;"RR_casos";;"casos";"0";"2023-12-13"
35111;"RR_casos";;"casos";"0";"2023-12-13"
35112;"RR_casos";;"casos";"0";"2023-12-13"
35113;"RR_casos";;"casos";"0";"2023-12-13"
35114;"RR_casos";;"casos";"0";"2023-12-13"
35115;"RR_casos";;"casos";"0";"2023-12-13"
35121;"RR_casos";;"casos";"0";"2023-12-13"
35131;"RR_casos";;"casos";"0";"2023-12-13"
35132;"RR_casos";;"casos";"0";"2023-12-13"
35133;"RR_casos";;"casos";"0";"2023-12-13"
35141;"RR_casos";;"casos";"0";"2023-12-13"
35142;"RR_casos";;"casos";"0";"2023-12-13"
35143;"RR_casos";;"casos";"0";"2023-12-13"
35151;"RR_casos";;"casos";"0";"2023-12-13"
35152;"RR_casos";;"casos";"0";"2023-12-13"
35153;"RR_casos";;"casos";"0";"2023-12-13"
35154;"RR_casos";2.0233854481;"casos";"2.0-3.0";"2023-12-13"
35155;"RR_casos";2.0233854481;"casos";"2.0-3.0";"2023-12-13"
35156;"RR_casos";2.0233854481;"casos";"2.0-3.0";"2023-12-13"
35157;"RR_casos";2.0233854481;"casos";"2.0-3.0";"2023-12-13"
35161;"RR_casos";;"casos";"0";"2023-12-13"
35162;"RR_casos";;"casos";"0";"2023-12-13"
35163;"RR_casos";;"casos";"0";"2023-12-13"
35171;"RR_casos";;"casos";"0";"2023-12-13"
35172;"RR_casos";;"casos";"0";"2023-12-13"
35173;"RR_casos";2.2648898717;"casos";"2.0-3.0";"2023-12-13"
35174;"RR_casos";2.2648898717;"casos";"2.0-3.0";"2023-12-13"
35011;"RR_Mdn";;"Mdn";"0";"2023-12-13"
35012;"RR_Mdn";;"Mdn";"0";"2023-12-13"
35013;"RR_Mdn";;"Mdn";"0";"2023-12-13"
35014;"RR_Mdn";;"Mdn";"0";"2023-12-13"
35015;"RR_Mdn";;"Mdn";"0";"2023-12-13"
35016;"RR_Mdn";;"Mdn";"0";"2023-12-13"
35021;"RR_Mdn";;"Mdn";"0";"2023-12-13"
35022;"RR_Mdn";;"Mdn";"0";"2023-12-13"
35023;"RR_Mdn";;"Mdn";"0";"2023-12-13"
35031;"RR_Mdn";;"Mdn";"0";"2023-12-13"
35032;"RR_Mdn";;"Mdn";"0";"2023-12-13"
35033;"RR_Mdn";;"Mdn";"0";"2023-12-13"
35034;"RR_Mdn";;"Mdn";"0";"2023-12-13"
35041;"RR_Mdn";;"Mdn";"0";"2023-12-13"
35051;"RR_Mdn";;"Mdn";"0";"2023-12-13"
35052;"RR_Mdn";;"Mdn";"0";"2023-12-13"
35061;"RR_Mdn";;"Mdn";"0";"2023-12-13"
35062;"RR_Mdn";;"Mdn";"0";"2023-12-13"
35063;"RR_Mdn";3.6495838783;"Mdn";">3";"2023-12-13"
35064;"RR_Mdn";;"Mdn";"0";"2023-12-13"
35065;"RR_Mdn";;"Mdn";"0";"2023-12-13"
35071;"RR_Mdn";;"Mdn";"0";"2023-12-13"
35072;"RR_Mdn";;"Mdn";"0";"2023-12-13"
35073;"RR_Mdn";;"Mdn";"0";"2023-12-13"
35074;"RR_Mdn";;"Mdn";"0";"2023-12-13"
35081;"RR_Mdn";;"Mdn";"0";"2023-12-13"
35082;"RR_Mdn";;"Mdn";"0";"2023-12-13"
35083;"RR_Mdn";;"Mdn";"0";"2023-12-13"
35091;"RR_Mdn";;"Mdn";"0";"2023-12-13"
35092;"RR_Mdn";;"Mdn";"0";"2023-12-13"
35093;"RR_Mdn";;"Mdn";"0";"2023-12-13"
35094;"RR_Mdn";;"Mdn";"0";"2023-12-13"
35095;"RR_Mdn";;"Mdn";"0";"2023-12-13"
35101;"RR_Mdn";;"Mdn";"0";"2023-12-13"
35102;"RR_Mdn";;"Mdn";"0";"2023-12-13"
35103;"RR_Mdn";;"Mdn";"0";"2023-12-13"
35104;"RR_Mdn";;"Mdn";"0";"2023-12-13"
35111;"RR_Mdn";;"Mdn";"0";"2023-12-13"
35112;"RR_Mdn";;"Mdn";"0";"2023-12-13"
35113;"RR_Mdn";;"Mdn";"0";"2023-12-13"
35114;"RR_Mdn";;"Mdn";"0";"2023-12-13"
35115;"RR_Mdn";;"Mdn";"0";"2023-12-13"
35121;"RR_Mdn";;"Mdn";"0";"2023-12-13"
35131;"RR_Mdn";;"Mdn";"0";"2023-12-13"
35132;"RR_Mdn";;"Mdn";"0";"2023-12-13"
35133;"RR_Mdn";;"Mdn";"0";"2023-12-13"
35141;"RR_Mdn";;"Mdn";"0";"2023-12-13"
35142;"RR_Mdn";;"Mdn";"0";"2023-12-13"
35143;"RR_Mdn";;"Mdn";"0";"2023-12-13"
35151;"RR_Mdn";;"Mdn";"0";"2023-12-13"
35152;"RR_Mdn";;"Mdn";"0";"2023-12-13"
35153;"RR_Mdn";;"Mdn";"0";"2023-12-13"
35154;"RR_Mdn";;"Mdn";"0";"2023-12-13"
35155;"RR_Mdn";;"Mdn";"0";"2023-12-13"
35156;"RR_Mdn";;"Mdn";"0";"2023-12-13"
35157;"RR_Mdn";;"Mdn";"0";"2023-12-13"
35161;"RR_Mdn";;"Mdn";"0";"2023-12-13"
35162;"RR_Mdn";;"Mdn";"0";"2023-12-13"
35163;"RR_Mdn";;"Mdn";"0";"2023-12-13"
35171;"RR_Mdn";;"Mdn";"0";"2023-12-13"
35172;"RR_Mdn";;"Mdn";"0";"2023-12-13"
35173;"RR_Mdn";;"Mdn";"0";"2023-12-13"
35174;"RR_Mdn";;"Mdn";"0";"2023-12-13"
35011;"RR_Mdn_mv";;"Mdn_mv";"0";"2023-12-13"
35012;"RR_Mdn_mv";;"Mdn_mv";"0";"2023-12-13"
35013;"RR_Mdn_mv";;"Mdn_mv";"0";"2023-12-13"
35014;"RR_Mdn_mv";;"Mdn_mv";"0";"2023-12-13"
35015;"RR_Mdn_mv";;"Mdn_mv";"0";"2023-12-13"
35016;"RR_Mdn_mv";;"Mdn_mv";"0";"2023-12-13"
35021;"RR_Mdn_mv";;"Mdn_mv";"0";"2023-12-13"
35022;"RR_Mdn_mv";;"Mdn_mv";"0";"2023-12-13"
35023;"RR_Mdn_mv";;"Mdn_mv";"0";"2023-12-13"
35031;"RR_Mdn_mv";;"Mdn_mv";"0";"2023-12-13"
35032;"RR_Mdn_mv";;"Mdn_mv";"0";"2023-12-13"
35033;"RR_Mdn_mv";;"Mdn_mv";"0";"2023-12-13"
35034;"RR_Mdn_mv";;"Mdn_mv";"0";"2023-12-13"
35041;"RR_Mdn_mv";;"Mdn_mv";"0";"2023-12-13"
35051;"RR_Mdn_mv";;"Mdn_mv";"0";"2023-12-13"
35052;"RR_Mdn_mv";;"Mdn_mv";"0";"2023-12-13"
35061;"RR_Mdn_mv";;"Mdn_mv";"0";"2023-12-13"
35062;"RR_Mdn_mv";;"Mdn_mv";"0";"2023-12-13"
35063;"RR_Mdn_mv";3.1745374941;"Mdn_mv";">3";"2023-12-13"
35064;"RR_Mdn_mv";;"Mdn_mv";"0";"2023-12-13"
35065;"RR_Mdn_mv";;"Mdn_mv";"0";"2023-12-13"
35071;"RR_Mdn_mv";;"Mdn_mv";"0";"2023-12-13"
35072;"RR_Mdn_mv";;"Mdn_mv";"0";"2023-12-13"
35073;"RR_Mdn_mv";;"Mdn_mv";"0";"2023-12-13"
35074;"RR_Mdn_mv";;"Mdn_mv";"0";"2023-12-13"
35081;"RR_Mdn_mv";;"Mdn_mv";"0";"2023-12-13"
35082;"RR_Mdn_mv";;"Mdn_mv";"0";"2023-12-13"
35083;"RR_Mdn_mv";;"Mdn_mv";"0";"2023-12-13"
35091;"RR_Mdn_mv";;"Mdn_mv";"0";"2023-12-13"
35092;"RR_Mdn_mv";;"Mdn_mv";"0";"2023-12-13"
35093;"RR_Mdn_mv";;"Mdn_mv";"0";"2023-12-13"
35094;"RR_Mdn_mv";;"Mdn_mv";"0";"2023-12-13"
35095;"RR_Mdn_mv";;"Mdn_mv";"0";"2023-12-13"
35101;"RR_Mdn_mv";;"Mdn_mv";"0";"2023-12-13"
35102;"RR_Mdn_mv";;"Mdn_mv";"0";"2023-12-13"
35103;"RR_Mdn_mv";;"Mdn_mv";"0";"2023-12-13"
35104;"RR_Mdn_mv";;"Mdn_mv";"0";"2023-12-13"
35111;"RR_Mdn_mv";;"Mdn_mv";"0";"2023-12-13"
35112;"RR_Mdn_mv";;"Mdn_mv";"0";"2023-12-13"
35113;"RR_Mdn_mv";;"Mdn_mv";"0";"2023-12-13"
35114;"RR_Mdn_mv";;"Mdn_mv";"0";"2023-12-13"
35115;"RR_Mdn_mv";;"Mdn_mv";"0";"2023-12-13"
35121;"RR_Mdn_mv";;"Mdn_mv";"0";"2023-12-13"
35131;"RR_Mdn_mv";;"Mdn_mv";"0";"2023-12-13"
35132;"RR_Mdn_mv";;"Mdn_mv";"0";"2023-12-13"
35133;"RR_Mdn_mv";;"Mdn_mv";"0";"2023-12-13"
35141;"RR_Mdn_mv";;"Mdn_mv";"0";"2023-12-13"
35142;"RR_Mdn_mv";;"Mdn_mv";"0";"2023-12-13"
35143;"RR_Mdn_mv";;"Mdn_mv";"0";"2023-12-13"
35151;"RR_Mdn_mv";;"Mdn_mv";"0";"2023-12-13"
35152;"RR_Mdn_mv";;"Mdn_mv";"0";"2023-12-13"
35153;"RR_Mdn_mv";;"Mdn_mv";"0";"2023-12-13"
35154;"RR_Mdn_mv";;"Mdn_mv";"0";"2023-12-13"
35155;"RR_Mdn_mv";;"Mdn_mv";"0";"2023-12-13"
35156;"RR_Mdn_mv";;"Mdn_mv";"0";"2023-12-13"
35157;"RR_Mdn_mv";;"Mdn_mv";"0";"2023-12-13"
35161;"RR_Mdn_mv";;"Mdn_mv";"0";"2023-12-13"
35162;"RR_Mdn_mv";;"Mdn_mv";"0";"2023-12-13"
35163;"RR_Mdn_mv";;"Mdn_mv";"0";"2023-12-13"
35171;"RR_Mdn_mv";;"Mdn_mv";"0";"2023-12-13"
35172;"RR_Mdn_mv";;"Mdn_mv";"0";"2023-12-13"
35173;"RR_Mdn_mv";;"Mdn_mv";"0";"2023-12-13"
35174;"RR_Mdn_mv";;"Mdn_mv";"0";"2023-12-13"
35011;"RR_obs";;"obs";"0";"2023-12-13"
35012;"RR_obs";;"obs";"0";"2023-12-13"
35013;"RR_obs";;"obs";"0";"2023-12-13"
35014;"RR_obs";;"obs";"0";"2023-12-13"
35015;"RR_obs";;"obs";"0";"2023-12-13"
35016;"RR_obs";;"obs";"0";"2023-12-13"
35021;"RR_obs";;"obs";"0";"2023-12-13"
35022;"RR_obs";;"obs";"0";"2023-12-13"
35023;"RR_obs";;"obs";"0";"2023-12-13"
35031;"RR_obs";;"obs";"0";"2023-12-13"
35032;"RR_obs";;"obs";"0";"2023-12-13"
35033;"RR_obs";;"obs";"0";"2023-12-13"
35034;"RR_obs";;"obs";"0";"2023-12-13"
35041;"RR_obs";;"obs";"0";"2023-12-13"
35051;"RR_obs";;"obs";"0";"2023-12-13"
35052;"RR_obs";;"obs";"0";"2023-12-13"
35061;"RR_obs";;"obs";"0";"2023-12-13"
35062;"RR_obs";;"obs";"0";"2023-12-13"
35063;"RR_obs";;"obs";"0";"2023-12-13"
35064;"RR_obs";;"obs";"0";"2023-12-13"
35065;"RR_obs";;"obs";"0";"2023-12-13"
35071;"RR_obs";;"obs";"0";"2023-12-13"
35072;"RR_obs";;"obs";"0";"2023-12-13"
35073;"RR_obs";;"obs";"0";"2023-12-13"
35074;"RR_obs";;"obs";"0";"2023-12-13"
35081;"RR_obs";;"obs";"0";"2023-12-13"
35082;"RR_obs";;"obs";"0";"2023-12-13"
35083;"RR_obs";;"obs";"0";"2023-12-13"
35091;"RR_obs";;"obs";"0";"2023-12-13"
35092;"RR_obs";;"obs";"0";"2023-12-13"
35093;"RR_obs";;"obs";"0";"2023-12-13"
35094;"RR_obs";;"obs";"0";"2023-12-13"
35095;"RR_obs";;"obs";"0";"2023-12-13"
35101;"RR_obs";;"obs";"0";"2023-12-13"
35102;"RR_obs";;"obs";"0";"2023-12-13"
35103;"RR_obs";;"obs";"0";"2023-12-13"
35104;"RR_obs";;"obs";"0";"2023-12-13"
35111;"RR_obs";;"obs";"0";"2023-12-13"
35112;"RR_obs";;"obs";"0";"2023-12-13"
35113;"RR_obs";;"obs";"0";"2023-12-13"
35114;"RR_obs";;"obs";"0";"2023-12-13"
35115;"RR_obs";;"obs";"0";"2023-12-13"
35121;"RR_obs";;"obs";"0";"2023-12-13"
35131;"RR_obs";;"obs";"0";"2023-12-13"
35132;"RR_obs";;"obs";"0";"2023-12-13"
35133;"RR_obs";;"obs";"0";"2023-12-13"
35141;"RR_obs";;"obs";"0";"2023-12-13"
35142;"RR_obs";;"obs";"0";"2023-12-13"
35143;"RR_obs";;"obs";"0";"2023-12-13"
35151;"RR_obs";;"obs";"0";"2023-12-13"
35152;"RR_obs";;"obs";"0";"2023-12-13"
35153;"RR_obs";;"obs";"0";"2023-12-13"
35154;"RR_obs";;"obs";"0";"2023-12-13"
35155;"RR_obs";;"obs";"0";"2023-12-13"
35156;"RR_obs";;"obs";"0";"2023-12-13"
35157;"RR_obs";;"obs";"0";"2023-12-13"
35161;"RR_obs";;"obs";"0";"2023-12-13"
35162;"RR_obs";;"obs";"0";"2023-12-13"
35163;"RR_obs";;"obs";"0";"2023-12-13"
35171;"RR_obs";;"obs";"0";"2023-12-13"
35172;"RR_obs";;"obs";"0";"2023-12-13"
35173;"RR_obs";;"obs";"0";"2023-12-13"
35174;"RR_obs";;"obs";"0";"2023-12-13"
35011;"RR_casos";;"casos";"0";"2023-12-06"
35012;"RR_casos";;"casos";"0";"2023-12-06"
35013;"RR_casos";;"casos";"0";"2023-12-06"
35014;"RR_casos";;"casos";"0";"2023-12-06"
35015;"RR_casos";;"casos";"0";"2023-12-06"
35016;"RR_casos";;"casos";"0";"2023-12-06"
35021;"RR_casos";;"casos";"0";"2023-12-06"
35022;"RR_casos";;"casos";"0";"2023-12-06"
35023;"RR_casos";;"casos";"0";"2023-12-06"
35031;"RR_casos";;"casos";"0";"2023-12-06"
35032;"RR_casos";;"casos";"0";"2023-12-06"
35033;"RR_casos";;"casos";"0";"2023-12-06"
35034;"RR_casos";;"casos";"0";"2023-12-06"
35041;"RR_casos";;"casos";"0";"2023-12-06"
35051;"RR_casos";;"casos";"0";"2023-12-06"
35052;"RR_casos";;"casos";"0";"2023-12-06"
35061;"RR_casos";;"casos";"0";"2023-12-06"
35062;"RR_casos";;"casos";"0";"2023-12-06"
35063;"RR_casos";3.1763625131;"casos";">3";"2023-12-06"
35064;"RR_casos";;"casos";"0";"2023-12-06"
35065;"RR_casos";;"casos";"0";"2023-12-06"
35071;"RR_casos";;"casos";"0";"2023-12-06"
35072;"RR_casos";;"casos";"0";"2023-12-06"
35073;"RR_casos";;"casos";"0";"2023-12-06"
35074;"RR_casos";;"casos";"0";"2023-12-06"
35081;"RR_casos";;"casos";"0";"2023-12-06"
35082;"RR_casos";;"casos";"0";"2023-12-06"
35083;"RR_casos";;"casos";"0";"2023-12-06"
35091;"RR_casos";;"casos";"0";"2023-12-06"
35092;"RR_casos";;"casos";"0";"2023-12-06"
35093;"RR_casos";2.4478555166;"casos";"2.0-3.0";"2023-12-06"
35094;"RR_casos";;"casos";"0";"2023-12-06"
35095;"RR_casos";;"casos";"0";"2023-12-06"
35101;"RR_casos";;"casos";"0";"2023-12-06"
35102;"RR_casos";;"casos";"0";"2023-12-06"
35103;"RR_casos";;"casos";"0";"2023-12-06"
35104;"RR_casos";;"casos";"0";"2023-12-06"
35111;"RR_casos";;"casos";"0";"2023-12-06"
35112;"RR_casos";;"casos";"0";"2023-12-06"
35113;"RR_casos";;"casos";"0";"2023-12-06"
35114;"RR_casos";;"casos";"0";"2023-12-06"
35115;"RR_casos";;"casos";"0";"2023-12-06"
35121;"RR_casos";;"casos";"0";"2023-12-06"
35131;"RR_casos";;"casos";"0";"2023-12-06"
35132;"RR_casos";;"casos";"0";"2023-12-06"
35133;"RR_casos";;"casos";"0";"2023-12-06"
35141;"RR_casos";;"casos";"0";"2023-12-06"
35142;"RR_casos";;"casos";"0";"2023-12-06"
35143;"RR_casos";;"casos";"0";"2023-12-06"
35151;"RR_casos";;"casos";"0";"2023-12-06"
35152;"RR_casos";;"casos";"0";"2023-12-06"
35153;"RR_casos";;"casos";"0";"2023-12-06"
35154;"RR_casos";;"casos";"0";"2023-12-06"
35155;"RR_casos";2.1769313889;"casos";"2.0-3.0";"2023-12-06"
35156;"RR_casos";2.1769313889;"casos";"2.0-3.0";"2023-12-06"
35157;"RR_casos";;"casos";"0";"2023-12-06"
35161;"RR_casos";;"casos";"0";"2023-12-06"
35162;"RR_casos";;"casos";"0";"2023-12-06"
35163;"RR_casos";;"casos";"0";"2023-12-06"
35171;"RR_casos";;"casos";"0";"2023-12-06"
35172;"RR_casos";;"casos";"0";"2023-12-06"
35173;"RR_casos";1.9010330612;"casos";"1.1-2.0";"2023-12-06"
35174;"RR_casos";1.9010330612;"casos";"1.1-2.0";"2023-12-06"
35011;"RR_Mdn";;"Mdn";"0";"2023-12-06"
35012;"RR_Mdn";;"Mdn";"0";"2023-12-06"
35013;"RR_Mdn";;"Mdn";"0";"2023-12-06"
35014;"RR_Mdn";;"Mdn";"0";"2023-12-06"
35015;"RR_Mdn";;"Mdn";"0";"2023-12-06"
35016;"RR_Mdn";;"Mdn";"0";"2023-12-06"
35021;"RR_Mdn";;"Mdn";"0";"2023-12-06"
35022;"RR_Mdn";;"Mdn";"0";"2023-12-06"
35023;"RR_Mdn";;"Mdn";"0";"2023-12-06"
35031;"RR_Mdn";;"Mdn";"0";"2023-12-06"
35032;"RR_Mdn";;"Mdn";"0";"2023-12-06"
35033;"RR_Mdn";;"Mdn";"0";"2023-12-06"
35034;"RR_Mdn";;"Mdn";"0";"2023-12-06"
35041;"RR_Mdn";;"Mdn";"0";"2023-12-06"
35051;"RR_Mdn";;"Mdn";"0";"2023-12-06"
35052;"RR_Mdn";;"Mdn";"0";"2023-12-06"
35061;"RR_Mdn";;"Mdn";"0";"2023-12-06"
35062;"RR_Mdn";;"Mdn";"0";"2023-12-06"
35063;"RR_Mdn";;"Mdn";"0";"2023-12-06"
35064;"RR_Mdn";;"Mdn";"0";"2023-12-06"
35065;"RR_Mdn";2.874547212;"Mdn";"2.0-3.0";"2023-12-06"
35071;"RR_Mdn";;"Mdn";"0";"2023-12-06"
35072;"RR_Mdn";;"Mdn";"0";"2023-12-06"
35073;"RR_Mdn";;"Mdn";"0";"2023-12-06"
35074;"RR_Mdn";;"Mdn";"0";"2023-12-06"
35081;"RR_Mdn";;"Mdn";"0";"2023-12-06"
35082;"RR_Mdn";;"Mdn";"0";"2023-12-06"
35083;"RR_Mdn";;"Mdn";"0";"2023-12-06"
35091;"RR_Mdn";;"Mdn";"0";"2023-12-06"
35092;"RR_Mdn";;"Mdn";"0";"2023-12-06"
35093;"RR_Mdn";2.874547212;"Mdn";"2.0-3.0";"2023-12-06"
35094;"RR_Mdn";;"Mdn";"0";"2023-12-06"
35095;"RR_Mdn";;"Mdn";"0";"2023-12-06"
35101;"RR_Mdn";;"Mdn";"0";"2023-12-06"
35102;"RR_Mdn";;"Mdn";"0";"2023-12-06"
35103;"RR_Mdn";;"Mdn";"0";"2023-12-06"
35104;"RR_Mdn";;"Mdn";"0";"2023-12-06"
35111;"RR_Mdn";;"Mdn";"0";"2023-12-06"
35112;"RR_Mdn";;"Mdn";"0";"2023-12-06"
35113;"RR_Mdn";;"Mdn";"0";"2023-12-06"
35114;"RR_Mdn";;"Mdn";"0";"2023-12-06"
35115;"RR_Mdn";;"Mdn";"0";"2023-12-06"
35121;"RR_Mdn";;"Mdn";"0";"2023-12-06"
35131;"RR_Mdn";;"Mdn";"0";"2023-12-06"
35132;"RR_Mdn";;"Mdn";"0";"2023-12-06"
35133;"RR_Mdn";;"Mdn";"0";"2023-12-06"
35141;"RR_Mdn";;"Mdn";"0";"2023-12-06"
35142;"RR_Mdn";;"Mdn";"0";"2023-12-06"
35143;"RR_Mdn";;"Mdn";"0";"2023-12-06"
35151;"RR_Mdn";;"Mdn";"0";"2023-12-06"
35152;"RR_Mdn";;"Mdn";"0";"2023-12-06"
35153;"RR_Mdn";;"Mdn";"0";"2023-12-06"
35154;"RR_Mdn";;"Mdn";"0";"2023-12-06"
35155;"RR_Mdn";;"Mdn";"0";"2023-12-06"
35156;"RR_Mdn";;"Mdn";"0";"2023-12-06"
35157;"RR_Mdn";;"Mdn";"0";"2023-12-06"
35161;"RR_Mdn";;"Mdn";"0";"2023-12-06"
35162;"RR_Mdn";;"Mdn";"0";"2023-12-06"
35163;"RR_Mdn";;"Mdn";"0";"2023-12-06"
35171;"RR_Mdn";;"Mdn";"0";"2023-12-06"
35172;"RR_Mdn";;"Mdn";"0";"2023-12-06"
35173;"RR_Mdn";;"Mdn";"0";"2023-12-06"
35174;"RR_Mdn";;"Mdn";"0";"2023-12-06"
35011;"RR_Mdn_mv";;"Mdn_mv";"0";"2023-12-06"
35012;"RR_Mdn_mv";;"Mdn_mv";"0";"2023-12-06"
35013;"RR_Mdn_mv";;"Mdn_mv";"0";"2023-12-06"
35014;"RR_Mdn_mv";;"Mdn_mv";"0";"2023-12-06"
35015;"RR_Mdn_mv";;"Mdn_mv";"0";"2023-12-06"
35016;"RR_Mdn_mv";;"Mdn_mv";"0";"2023-12-06"
35021;"RR_Mdn_mv";;"Mdn_mv";"0";"2023-12-06"
35022;"RR_Mdn_mv";;"Mdn_mv";"0";"2023-12-06"
35023;"RR_Mdn_mv";;"Mdn_mv";"0";"2023-12-06"
35031;"RR_Mdn_mv";;"Mdn_mv";"0";"2023-12-06"
35032;"RR_Mdn_mv";;"Mdn_mv";"0";"2023-12-06"
35033;"RR_Mdn_mv";;"Mdn_mv";"0";"2023-12-06"
35034;"RR_Mdn_mv";;"Mdn_mv";"0";"2023-12-06"
35041;"RR_Mdn_mv";;"Mdn_mv";"0";"2023-12-06"
35051;"RR_Mdn_mv";;"Mdn_mv";"0";"2023-12-06"
35052;"RR_Mdn_mv";;"Mdn_mv";"0";"2023-12-06"
35061;"RR_Mdn_mv";;"Mdn_mv";"0";"2023-12-06"
35062;"RR_Mdn_mv";;"Mdn_mv";"0";"2023-12-06"
35063;"RR_Mdn_mv";;"Mdn_mv";"0";"2023-12-06"
35064;"RR_Mdn_mv";;"Mdn_mv";"0";"2023-12-06"
35065;"RR_Mdn_mv";;"Mdn_mv";"0";"2023-12-06"
35071;"RR_Mdn_mv";;"Mdn_mv";"0";"2023-12-06"
35072;"RR_Mdn_mv";;"Mdn_mv";"0";"2023-12-06"
35073;"RR_Mdn_mv";;"Mdn_mv";"0";"2023-12-06"
35074;"RR_Mdn_mv";;"Mdn_mv";"0";"2023-12-06"
35081;"RR_Mdn_mv";;"Mdn_mv";"0";"2023-12-06"
35082;"RR_Mdn_mv";;"Mdn_mv";"0";"2023-12-06"
35083;"RR_Mdn_mv";;"Mdn_mv";"0";"2023-12-06"
35091;"RR_Mdn_mv";;"Mdn_mv";"0";"2023-12-06"
35092;"RR_Mdn_mv";;"Mdn_mv";"0";"2023-12-06"
35093;"RR_Mdn_mv";3.0690464922;"Mdn_mv";">3";"2023-12-06"
35094;"RR_Mdn_mv";;"Mdn_mv";"0";"2023-12-06"
35095;"RR_Mdn_mv";;"Mdn_mv";"0";"2023-12-06"
35101;"RR_Mdn_mv";;"Mdn_mv";"0";"2023-12-06"
35102;"RR_Mdn_mv";;"Mdn_mv";"0";"2023-12-06"
35103;"RR_Mdn_mv";;"Mdn_mv";"0";"2023-12-06"
35104;"RR_Mdn_mv";;"Mdn_mv";"0";"2023-12-06"
35111;"RR_Mdn_mv";;"Mdn_mv";"0";"2023-12-06"
35112;"RR_Mdn_mv";;"Mdn_mv";"0";"2023-12-06"
35113;"RR_Mdn_mv";;"Mdn_mv";"0";"2023-12-06"
35114;"RR_Mdn_mv";;"Mdn_mv";"0";"2023-12-06"
35115;"RR_Mdn_mv";;"Mdn_mv";"0";"2023-12-06"
35121;"RR_Mdn_mv";;"Mdn_mv";"0";"2023-12-06"
35131;"RR_Mdn_mv";;"Mdn_mv";"0";"2023-12-06"
35132;"RR_Mdn_mv";;"Mdn_mv";"0";"2023-12-06"
35133;"RR_Mdn_mv";;"Mdn_mv";"0";"2023-12-06"
35141;"RR_Mdn_mv";;"Mdn_mv";"0";"2023-12-06"
35142;"RR_Mdn_mv";;"Mdn_mv";"0";"2023-12-06"
35143;"RR_Mdn_mv";;"Mdn_mv";"0";"2023-12-06"
35151;"RR_Mdn_mv";;"Mdn_mv";"0";"2023-12-06"
35152;"RR_Mdn_mv";;"Mdn_mv";"0";"2023-12-06"
35153;"RR_Mdn_mv";;"Mdn_mv";"0";"2023-12-06"
35154;"RR_Mdn_mv";;"Mdn_mv";"0";"2023-12-06"
35155;"RR_Mdn_mv";;"Mdn_mv";"0";"2023-12-06"
35156;"RR_Mdn_mv";;"Mdn_mv";"0";"2023-12-06"
35157;"RR_Mdn_mv";;"Mdn_mv";"0";"2023-12-06"
35161;"RR_Mdn_mv";;"Mdn_mv";"0";"2023-12-06"
35162;"RR_Mdn_mv";;"Mdn_mv";"0";"2023-12-06"
35163;"RR_Mdn_mv";;"Mdn_mv";"0";"2023-12-06"
35171;"RR_Mdn_mv";;"Mdn_mv";"0";"2023-12-06"
35172;"RR_Mdn_mv";;"Mdn_mv";"0";"2023-12-06"
35173;"RR_Mdn_mv";;"Mdn_mv";"0";"2023-12-06"
35174;"RR_Mdn_mv";;"Mdn_mv";"0";"2023-12-06"
35011;"RR_obs";;"obs";"0";"2023-12-06"
35012;"RR_obs";;"obs";"0";"2023-12-06"
35013;"RR_obs";;"obs";"0";"2023-12-06"
35014;"RR_obs";;"obs";"0";"2023-12-06"
35015;"RR_obs";;"obs";"0";"2023-12-06"
35016;"RR_obs";;"obs";"0";"2023-12-06"
35021;"RR_obs";;"obs";"0";"2023-12-06"
35022;"RR_obs";;"obs";"0";"2023-12-06"
35023;"RR_obs";;"obs";"0";"2023-12-06"
35031;"RR_obs";;"obs";"0";"2023-12-06"
35032;"RR_obs";;"obs";"0";"2023-12-06"
35033;"RR_obs";;"obs";"0";"2023-12-06"
35034;"RR_obs";;"obs";"0";"2023-12-06"
35041;"RR_obs";;"obs";"0";"2023-12-06"
35051;"RR_obs";;"obs";"0";"2023-12-06"
35052;"RR_obs";;"obs";"0";"2023-12-06"
35061;"RR_obs";;"obs";"0";"2023-12-06"
35062;"RR_obs";;"obs";"0";"2023-12-06"
35063;"RR_obs";;"obs";"0";"2023-12-06"
35064;"RR_obs";;"obs";"0";"2023-12-06"
35065;"RR_obs";;"obs";"0";"2023-12-06"
35071;"RR_obs";;"obs";"0";"2023-12-06"
35072;"RR_obs";;"obs";"0";"2023-12-06"
35073;"RR_obs";;"obs";"0";"2023-12-06"
35074;"RR_obs";;"obs";"0";"2023-12-06"
35081;"RR_obs";;"obs";"0";"2023-12-06"
35082;"RR_obs";;"obs";"0";"2023-12-06"
35083;"RR_obs";;"obs";"0";"2023-12-06"
35091;"RR_obs";;"obs";"0";"2023-12-06"
35092;"RR_obs";;"obs";"0";"2023-12-06"
35093;"RR_obs";;"obs";"0";"2023-12-06"
35094;"RR_obs";;"obs";"0";"2023-12-06"
35095;"RR_obs";;"obs";"0";"2023-12-06"
35101;"RR_obs";;"obs";"0";"2023-12-06"
35102;"RR_obs";;"obs";"0";"2023-12-06"
35103;"RR_obs";;"obs";"0";"2023-12-06"
35104;"RR_obs";;"obs";"0";"2023-12-06"
35111;"RR_obs";;"obs";"0";"2023-12-06"
35112;"RR_obs";;"obs";"0";"2023-12-06"
35113;"RR_obs";;"obs";"0";"2023-12-06"
35114;"RR_obs";;"obs";"0";"2023-12-06"
35115;"RR_obs";;"obs";"0";"2023-12-06"
35121;"RR_obs";;"obs";"0";"2023-12-06"
35131;"RR_obs";;"obs";"0";"2023-12-06"
35132;"RR_obs";;"obs";"0";"2023-12-06"
35133;"RR_obs";;"obs";"0";"2023-12-06"
35141;"RR_obs";;"obs";"0";"2023-12-06"
35142;"RR_obs";;"obs";"0";"2023-12-06"
35143;"RR_obs";;"obs";"0";"2023-12-06"
35151;"RR_obs";;"obs";"0";"2023-12-06"
35152;"RR_obs";;"obs";"0";"2023-12-06"
35153;"RR_obs";;"obs";"0";"2023-12-06"
35154;"RR_obs";;"obs";"0";"2023-12-06"
35155;"RR_obs";;"obs";"0";"2023-12-06"
35156;"RR_obs";;"obs";"0";"2023-12-06"
35157;"RR_obs";;"obs";"0";"2023-12-06"
35161;"RR_obs";;"obs";"0";"2023-12-06"
35162;"RR_obs";;"obs";"0";"2023-12-06"
35163;"RR_obs";;"obs";"0";"2023-12-06"
35171;"RR_obs";;"obs";"0";"2023-12-06"
35172;"RR_obs";;"obs";"0";"2023-12-06"
35173;"RR_obs";;"obs";"0";"2023-12-06"
35174;"RR_obs";;"obs";"0";"2023-12-06"
35011;"RR_casos";;"casos";"0";"2023-11-29"
35012;"RR_casos";;"casos";"0";"2023-11-29"
35013;"RR_casos";;"casos";"0";"2023-11-29"
35014;"RR_casos";;"casos";"0";"2023-11-29"
35015;"RR_casos";;"casos";"0";"2023-11-29"
35016;"RR_casos";;"casos";"0";"2023-11-29"
35021;"RR_casos";;"casos";"0";"2023-11-29"
35022;"RR_casos";;"casos";"0";"2023-11-29"
35023;"RR_casos";;"casos";"0";"2023-11-29"
35031;"RR_casos";;"casos";"0";"2023-11-29"
35032;"RR_casos";;"casos";"0";"2023-11-29"
35033;"RR_casos";;"casos";"0";"2023-11-29"
35034;"RR_casos";;"casos";"0";"2023-11-29"
35041;"RR_casos";;"casos";"0";"2023-11-29"
35051;"RR_casos";;"casos";"0";"2023-11-29"
35052;"RR_casos";;"casos";"0";"2023-11-29"
35061;"RR_casos";;"casos";"0";"2023-11-29"
35062;"RR_casos";;"casos";"0";"2023-11-29"
35063;"RR_casos";2.9695629665;"casos";"2.0-3.0";"2023-11-29"
35064;"RR_casos";;"casos";"0";"2023-11-29"
35065;"RR_casos";2.241478074;"casos";"2.0-3.0";"2023-11-29"
35071;"RR_casos";;"casos";"0";"2023-11-29"
35072;"RR_casos";;"casos";"0";"2023-11-29"
35073;"RR_casos";;"casos";"0";"2023-11-29"
35074;"RR_casos";;"casos";"0";"2023-11-29"
35081;"RR_casos";;"casos";"0";"2023-11-29"
35082;"RR_casos";;"casos";"0";"2023-11-29"
35083;"RR_casos";;"casos";"0";"2023-11-29"
35091;"RR_casos";;"casos";"0";"2023-11-29"
35092;"RR_casos";;"casos";"0";"2023-11-29"
35093;"RR_casos";2.241478074;"casos";"2.0-3.0";"2023-11-29"
35094;"RR_casos";;"casos";"0";"2023-11-29"
35095;"RR_casos";;"casos";"0";"2023-11-29"
35101;"RR_casos";;"casos";"0";"2023-11-29"
35102;"RR_casos";;"casos";"0";"2023-11-29"
35103;"RR_casos";;"casos";"0";"2023-11-29"
35104;"RR_casos";;"casos";"0";"2023-11-29"
35111;"RR_casos";;"casos";"0";"2023-11-29"
35112;"RR_casos";;"casos";"0";"2023-11-29"
35113;"RR_casos";;"casos";"0";"2023-11-29"
35114;"RR_casos";;"casos";"0";"2023-11-29"
35115;"RR_casos";;"casos";"0";"2023-11-29"
35121;"RR_casos";;"casos";"0";"2023-11-29"
35131;"RR_casos";;"casos";"0";"2023-11-29"
35132;"RR_casos";;"casos";"0";"2023-11-29"
35133;"RR_casos";;"casos";"0";"2023-11-29"
35141;"RR_casos";;"casos";"0";"2023-11-29"
35142;"RR_casos";;"casos";"0";"2023-11-29"
35143;"RR_casos";;"casos";"0";"2023-11-29"
35151;"RR_casos";;"casos";"0";"2023-11-29"
35152;"RR_casos";;"casos";"0";"2023-11-29"
35153;"RR_casos";;"casos";"0";"2023-11-29"
35154;"RR_casos";;"casos";"0";"2023-11-29"
35155;"RR_casos";1.8804618879;"casos";"1.1-2.0";"2023-11-29"
35156;"RR_casos";;"casos";"0";"2023-11-29"
35157;"RR_casos";;"casos";"0";"2023-11-29"
35161;"RR_casos";;"casos";"0";"2023-11-29"
35162;"RR_casos";;"casos";"0";"2023-11-29"
35163;"RR_casos";;"casos";"0";"2023-11-29"
35171;"RR_casos";;"casos";"0";"2023-11-29"
35172;"RR_casos";;"casos";"0";"2023-11-29"
35173;"RR_casos";;"casos";"0";"2023-11-29"
35174;"RR_casos";;"casos";"0";"2023-11-29"
35011;"RR_Mdn";;"Mdn";"0";"2023-11-29"
35012;"RR_Mdn";;"Mdn";"0";"2023-11-29"
35013;"RR_Mdn";;"Mdn";"0";"2023-11-29"
35014;"RR_Mdn";;"Mdn";"0";"2023-11-29"
35015;"RR_Mdn";;"Mdn";"0";"2023-11-29"
35016;"RR_Mdn";;"Mdn";"0";"2023-11-29"
35021;"RR_Mdn";;"Mdn";"0";"2023-11-29"
35022;"RR_Mdn";;"Mdn";"0";"2023-11-29"
35023;"RR_Mdn";;"Mdn";"0";"2023-11-29"
35031;"RR_Mdn";;"Mdn";"0";"2023-11-29"
35032;"RR_Mdn";;"Mdn";"0";"2023-11-29"
35033;"RR_Mdn";;"Mdn";"0";"2023-11-29"
35034;"RR_Mdn";;"Mdn";"0";"2023-11-29"
35041;"RR_Mdn";;"Mdn";"0";"2023-11-29"
35051;"RR_Mdn";;"Mdn";"0";"2023-11-29"
35052;"RR_Mdn";;"Mdn";"0";"2023-11-29"
35061;"RR_Mdn";;"Mdn";"0";"2023-11-29"
35062;"RR_Mdn";;"Mdn";"0";"2023-11-29"
35063;"RR_Mdn";;"Mdn";"0";"2023-11-29"
35064;"RR_Mdn";;"Mdn";"0";"2023-11-29"
35065;"RR_Mdn";2.6033509199;"Mdn";"2.0-3.0";"2023-11-29"
35071;"RR_Mdn";;"Mdn";"0";"2023-11-29"
35072;"RR_Mdn";;"Mdn";"0";"2023-11-29"
35073;"RR_Mdn";;"Mdn";"0";"2023-11-29"
35074;"RR_Mdn";;"Mdn";"0";"2023-11-29"
35081;"RR_Mdn";;"Mdn";"0";"2023-11-29"
35082;"RR_Mdn";;"Mdn";"0";"2023-11-29"
35083;"RR_Mdn";;"Mdn";"0";"2023-11-29"
35091;"RR_Mdn";;"Mdn";"0";"2023-11-29"
35092;"RR_Mdn";;"Mdn";"0";"2023-11-29"
35093;"RR_Mdn";2.6033509199;"Mdn";"2.0-3.0";"2023-11-29"
35094;"RR_Mdn";;"Mdn";"0";"2023-11-29"
35095;"RR_Mdn";;"Mdn";"0";"2023-11-29"
35101;"RR_Mdn";;"Mdn";"0";"2023-11-29"
35102;"RR_Mdn";;"Mdn";"0";"2023-11-29"
35103;"RR_Mdn";;"Mdn";"0";"2023-11-29"
35104;"RR_Mdn";;"Mdn";"0";"2023-11-29"
35111;"RR_Mdn";;"Mdn";"0";"2023-11-29"
35112;"RR_Mdn";;"Mdn";"0";"2023-11-29"
35113;"RR_Mdn";;"Mdn";"0";"2023-11-29"
35114;"RR_Mdn";;"Mdn";"0";"2023-11-29"
35115;"RR_Mdn";;"Mdn";"0";"2023-11-29"
35121;"RR_Mdn";;"Mdn";"0";"2023-11-29"
35131;"RR_Mdn";;"Mdn";"0";"2023-11-29"
35132;"RR_Mdn";;"Mdn";"0";"2023-11-29"
35133;"RR_Mdn";;"Mdn";"0";"2023-11-29"
35141;"RR_Mdn";;"Mdn";"0";"2023-11-29"
35142;"RR_Mdn";;"Mdn";"0";"2023-11-29"
35143;"RR_Mdn";;"Mdn";"0";"2023-11-29"
35151;"RR_Mdn";;"Mdn";"0";"2023-11-29"
35152;"RR_Mdn";;"Mdn";"0";"2023-11-29"
35153;"RR_Mdn";;"Mdn";"0";"2023-11-29"
35154;"RR_Mdn";;"Mdn";"0";"2023-11-29"
35155;"RR_Mdn";;"Mdn";"0";"2023-11-29"
35156;"RR_Mdn";;"Mdn";"0";"2023-11-29"
35157;"RR_Mdn";;"Mdn";"0";"2023-11-29"
35161;"RR_Mdn";;"Mdn";"0";"2023-11-29"
35162;"RR_Mdn";;"Mdn";"0";"2023-11-29"
35163;"RR_Mdn";;"Mdn";"0";"2023-11-29"
35171;"RR_Mdn";;"Mdn";"0";"2023-11-29"
35172;"RR_Mdn";;"Mdn";"0";"2023-11-29"
35173;"RR_Mdn";;"Mdn";"0";"2023-11-29"
35174;"RR_Mdn";;"Mdn";"0";"2023-11-29"
35011;"RR_Mdn_mv";;"Mdn_mv";"0";"2023-11-29"
35012;"RR_Mdn_mv";;"Mdn_mv";"0";"2023-11-29"
35013;"RR_Mdn_mv";;"Mdn_mv";"0";"2023-11-29"
35014;"RR_Mdn_mv";;"Mdn_mv";"0";"2023-11-29"
35015;"RR_Mdn_mv";;"Mdn_mv";"0";"2023-11-29"
35016;"RR_Mdn_mv";;"Mdn_mv";"0";"2023-11-29"
35021;"RR_Mdn_mv";;"Mdn_mv";"0";"2023-11-29"
35022;"RR_Mdn_mv";;"Mdn_mv";"0";"2023-11-29"
35023;"RR_Mdn_mv";;"Mdn_mv";"0";"2023-11-29"
35031;"RR_Mdn_mv";;"Mdn_mv";"0";"2023-11-29"
35032;"RR_Mdn_mv";;"Mdn_mv";"0";"2023-11-29"
35033;"RR_Mdn_mv";;"Mdn_mv";"0";"2023-11-29"
35034;"RR_Mdn_mv";;"Mdn_mv";"0";"2023-11-29"
35041;"RR_Mdn_mv";;"Mdn_mv";"0";"2023-11-29"
35051;"RR_Mdn_mv";;"Mdn_mv";"0";"2023-11-29"
35052;"RR_Mdn_mv";;"Mdn_mv";"0";"2023-11-29"
35061;"RR_Mdn_mv";;"Mdn_mv";"0";"2023-11-29"
35062;"RR_Mdn_mv";;"Mdn_mv";"0";"2023-11-29"
35063;"RR_Mdn_mv";;"Mdn_mv";"0";"2023-11-29"
35064;"RR_Mdn_mv";;"Mdn_mv";"0";"2023-11-29"
35065;"RR_Mdn_mv";;"Mdn_mv";"0";"2023-11-29"
35071;"RR_Mdn_mv";;"Mdn_mv";"0";"2023-11-29"
35072;"RR_Mdn_mv";;"Mdn_mv";"0";"2023-11-29"
35073;"RR_Mdn_mv";;"Mdn_mv";"0";"2023-11-29"
35074;"RR_Mdn_mv";;"Mdn_mv";"0";"2023-11-29"
35081;"RR_Mdn_mv";;"Mdn_mv";"0";"2023-11-29"
35082;"RR_Mdn_mv";;"Mdn_mv";"0";"2023-11-29"
35083;"RR_Mdn_mv";;"Mdn_mv";"0";"2023-11-29"
35091;"RR_Mdn_mv";;"Mdn_mv";"0";"2023-11-29"
35092;"RR_Mdn_mv";;"Mdn_mv";"0";"2023-11-29"
35093;"RR_Mdn_mv";2.9482232651;"Mdn_mv";"2.0-3.0";"2023-11-29"
35094;"RR_Mdn_mv";;"Mdn_mv";"0";"2023-11-29"
35095;"RR_Mdn_mv";;"Mdn_mv";"0";"2023-11-29"
35101;"RR_Mdn_mv";;"Mdn_mv";"0";"2023-11-29"
35102;"RR_Mdn_mv";;"Mdn_mv";"0";"2023-11-29"
35103;"RR_Mdn_mv";;"Mdn_mv";"0";"2023-11-29"
35104;"RR_Mdn_mv";;"Mdn_mv";"0";"2023-11-29"
35111;"RR_Mdn_mv";;"Mdn_mv";"0";"2023-11-29"
35112;"RR_Mdn_mv";;"Mdn_mv";"0";"2023-11-29"
35113;"RR_Mdn_mv";;"Mdn_mv";"0";"2023-11-29"
35114;"RR_Mdn_mv";;"Mdn_mv";"0";"2023-11-29"
35115;"RR_Mdn_mv";;"Mdn_mv";"0";"2023-11-29"
35121;"RR_Mdn_mv";;"Mdn_mv";"0";"2023-11-29"
35131;"RR_Mdn_mv";;"Mdn_mv";"0";"2023-11-29"
35132;"RR_Mdn_mv";;"Mdn_mv";"0";"2023-11-29"
35133;"RR_Mdn_mv";;"Mdn_mv";"0";"2023-11-29"
35141;"RR_Mdn_mv";;"Mdn_mv";"0";"2023-11-29"
35142;"RR_Mdn_mv";;"Mdn_mv";"0";"2023-11-29"
35143;"RR_Mdn_mv";;"Mdn_mv";"0";"2023-11-29"
35151;"RR_Mdn_mv";;"Mdn_mv";"0";"2023-11-29"
35152;"RR_Mdn_mv";;"Mdn_mv";"0";"2023-11-29"
35153;"RR_Mdn_mv";;"Mdn_mv";"0";"2023-11-29"
35154;"RR_Mdn_mv";;"Mdn_mv";"0";"2023-11-29"
35155;"RR_Mdn_mv";1.9937580878;"Mdn_mv";"1.1-2.0";"2023-11-29"
35156;"RR_Mdn_mv";1.9937580878;"Mdn_mv";"1.1-2.0";"2023-11-29"
35157;"RR_Mdn_mv";;"Mdn_mv";"0";"2023-11-29"
35161;"RR_Mdn_mv";;"Mdn_mv";"0";"2023-11-29"
35162;"RR_Mdn_mv";;"Mdn_mv";"0";"2023-11-29"
35163;"RR_Mdn_mv";;"Mdn_mv";"0";"2023-11-29"
35171;"RR_Mdn_mv";;"Mdn_mv";"0";"2023-11-29"
35172;"RR_Mdn_mv";;"Mdn_mv";"0";"2023-11-29"
35173;"RR_Mdn_mv";;"Mdn_mv";"0";"2023-11-29"
35174;"RR_Mdn_mv";;"Mdn_mv";"0";"2023-11-29"
35011;"RR_obs";;"obs";"0";"2023-11-29"
35012;"RR_obs";;"obs";"0";"2023-11-29"
35013;"RR_obs";;"obs";"0";"2023-11-29"
35014;"RR_obs";;"obs";"0";"2023-11-29"
35015;"RR_obs";;"obs";"0";"2023-11-29"
35016;"RR_obs";;"obs";"0";"2023-11-29"
35021;"RR_obs";;"obs";"0";"2023-11-29"
35022;"RR_obs";;"obs";"0";"2023-11-29"
35023;"RR_obs";;"obs";"0";"2023-11-29"
35031;"RR_obs";;"obs";"0";"2023-11-29"
35032;"RR_obs";;"obs";"0";"2023-11-29"
35033;"RR_obs";;"obs";"0";"2023-11-29"
35034;"RR_obs";;"obs";"0";"2023-11-29"
35041;"RR_obs";;"obs";"0";"2023-11-29"
35051;"RR_obs";;"obs";"0";"2023-11-29"
35052;"RR_obs";;"obs";"0";"2023-11-29"
35061;"RR_obs";;"obs";"0";"2023-11-29"
35062;"RR_obs";;"obs";"0";"2023-11-29"
35063;"RR_obs";;"obs";"0";"2023-11-29"
35064;"RR_obs";;"obs";"0";"2023-11-29"
35065;"RR_obs";;"obs";"0";"2023-11-29"
35071;"RR_obs";;"obs";"0";"2023-11-29"
35072;"RR_obs";;"obs";"0";"2023-11-29"
35073;"RR_obs";;"obs";"0";"2023-11-29"
35074;"RR_obs";;"obs";"0";"2023-11-29"
35081;"RR_obs";;"obs";"0";"2023-11-29"
35082;"RR_obs";;"obs";"0";"2023-11-29"
35083;"RR_obs";;"obs";"0";"2023-11-29"
35091;"RR_obs";;"obs";"0";"2023-11-29"
35092;"RR_obs";;"obs";"0";"2023-11-29"
35093;"RR_obs";;"obs";"0";"2023-11-29"
35094;"RR_obs";;"obs";"0";"2023-11-29"
35095;"RR_obs";;"obs";"0";"2023-11-29"
35101;"RR_obs";;"obs";"0";"2023-11-29"
35102;"RR_obs";;"obs";"0";"2023-11-29"
35103;"RR_obs";;"obs";"0";"2023-11-29"
35104;"RR_obs";;"obs";"0";"2023-11-29"
35111;"RR_obs";;"obs";"0";"2023-11-29"
35112;"RR_obs";;"obs";"0";"2023-11-29"
35113;"RR_obs";;"obs";"0";"2023-11-29"
35114;"RR_obs";;"obs";"0";"2023-11-29"
35115;"RR_obs";;"obs";"0";"2023-11-29"
35121;"RR_obs";;"obs";"0";"2023-11-29"
35131;"RR_obs";;"obs";"0";"2023-11-29"
35132;"RR_obs";;"obs";"0";"2023-11-29"
35133;"RR_obs";;"obs";"0";"2023-11-29"
35141;"RR_obs";;"obs";"0";"2023-11-29"
35142;"RR_obs";;"obs";"0";"2023-11-29"
35143;"RR_obs";;"obs";"0";"2023-11-29"
35151;"RR_obs";;"obs";"0";"2023-11-29"
35152;"RR_obs";;"obs";"0";"2023-11-29"
35153;"RR_obs";;"obs";"0";"2023-11-29"
35154;"RR_obs";;"obs";"0";"2023-11-29"
35155;"RR_obs";;"obs";"0";"2023-11-29"
35156;"RR_obs";;"obs";"0";"2023-11-29"
35157;"RR_obs";;"obs";"0";"2023-11-29"
35161;"RR_obs";;"obs";"0";"2023-11-29"
35162;"RR_obs";;"obs";"0";"2023-11-29"
35163;"RR_obs";;"obs";"0";"2023-11-29"
35171;"RR_obs";;"obs";"0";"2023-11-29"
35172;"RR_obs";;"obs";"0";"2023-11-29"
35173;"RR_obs";;"obs";"0";"2023-11-29"
35174;"RR_obs";;"obs";"0";"2023-11-29"
35011;"RR_casos";;"casos";"0";"2023-11-08"
35012;"RR_casos";;"casos";"0";"2023-11-08"
35013;"RR_casos";;"casos";"0";"2023-11-08"
35014;"RR_casos";;"casos";"0";"2023-11-08"
35015;"RR_casos";;"casos";"0";"2023-11-08"
35016;"RR_casos";;"casos";"0";"2023-11-08"
35021;"RR_casos";;"casos";"0";"2023-11-08"
35022;"RR_casos";;"casos";"0";"2023-11-08"
35023;"RR_casos";;"casos";"0";"2023-11-08"
35031;"RR_casos";;"casos";"0";"2023-11-08"
35032;"RR_casos";;"casos";"0";"2023-11-08"
35033;"RR_casos";;"casos";"0";"2023-11-08"
35034;"RR_casos";;"casos";"0";"2023-11-08"
35041;"RR_casos";;"casos";"0";"2023-11-08"
35051;"RR_casos";;"casos";"0";"2023-11-08"
35052;"RR_casos";;"casos";"0";"2023-11-08"
35061;"RR_casos";;"casos";"0";"2023-11-08"
35062;"RR_casos";;"casos";"0";"2023-11-08"
35063;"RR_casos";3.2077003802;"casos";">3";"2023-11-08"
35064;"RR_casos";;"casos";"0";"2023-11-08"
35065;"RR_casos";;"casos";"0";"2023-11-08"
35071;"RR_casos";;"casos";"0";"2023-11-08"
35072;"RR_casos";;"casos";"0";"2023-11-08"
35073;"RR_casos";;"casos";"0";"2023-11-08"
35074;"RR_casos";;"casos";"0";"2023-11-08"
35081;"RR_casos";;"casos";"0";"2023-11-08"
35082;"RR_casos";;"casos";"0";"2023-11-08"
35083;"RR_casos";;"casos";"0";"2023-11-08"
35091;"RR_casos";;"casos";"0";"2023-11-08"
35092;"RR_casos";;"casos";"0";"2023-11-08"
35093;"RR_casos";3.0816799404;"casos";">3";"2023-11-08"
35094;"RR_casos";;"casos";"0";"2023-11-08"
35095;"RR_casos";;"casos";"0";"2023-11-08"
35101;"RR_casos";;"casos";"0";"2023-11-08"
35102;"RR_casos";;"casos";"0";"2023-11-08"
35103;"RR_casos";;"casos";"0";"2023-11-08"
35104;"RR_casos";;"casos";"0";"2023-11-08"
35111;"RR_casos";;"casos";"0";"2023-11-08"
35112;"RR_casos";;"casos";"0";"2023-11-08"
35113;"RR_casos";;"casos";"0";"2023-11-08"
35114;"RR_casos";;"casos";"0";"2023-11-08"
35115;"RR_casos";;"casos";"0";"2023-11-08"
35121;"RR_casos";;"casos";"0";"2023-11-08"
35131;"RR_casos";;"casos";"0";"2023-11-08"
35132;"RR_casos";;"casos";"0";"2023-11-08"
35133;"RR_casos";;"casos";"0";"2023-11-08"
35141;"RR_casos";;"casos";"0";"2023-11-08"
35142;"RR_casos";;"casos";"0";"2023-11-08"
35143;"RR_casos";;"casos";"0";"2023-11-08"
35151;"RR_casos";;"casos";"0";"2023-11-08"
35152;"RR_casos";;"casos";"0";"2023-11-08"
35153;"RR_casos";;"casos";"0";"2023-11-08"
35154;"RR_casos";;"casos";"0";"2023-11-08"
35155;"RR_casos";1.8260415385;"casos";"1.1-2.0";"2023-11-08"
35156;"RR_casos";1.8260415385;"casos";"1.1-2.0";"2023-11-08"
35157;"RR_casos";;"casos";"0";"2023-11-08"
35161;"RR_casos";;"casos";"0";"2023-11-08"
35162;"RR_casos";;"casos";"0";"2023-11-08"
35163;"RR_casos";;"casos";"0";"2023-11-08"
35171;"RR_casos";;"casos";"0";"2023-11-08"
35172;"RR_casos";;"casos";"0";"2023-11-08"
35173;"RR_casos";1.9558670266;"casos";"1.1-2.0";"2023-11-08"
35174;"RR_casos";1.9558670266;"casos";"1.1-2.0";"2023-11-08"
35011;"RR_Mdn";;"Mdn";"0";"2023-11-08"
35012;"RR_Mdn";;"Mdn";"0";"2023-11-08"
35013;"RR_Mdn";;"Mdn";"0";"2023-11-08"
35014;"RR_Mdn";;"Mdn";"0";"2023-11-08"
35015;"RR_Mdn";;"Mdn";"0";"2023-11-08"
35016;"RR_Mdn";;"Mdn";"0";"2023-11-08"
35021;"RR_Mdn";;"Mdn";"0";"2023-11-08"
35022;"RR_Mdn";;"Mdn";"0";"2023-11-08"
35023;"RR_Mdn";;"Mdn";"0";"2023-11-08"
35031;"RR_Mdn";;"Mdn";"0";"2023-11-08"
35032;"RR_Mdn";;"Mdn";"0";"2023-11-08"
35033;"RR_Mdn";;"Mdn";"0";"2023-11-08"
35034;"RR_Mdn";;"Mdn";"0";"2023-11-08"
35041;"RR_Mdn";;"Mdn";"0";"2023-11-08"
35051;"RR_Mdn";;"Mdn";"0";"2023-11-08"
35052;"RR_Mdn";;"Mdn";"0";"2023-11-08"
35061;"RR_Mdn";;"Mdn";"0";"2023-11-08"
35062;"RR_Mdn";;"Mdn";"0";"2023-11-08"
35063;"RR_Mdn";;"Mdn";"0";"2023-11-08"
35064;"RR_Mdn";;"Mdn";"0";"2023-11-08"
35065;"RR_Mdn";;"Mdn";"0";"2023-11-08"
35071;"RR_Mdn";;"Mdn";"0";"2023-11-08"
35072;"RR_Mdn";;"Mdn";"0";"2023-11-08"
35073;"RR_Mdn";;"Mdn";"0";"2023-11-08"
35074;"RR_Mdn";;"Mdn";"0";"2023-11-08"
35081;"RR_Mdn";;"Mdn";"0";"2023-11-08"
35082;"RR_Mdn";;"Mdn";"0";"2023-11-08"
35083;"RR_Mdn";;"Mdn";"0";"2023-11-08"
35091;"RR_Mdn";;"Mdn";"0";"2023-11-08"
35092;"RR_Mdn";;"Mdn";"0";"2023-11-08"
35093;"RR_Mdn";;"Mdn";"0";"2023-11-08"
35094;"RR_Mdn";;"Mdn";"0";"2023-11-08"
35095;"RR_Mdn";;"Mdn";"0";"2023-11-08"
35101;"RR_Mdn";;"Mdn";"0";"2023-11-08"
35102;"RR_Mdn";;"Mdn";"0";"2023-11-08"
35103;"RR_Mdn";;"Mdn";"0";"2023-11-08"
35104;"RR_Mdn";;"Mdn";"0";"2023-11-08"
35111;"RR_Mdn";;"Mdn";"0";"2023-11-08"
35112;"RR_Mdn";;"Mdn";"0";"2023-11-08"
35113;"RR_Mdn";;"Mdn";"0";"2023-11-08"
35114;"RR_Mdn";;"Mdn";"0";"2023-11-08"
35115;"RR_Mdn";;"Mdn";"0";"2023-11-08"
35121;"RR_Mdn";;"Mdn";"0";"2023-11-08"
35131;"RR_Mdn";;"Mdn";"0";"2023-11-08"
35132;"RR_Mdn";;"Mdn";"0";"2023-11-08"
35133;"RR_Mdn";;"Mdn";"0";"2023-11-08"
35141;"RR_Mdn";;"Mdn";"0";"2023-11-08"
35142;"RR_Mdn";;"Mdn";"0";"2023-11-08"
35143;"RR_Mdn";;"Mdn";"0";"2023-11-08"
35151;"RR_Mdn";;"Mdn";"0";"2023-11-08"
35152;"RR_Mdn";;"Mdn";"0";"2023-11-08"
35153;"RR_Mdn";;"Mdn";"0";"2023-11-08"
35154;"RR_Mdn";;"Mdn";"0";"2023-11-08"
35155;"RR_Mdn";;"Mdn";"0";"2023-11-08"
35156;"RR_Mdn";;"Mdn";"0";"2023-11-08"
35157;"RR_Mdn";;"Mdn";"0";"2023-11-08"
35161;"RR_Mdn";;"Mdn";"0";"2023-11-08"
35162;"RR_Mdn";;"Mdn";"0";"2023-11-08"
35163;"RR_Mdn";;"Mdn";"0";"2023-11-08"
35171;"RR_Mdn";;"Mdn";"0";"2023-11-08"
35172;"RR_Mdn";;"Mdn";"0";"2023-11-08"
35173;"RR_Mdn";2.4249958852;"Mdn";"2.0-3.0";"2023-11-08"
35174;"RR_Mdn";2.4249958852;"Mdn";"2.0-3.0";"2023-11-08"
35011;"RR_Mdn_mv";;"Mdn_mv";"0";"2023-11-08"
35012;"RR_Mdn_mv";;"Mdn_mv";"0";"2023-11-08"
35013;"RR_Mdn_mv";;"Mdn_mv";"0";"2023-11-08"
35014;"RR_Mdn_mv";;"Mdn_mv";"0";"2023-11-08"
35015;"RR_Mdn_mv";;"Mdn_mv";"0";"2023-11-08"
35016;"RR_Mdn_mv";;"Mdn_mv";"0";"2023-11-08"
35021;"RR_Mdn_mv";;"Mdn_mv";"0";"2023-11-08"
35022;"RR_Mdn_mv";;"Mdn_mv";"0";"2023-11-08"
35023;"RR_Mdn_mv";;"Mdn_mv";"0";"2023-11-08"
35031;"RR_Mdn_mv";;"Mdn_mv";"0";"2023-11-08"
35032;"RR_Mdn_mv";;"Mdn_mv";"0";"2023-11-08"
35033;"RR_Mdn_mv";;"Mdn_mv";"0";"2023-11-08"
35034;"RR_Mdn_mv";;"Mdn_mv";"0";"2023-11-08"
35041;"RR_Mdn_mv";;"Mdn_mv";"0";"2023-11-08"
35051;"RR_Mdn_mv";;"Mdn_mv";"0";"2023-11-08"
35052;"RR_Mdn_mv";;"Mdn_mv";"0";"2023-11-08"
35061;"RR_Mdn_mv";;"Mdn_mv";"0";"2023-11-08"
35062;"RR_Mdn_mv";;"Mdn_mv";"0";"2023-11-08"
35063;"RR_Mdn_mv";;"Mdn_mv";"0";"2023-11-08"
35064;"RR_Mdn_mv";;"Mdn_mv";"0";"2023-11-08"
35065;"RR_Mdn_mv";;"Mdn_mv";"0";"2023-11-08"
35071;"RR_Mdn_mv";;"Mdn_mv";"0";"2023-11-08"
35072;"RR_Mdn_mv";;"Mdn_mv";"0";"2023-11-08"
35073;"RR_Mdn_mv";;"Mdn_mv";"0";"2023-11-08"
35074;"RR_Mdn_mv";;"Mdn_mv";"0";"2023-11-08"
35081;"RR_Mdn_mv";;"Mdn_mv";"0";"2023-11-08"
35082;"RR_Mdn_mv";;"Mdn_mv";"0";"2023-11-08"
35083;"RR_Mdn_mv";;"Mdn_mv";"0";"2023-11-08"
35091;"RR_Mdn_mv";;"Mdn_mv";"0";"2023-11-08"
35092;"RR_Mdn_mv";;"Mdn_mv";"0";"2023-11-08"
35093;"RR_Mdn_mv";;"Mdn_mv";"0";"2023-11-08"
35094;"RR_Mdn_mv";;"Mdn_mv";"0";"2023-11-08"
35095;"RR_Mdn_mv";;"Mdn_mv";"0";"2023-11-08"
35101;"RR_Mdn_mv";;"Mdn_mv";"0";"2023-11-08"
35102;"RR_Mdn_mv";;"Mdn_mv";"0";"2023-11-08"
35103;"RR_Mdn_mv";;"Mdn_mv";"0";"2023-11-08"
35104;"RR_Mdn_mv";;"Mdn_mv";"0";"2023-11-08"
35111;"RR_Mdn_mv";;"Mdn_mv";"0";"2023-11-08"
35112;"RR_Mdn_mv";;"Mdn_mv";"0";"2023-11-08"
35113;"RR_Mdn_mv";;"Mdn_mv";"0";"2023-11-08"
35114;"RR_Mdn_mv";;"Mdn_mv";"0";"2023-11-08"
35115;"RR_Mdn_mv";;"Mdn_mv";"0";"2023-11-08"
35121;"RR_Mdn_mv";;"Mdn_mv";"0";"2023-11-08"
35131;"RR_Mdn_mv";;"Mdn_mv";"0";"2023-11-08"
35132;"RR_Mdn_mv";;"Mdn_mv";"0";"2023-11-08"
35133;"RR_Mdn_mv";;"Mdn_mv";"0";"2023-11-08"
35141;"RR_Mdn_mv";;"Mdn_mv";"0";"2023-11-08"
35142;"RR_Mdn_mv";;"Mdn_mv";"0";"2023-11-08"
35143;"RR_Mdn_mv";;"Mdn_mv";"0";"2023-11-08"
35151;"RR_Mdn_mv";;"Mdn_mv";"0";"2023-11-08"
35152;"RR_Mdn_mv";;"Mdn_mv";"0";"2023-11-08"
35153;"RR_Mdn_mv";;"Mdn_mv";"0";"2023-11-08"
35154;"RR_Mdn_mv";;"Mdn_mv";"0";"2023-11-08"
35155;"RR_Mdn_mv";;"Mdn_mv";"0";"2023-11-08"
35156;"RR_Mdn_mv";;"Mdn_mv";"0";"2023-11-08"
35157;"RR_Mdn_mv";;"Mdn_mv";"0";"2023-11-08"
35161;"RR_Mdn_mv";;"Mdn_mv";"0";"2023-11-08"
35162;"RR_Mdn_mv";;"Mdn_mv";"0";"2023-11-08"
35163;"RR_Mdn_mv";;"Mdn_mv";"0";"2023-11-08"
35171;"RR_Mdn_mv";;"Mdn_mv";"0";"2023-11-08"
35172;"RR_Mdn_mv";;"Mdn_mv";"0";"2023-11-08"
35173;"RR_Mdn_mv";2.4393062119;"Mdn_mv";"2.0-3.0";"2023-11-08"
35174;"RR_Mdn_mv";2.4393062119;"Mdn_mv";"2.0-3.0";"2023-11-08"
35011;"RR_obs";;"obs";"0";"2023-11-08"
35012;"RR_obs";;"obs";"0";"2023-11-08"
35013;"RR_obs";;"obs";"0";"2023-11-08"
35014;"RR_obs";;"obs";"0";"2023-11-08"
35015;"RR_obs";;"obs";"0";"2023-11-08"
35016;"RR_obs";;"obs";"0";"2023-11-08"
35021;"RR_obs";;"obs";"0";"2023-11-08"
35022;"RR_obs";;"obs";"0";"2023-11-08"
35023;"RR_obs";;"obs";"0";"2023-11-08"
35031;"RR_obs";;"obs";"0";"2023-11-08"
35032;"RR_obs";;"obs";"0";"2023-11-08"
35033;"RR_obs";;"obs";"0";"2023-11-08"
35034;"RR_obs";;"obs";"0";"2023-11-08"
35041;"RR_obs";;"obs";"0";"2023-11-08"
35051;"RR_obs";;"obs";"0";"2023-11-08"
35052;"RR_obs";;"obs";"0";"2023-11-08"
35061;"RR_obs";;"obs";"0";"2023-11-08"
35062;"RR_obs";;"obs";"0";"2023-11-08"
35063;"RR_obs";;"obs";"0";"2023-11-08"
35064;"RR_obs";;"obs";"0";"2023-11-08"
35065;"RR_obs";;"obs";"0";"2023-11-08"
35071;"RR_obs";;"obs";"0";"2023-11-08"
35072;"RR_obs";;"obs";"0";"2023-11-08"
35073;"RR_obs";;"obs";"0";"2023-11-08"
35074;"RR_obs";;"obs";"0";"2023-11-08"
35081;"RR_obs";;"obs";"0";"2023-11-08"
35082;"RR_obs";;"obs";"0";"2023-11-08"
35083;"RR_obs";;"obs";"0";"2023-11-08"
35091;"RR_obs";;"obs";"0";"2023-11-08"
35092;"RR_obs";;"obs";"0";"2023-11-08"
35093;"RR_obs";;"obs";"0";"2023-11-08"
35094;"RR_obs";;"obs";"0";"2023-11-08"
35095;"RR_obs";;"obs";"0";"2023-11-08"
35101;"RR_obs";;"obs";"0";"2023-11-08"
35102;"RR_obs";;"obs";"0";"2023-11-08"
35103;"RR_obs";;"obs";"0";"2023-11-08"
35104;"RR_obs";;"obs";"0";"2023-11-08"
35111;"RR_obs";;"obs";"0";"2023-11-08"
35112;"RR_obs";;"obs";"0";"2023-11-08"
35113;"RR_obs";;"obs";"0";"2023-11-08"
35114;"RR_obs";;"obs";"0";"2023-11-08"
35115;"RR_obs";;"obs";"0";"2023-11-08"
35121;"RR_obs";;"obs";"0";"2023-11-08"
35131;"RR_obs";;"obs";"0";"2023-11-08"
35132;"RR_obs";;"obs";"0";"2023-11-08"
35133;"RR_obs";;"obs";"0";"2023-11-08"
35141;"RR_obs";;"obs";"0";"2023-11-08"
35142;"RR_obs";;"obs";"0";"2023-11-08"
35143;"RR_obs";;"obs";"0";"2023-11-08"
35151;"RR_obs";;"obs";"0";"2023-11-08"
35152;"RR_obs";;"obs";"0";"2023-11-08"
35153;"RR_obs";;"obs";"0";"2023-11-08"
35154;"RR_obs";;"obs";"0";"2023-11-08"
35155;"RR_obs";;"obs";"0";"2023-11-08"
35156;"RR_obs";;"obs";"0";"2023-11-08"
35157;"RR_obs";;"obs";"0";"2023-11-08"
35161;"RR_obs";;"obs";"0";"2023-11-08"
35162;"RR_obs";;"obs";"0";"2023-11-08"
35163;"RR_obs";;"obs";"0";"2023-11-08"
35171;"RR_obs";;"obs";"0";"2023-11-08"
35172;"RR_obs";;"obs";"0";"2023-11-08"
35173;"RR_obs";;"obs";"0";"2023-11-08"
35174;"RR_obs";;"obs";"0";"2023-11-08"
35011;"RR_casos";;"casos";"0";"2023-11-01"
35012;"RR_casos";;"casos";"0";"2023-11-01"
35013;"RR_casos";;"casos";"0";"2023-11-01"
35014;"RR_casos";;"casos";"0";"2023-11-01"
35015;"RR_casos";;"casos";"0";"2023-11-01"
35016;"RR_casos";;"casos";"0";"2023-11-01"
35021;"RR_casos";;"casos";"0";"2023-11-01"
35022;"RR_casos";;"casos";"0";"2023-11-01"
35023;"RR_casos";;"casos";"0";"2023-11-01"
35031;"RR_casos";;"casos";"0";"2023-11-01"
35032;"RR_casos";;"casos";"0";"2023-11-01"
35033;"RR_casos";;"casos";"0";"2023-11-01"
35034;"RR_casos";;"casos";"0";"2023-11-01"
35041;"RR_casos";;"casos";"0";"2023-11-01"
35051;"RR_casos";;"casos";"0";"2023-11-01"
35052;"RR_casos";;"casos";"0";"2023-11-01"
35061;"RR_casos";;"casos";"0";"2023-11-01"
35062;"RR_casos";;"casos";"0";"2023-11-01"
35063;"RR_casos";2.7307973291;"casos";"2.0-3.0";"2023-11-01"
35064;"RR_casos";;"casos";"0";"2023-11-01"
35065;"RR_casos";;"casos";"0";"2023-11-01"
35071;"RR_casos";;"casos";"0";"2023-11-01"
35072;"RR_casos";1.2822458785;"casos";"1.1-2.0";"2023-11-01"
35073;"RR_casos";;"casos";"0";"2023-11-01"
35074;"RR_casos";;"casos";"0";"2023-11-01"
35081;"RR_casos";;"casos";"0";"2023-11-01"
35082;"RR_casos";;"casos";"0";"2023-11-01"
35083;"RR_casos";;"casos";"0";"2023-11-01"
35091;"RR_casos";;"casos";"0";"2023-11-01"
35092;"RR_casos";;"casos";"0";"2023-11-01"
35093;"RR_casos";2.6677718713;"casos";"2.0-3.0";"2023-11-01"
35094;"RR_casos";;"casos";"0";"2023-11-01"
35095;"RR_casos";;"casos";"0";"2023-11-01"
35101;"RR_casos";;"casos";"0";"2023-11-01"
35102;"RR_casos";;"casos";"0";"2023-11-01"
35103;"RR_casos";;"casos";"0";"2023-11-01"
35104;"RR_casos";;"casos";"0";"2023-11-01"
35111;"RR_casos";;"casos";"0";"2023-11-01"
35112;"RR_casos";;"casos";"0";"2023-11-01"
35113;"RR_casos";;"casos";"0";"2023-11-01"
35114;"RR_casos";;"casos";"0";"2023-11-01"
35115;"RR_casos";;"casos";"0";"2023-11-01"
35121;"RR_casos";;"casos";"0";"2023-11-01"
35131;"RR_casos";;"casos";"0";"2023-11-01"
35132;"RR_casos";;"casos";"0";"2023-11-01"
35133;"RR_casos";;"casos";"0";"2023-11-01"
35141;"RR_casos";;"casos";"0";"2023-11-01"
35142;"RR_casos";;"casos";"0";"2023-11-01"
35143;"RR_casos";;"casos";"0";"2023-11-01"
35151;"RR_casos";;"casos";"0";"2023-11-01"
35152;"RR_casos";;"casos";"0";"2023-11-01"
35153;"RR_casos";;"casos";"0";"2023-11-01"
35154;"RR_casos";;"casos";"0";"2023-11-01"
35155;"RR_casos";1.5936774551;"casos";"1.1-2.0";"2023-11-01"
35156;"RR_casos";1.5936774551;"casos";"1.1-2.0";"2023-11-01"
35157;"RR_casos";;"casos";"0";"2023-11-01"
35161;"RR_casos";;"casos";"0";"2023-11-01"
35162;"RR_casos";;"casos";"0";"2023-11-01"
35163;"RR_casos";;"casos";"0";"2023-11-01"
35171;"RR_casos";1.6372387169;"casos";"1.1-2.0";"2023-11-01"
35172;"RR_casos";;"casos";"0";"2023-11-01"
35173;"RR_casos";1.6372387169;"casos";"1.1-2.0";"2023-11-01"
35174;"RR_casos";1.6372387169;"casos";"1.1-2.0";"2023-11-01"
35011;"RR_Mdn";;"Mdn";"0";"2023-11-01"
35012;"RR_Mdn";;"Mdn";"0";"2023-11-01"
35013;"RR_Mdn";;"Mdn";"0";"2023-11-01"
35014;"RR_Mdn";;"Mdn";"0";"2023-11-01"
35015;"RR_Mdn";;"Mdn";"0";"2023-11-01"
35016;"RR_Mdn";;"Mdn";"0";"2023-11-01"
35021;"RR_Mdn";;"Mdn";"0";"2023-11-01"
35022;"RR_Mdn";;"Mdn";"0";"2023-11-01"
35023;"RR_Mdn";;"Mdn";"0";"2023-11-01"
35031;"RR_Mdn";;"Mdn";"0";"2023-11-01"
35032;"RR_Mdn";;"Mdn";"0";"2023-11-01"
35033;"RR_Mdn";;"Mdn";"0";"2023-11-01"
35034;"RR_Mdn";;"Mdn";"0";"2023-11-01"
35041;"RR_Mdn";;"Mdn";"0";"2023-11-01"
35051;"RR_Mdn";;"Mdn";"0";"2023-11-01"
35052;"RR_Mdn";;"Mdn";"0";"2023-11-01"
35061;"RR_Mdn";;"Mdn";"0";"2023-11-01"
35062;"RR_Mdn";;"Mdn";"0";"2023-11-01"
35063;"RR_Mdn";1.7453063682;"Mdn";"1.1-2.0";"2023-11-01"
35064;"RR_Mdn";;"Mdn";"0";"2023-11-01"
35065;"RR_Mdn";;"Mdn";"0";"2023-11-01"
35071;"RR_Mdn";;"Mdn";"0";"2023-11-01"
35072;"RR_Mdn";;"Mdn";"0";"2023-11-01"
35073;"RR_Mdn";;"Mdn";"0";"2023-11-01"
35074;"RR_Mdn";;"Mdn";"0";"2023-11-01"
35081;"RR_Mdn";;"Mdn";"0";"2023-11-01"
35082;"RR_Mdn";;"Mdn";"0";"2023-11-01"
35083;"RR_Mdn";;"Mdn";"0";"2023-11-01"
35091;"RR_Mdn";;"Mdn";"0";"2023-11-01"
35092;"RR_Mdn";;"Mdn";"0";"2023-11-01"
35093;"RR_Mdn";2.1015439269;"Mdn";"2.0-3.0";"2023-11-01"
35094;"RR_Mdn";;"Mdn";"0";"2023-11-01"
35095;"RR_Mdn";;"Mdn";"0";"2023-11-01"
35101;"RR_Mdn";;"Mdn";"0";"2023-11-01"
35102;"RR_Mdn";;"Mdn";"0";"2023-11-01"
35103;"RR_Mdn";1.7453063682;"Mdn";"1.1-2.0";"2023-11-01"
35104;"RR_Mdn";;"Mdn";"0";"2023-11-01"
35111;"RR_Mdn";;"Mdn";"0";"2023-11-01"
35112;"RR_Mdn";;"Mdn";"0";"2023-11-01"
35113;"RR_Mdn";;"Mdn";"0";"2023-11-01"
35114;"RR_Mdn";;"Mdn";"0";"2023-11-01"
35115;"RR_Mdn";;"Mdn";"0";"2023-11-01"
35121;"RR_Mdn";;"Mdn";"0";"2023-11-01"
35131;"RR_Mdn";;"Mdn";"0";"2023-11-01"
35132;"RR_Mdn";;"Mdn";"0";"2023-11-01"
35133;"RR_Mdn";;"Mdn";"0";"2023-11-01"
35141;"RR_Mdn";;"Mdn";"0";"2023-11-01"
35142;"RR_Mdn";;"Mdn";"0";"2023-11-01"
35143;"RR_Mdn";;"Mdn";"0";"2023-11-01"
35151;"RR_Mdn";;"Mdn";"0";"2023-11-01"
35152;"RR_Mdn";;"Mdn";"0";"2023-11-01"
35153;"RR_Mdn";;"Mdn";"0";"2023-11-01"
35154;"RR_Mdn";;"Mdn";"0";"2023-11-01"
35155;"RR_Mdn";;"Mdn";"0";"2023-11-01"
35156;"RR_Mdn";;"Mdn";"0";"2023-11-01"
35157;"RR_Mdn";;"Mdn";"0";"2023-11-01"
35161;"RR_Mdn";;"Mdn";"0";"2023-11-01"
35162;"RR_Mdn";;"Mdn";"0";"2023-11-01"
35163;"RR_Mdn";1.6410804985;"Mdn";"1.1-2.0";"2023-11-01"
35171;"RR_Mdn";2.1876394205;"Mdn";"2.0-3.0";"2023-11-01"
35172;"RR_Mdn";;"Mdn";"0";"2023-11-01"
35173;"RR_Mdn";2.1876394205;"Mdn";"2.0-3.0";"2023-11-01"
35174;"RR_Mdn";2.1876394205;"Mdn";"2.0-3.0";"2023-11-01"
35011;"RR_Mdn_mv";;"Mdn_mv";"0";"2023-11-01"
35012;"RR_Mdn_mv";;"Mdn_mv";"0";"2023-11-01"
35013;"RR_Mdn_mv";;"Mdn_mv";"0";"2023-11-01"
35014;"RR_Mdn_mv";;"Mdn_mv";"0";"2023-11-01"
35015;"RR_Mdn_mv";;"Mdn_mv";"0";"2023-11-01"
35016;"RR_Mdn_mv";;"Mdn_mv";"0";"2023-11-01"
35021;"RR_Mdn_mv";;"Mdn_mv";"0";"2023-11-01"
35022;"RR_Mdn_mv";;"Mdn_mv";"0";"2023-11-01"
35023;"RR_Mdn_mv";;"Mdn_mv";"0";"2023-11-01"
35031;"RR_Mdn_mv";;"Mdn_mv";"0";"2023-11-01"
35032;"RR_Mdn_mv";;"Mdn_mv";"0";"2023-11-01"
35033;"RR_Mdn_mv";;"Mdn_mv";"0";"2023-11-01"
35034;"RR_Mdn_mv";;"Mdn_mv";"0";"2023-11-01"
35041;"RR_Mdn_mv";;"Mdn_mv";"0";"2023-11-01"
35051;"RR_Mdn_mv";;"Mdn_mv";"0";"2023-11-01"
35052;"RR_Mdn_mv";;"Mdn_mv";"0";"2023-11-01"
35061;"RR_Mdn_mv";;"Mdn_mv";"0";"2023-11-01"
35062;"RR_Mdn_mv";;"Mdn_mv";"0";"2023-11-01"
35063;"RR_Mdn_mv";2.7599725142;"Mdn_mv";"2.0-3.0";"2023-11-01"
35064;"RR_Mdn_mv";;"Mdn_mv";"0";"2023-11-01"
35065;"RR_Mdn_mv";;"Mdn_mv";"0";"2023-11-01"
35071;"RR_Mdn_mv";;"Mdn_mv";"0";"2023-11-01"
35072;"RR_Mdn_mv";;"Mdn_mv";"0";"2023-11-01"
35073;"RR_Mdn_mv";;"Mdn_mv";"0";"2023-11-01"
35074;"RR_Mdn_mv";;"Mdn_mv";"0";"2023-11-01"
35081;"RR_Mdn_mv";;"Mdn_mv";"0";"2023-11-01"
35082;"RR_Mdn_mv";;"Mdn_mv";"0";"2023-11-01"
35083;"RR_Mdn_mv";;"Mdn_mv";"0";"2023-11-01"
35091;"RR_Mdn_mv";;"Mdn_mv";"0";"2023-11-01"
35092;"RR_Mdn_mv";;"Mdn_mv";"0";"2023-11-01"
35093;"RR_Mdn_mv";2.4163803135;"Mdn_mv";"2.0-3.0";"2023-11-01"
35094;"RR_Mdn_mv";;"Mdn_mv";"0";"2023-11-01"
35095;"RR_Mdn_mv";;"Mdn_mv";"0";"2023-11-01"
35101;"RR_Mdn_mv";;"Mdn_mv";"0";"2023-11-01"
35102;"RR_Mdn_mv";;"Mdn_mv";"0";"2023-11-01"
35103;"RR_Mdn_mv";;"Mdn_mv";"0";"2023-11-01"
35104;"RR_Mdn_mv";;"Mdn_mv";"0";"2023-11-01"
35111;"RR_Mdn_mv";;"Mdn_mv";"0";"2023-11-01"
35112;"RR_Mdn_mv";;"Mdn_mv";"0";"2023-11-01"
35113;"RR_Mdn_mv";;"Mdn_mv";"0";"2023-11-01"
35114;"RR_Mdn_mv";;"Mdn_mv";"0";"2023-11-01"
35115;"RR_Mdn_mv";;"Mdn_mv";"0";"2023-11-01"
35121;"RR_Mdn_mv";;"Mdn_mv";"0";"2023-11-01"
35131;"RR_Mdn_mv";;"Mdn_mv";"0";"2023-11-01"
35132;"RR_Mdn_mv";;"Mdn_mv";"0";"2023-11-01"
35133;"RR_Mdn_mv";;"Mdn_mv";"0";"2023-11-01"
35141;"RR_Mdn_mv";;"Mdn_mv";"0";"2023-11-01"
35142;"RR_Mdn_mv";;"Mdn_mv";"0";"2023-11-01"
35143;"RR_Mdn_mv";;"Mdn_mv";"0";"2023-11-01"
35151;"RR_Mdn_mv";;"Mdn_mv";"0";"2023-11-01"
35152;"RR_Mdn_mv";;"Mdn_mv";"0";"2023-11-01"
35153;"RR_Mdn_mv";;"Mdn_mv";"0";"2023-11-01"
35154;"RR_Mdn_mv";;"Mdn_mv";"0";"2023-11-01"
35155;"RR_Mdn_mv";;"Mdn_mv";"0";"2023-11-01"
35156;"RR_Mdn_mv";;"Mdn_mv";"0";"2023-11-01"
35157;"RR_Mdn_mv";;"Mdn_mv";"0";"2023-11-01"
35161;"RR_Mdn_mv";;"Mdn_mv";"0";"2023-11-01"
35162;"RR_Mdn_mv";;"Mdn_mv";"0";"2023-11-01"
35163;"RR_Mdn_mv";1.4820544234;"Mdn_mv";"1.1-2.0";"2023-11-01"
35171;"RR_Mdn_mv";2.0905389581;"Mdn_mv";"2.0-3.0";"2023-11-01"
35172;"RR_Mdn_mv";;"Mdn_mv";"0";"2023-11-01"
35173;"RR_Mdn_mv";2.0905389581;"Mdn_mv";"2.0-3.0";"2023-11-01"
35174;"RR_Mdn_mv";2.0905389581;"Mdn_mv";"2.0-3.0";"2023-11-01"
35011;"RR_obs";;"obs";"0";"2023-11-01"
35012;"RR_obs";;"obs";"0";"2023-11-01"
35013;"RR_obs";;"obs";"0";"2023-11-01"
35014;"RR_obs";;"obs";"0";"2023-11-01"
35015;"RR_obs";;"obs";"0";"2023-11-01"
35016;"RR_obs";;"obs";"0";"2023-11-01"
35021;"RR_obs";;"obs";"0";"2023-11-01"
35022;"RR_obs";;"obs";"0";"2023-11-01"
35023;"RR_obs";;"obs";"0";"2023-11-01"
35031;"RR_obs";;"obs";"0";"2023-11-01"
35032;"RR_obs";;"obs";"0";"2023-11-01"
35033;"RR_obs";;"obs";"0";"2023-11-01"
35034;"RR_obs";;"obs";"0";"2023-11-01"
35041;"RR_obs";;"obs";"0";"2023-11-01"
35051;"RR_obs";;"obs";"0";"2023-11-01"
35052;"RR_obs";;"obs";"0";"2023-11-01"
35061;"RR_obs";;"obs";"0";"2023-11-01"
35062;"RR_obs";;"obs";"0";"2023-11-01"
35063;"RR_obs";;"obs";"0";"2023-11-01"
35064;"RR_obs";;"obs";"0";"2023-11-01"
35065;"RR_obs";;"obs";"0";"2023-11-01"
35071;"RR_obs";;"obs";"0";"2023-11-01"
35072;"RR_obs";;"obs";"0";"2023-11-01"
35073;"RR_obs";;"obs";"0";"2023-11-01"
35074;"RR_obs";;"obs";"0";"2023-11-01"
35081;"RR_obs";;"obs";"0";"2023-11-01"
35082;"RR_obs";;"obs";"0";"2023-11-01"
35083;"RR_obs";;"obs";"0";"2023-11-01"
35091;"RR_obs";;"obs";"0";"2023-11-01"
35092;"RR_obs";;"obs";"0";"2023-11-01"
35093;"RR_obs";;"obs";"0";"2023-11-01"
35094;"RR_obs";;"obs";"0";"2023-11-01"
35095;"RR_obs";;"obs";"0";"2023-11-01"
35101;"RR_obs";;"obs";"0";"2023-11-01"
35102;"RR_obs";;"obs";"0";"2023-11-01"
35103;"RR_obs";;"obs";"0";"2023-11-01"
35104;"RR_obs";;"obs";"0";"2023-11-01"
35111;"RR_obs";;"obs";"0";"2023-11-01"
35112;"RR_obs";;"obs";"0";"2023-11-01"
35113;"RR_obs";;"obs";"0";"2023-11-01"
35114;"RR_obs";;"obs";"0";"2023-11-01"
35115;"RR_obs";;"obs";"0";"2023-11-01"
35121;"RR_obs";;"obs";"0";"2023-11-01"
35131;"RR_obs";;"obs";"0";"2023-11-01"
35132;"RR_obs";;"obs";"0";"2023-11-01"
35133;"RR_obs";;"obs";"0";"2023-11-01"
35141;"RR_obs";;"obs";"0";"2023-11-01"
35142;"RR_obs";;"obs";"0";"2023-11-01"
35143;"RR_obs";;"obs";"0";"2023-11-01"
35151;"RR_obs";;"obs";"0";"2023-11-01"
35152;"RR_obs";;"obs";"0";"2023-11-01"
35153;"RR_obs";;"obs";"0";"2023-11-01"
35154;"RR_obs";;"obs";"0";"2023-11-01"
35155;"RR_obs";;"obs";"0";"2023-11-01"
35156;"RR_obs";;"obs";"0";"2023-11-01"
35157;"RR_obs";;"obs";"0";"2023-11-01"
35161;"RR_obs";;"obs";"0";"2023-11-01"
35162;"RR_obs";;"obs";"0";"2023-11-01"
35163;"RR_obs";;"obs";"0";"2023-11-01"
35171;"RR_obs";;"obs";"0";"2023-11-01"
35172;"RR_obs";;"obs";"0";"2023-11-01"
35173;"RR_obs";;"obs";"0";"2023-11-01"
35174;"RR_obs";;"obs";"0";"2023-11-01"
35011;"RR_casos";;"casos";"0";"2023-10-25"
35012;"RR_casos";;"casos";"0";"2023-10-25"
35013;"RR_casos";;"casos";"0";"2023-10-25"
35014;"RR_casos";;"casos";"0";"2023-10-25"
35015;"RR_casos";1.2020437663;"casos";"1.1-2.0";"2023-10-25"
35016;"RR_casos";1.2020437663;"casos";"1.1-2.0";"2023-10-25"
35021;"RR_casos";;"casos";"0";"2023-10-25"
35022;"RR_casos";;"casos";"0";"2023-10-25"
35023;"RR_casos";;"casos";"0";"2023-10-25"
35031;"RR_casos";;"casos";"0";"2023-10-25"
35032;"RR_casos";;"casos";"0";"2023-10-25"
35033;"RR_casos";;"casos";"0";"2023-10-25"
35034;"RR_casos";;"casos";"0";"2023-10-25"
35041;"RR_casos";1.2020437663;"casos";"1.1-2.0";"2023-10-25"
35051;"RR_casos";;"casos";"0";"2023-10-25"
35052;"RR_casos";;"casos";"0";"2023-10-25"
35061;"RR_casos";;"casos";"0";"2023-10-25"
35062;"RR_casos";;"casos";"0";"2023-10-25"
35063;"RR_casos";3.0147083495;"casos";">3";"2023-10-25"
35064;"RR_casos";;"casos";"0";"2023-10-25"
35065;"RR_casos";;"casos";"0";"2023-10-25"
35071;"RR_casos";;"casos";"0";"2023-10-25"
35072;"RR_casos";1.4095302108;"casos";"1.1-2.0";"2023-10-25"
35073;"RR_casos";;"casos";"0";"2023-10-25"
35074;"RR_casos";;"casos";"0";"2023-10-25"
35081;"RR_casos";;"casos";"0";"2023-10-25"
35082;"RR_casos";;"casos";"0";"2023-10-25"
35083;"RR_casos";;"casos";"0";"2023-10-25"
35091;"RR_casos";;"casos";"0";"2023-10-25"
35092;"RR_casos";;"casos";"0";"2023-10-25"
35093;"RR_casos";2.9821840803;"casos";"2.0-3.0";"2023-10-25"
35094;"RR_casos";;"casos";"0";"2023-10-25"
35095;"RR_casos";;"casos";"0";"2023-10-25"
35101;"RR_casos";;"casos";"0";"2023-10-25"
35102;"RR_casos";;"casos";"0";"2023-10-25"
35103;"RR_casos";;"casos";"0";"2023-10-25"
35104;"RR_casos";;"casos";"0";"2023-10-25"
35111;"RR_casos";;"casos";"0";"2023-10-25"
35112;"RR_casos";;"casos";"0";"2023-10-25"
35113;"RR_casos";;"casos";"0";"2023-10-25"
35114;"RR_casos";;"casos";"0";"2023-10-25"
35115;"RR_casos";;"casos";"0";"2023-10-25"
35121;"RR_casos";;"casos";"0";"2023-10-25"
35131;"RR_casos";;"casos";"0";"2023-10-25"
35132;"RR_casos";;"casos";"0";"2023-10-25"
35133;"RR_casos";;"casos";"0";"2023-10-25"
35141;"RR_casos";;"casos";"0";"2023-10-25"
35142;"RR_casos";;"casos";"0";"2023-10-25"
35143;"RR_casos";;"casos";"0";"2023-10-25"
35151;"RR_casos";;"casos";"0";"2023-10-25"
35152;"RR_casos";;"casos";"0";"2023-10-25"
35153;"RR_casos";;"casos";"0";"2023-10-25"
35154;"RR_casos";;"casos";"0";"2023-10-25"
35155;"RR_casos";;"casos";"0";"2023-10-25"
35156;"RR_casos";;"casos";"0";"2023-10-25"
35157;"RR_casos";;"casos";"0";"2023-10-25"
35161;"RR_casos";;"casos";"0";"2023-10-25"
35162;"RR_casos";;"casos";"0";"2023-10-25"
35163;"RR_casos";;"casos";"0";"2023-10-25"
35171;"RR_casos";2.0755526981;"casos";"2.0-3.0";"2023-10-25"
35172;"RR_casos";;"casos";"0";"2023-10-25"
35173;"RR_casos";2.0755526981;"casos";"2.0-3.0";"2023-10-25"
35174;"RR_casos";2.0755526981;"casos";"2.0-3.0";"2023-10-25"
35011;"RR_Mdn";;"Mdn";"0";"2023-10-25"
35012;"RR_Mdn";;"Mdn";"0";"2023-10-25"
35013;"RR_Mdn";;"Mdn";"0";"2023-10-25"
35014;"RR_Mdn";;"Mdn";"0";"2023-10-25"
35015;"RR_Mdn";;"Mdn";"0";"2023-10-25"
35016;"RR_Mdn";;"Mdn";"0";"2023-10-25"
35021;"RR_Mdn";;"Mdn";"0";"2023-10-25"
35022;"RR_Mdn";;"Mdn";"0";"2023-10-25"
35023;"RR_Mdn";;"Mdn";"0";"2023-10-25"
35031;"RR_Mdn";;"Mdn";"0";"2023-10-25"
35032;"RR_Mdn";;"Mdn";"0";"2023-10-25"
35033;"RR_Mdn";;"Mdn";"0";"2023-10-25"
35034;"RR_Mdn";;"Mdn";"0";"2023-10-25"
35041;"RR_Mdn";;"Mdn";"0";"2023-10-25"
35051;"RR_Mdn";;"Mdn";"0";"2023-10-25"
35052;"RR_Mdn";;"Mdn";"0";"2023-10-25"
35061;"RR_Mdn";;"Mdn";"0";"2023-10-25"
35062;"RR_Mdn";;"Mdn";"0";"2023-10-25"
35063;"RR_Mdn";1.7257875644;"Mdn";"1.1-2.0";"2023-10-25"
35064;"RR_Mdn";;"Mdn";"0";"2023-10-25"
35065;"RR_Mdn";;"Mdn";"0";"2023-10-25"
35071;"RR_Mdn";;"Mdn";"0";"2023-10-25"
35072;"RR_Mdn";;"Mdn";"0";"2023-10-25"
35073;"RR_Mdn";;"Mdn";"0";"2023-10-25"
35074;"RR_Mdn";2.9640257632;"Mdn";"2.0-3.0";"2023-10-25"
35081;"RR_Mdn";;"Mdn";"0";"2023-10-25"
35082;"RR_Mdn";;"Mdn";"0";"2023-10-25"
35083;"RR_Mdn";;"Mdn";"0";"2023-10-25"
35091;"RR_Mdn";;"Mdn";"0";"2023-10-25"
35092;"RR_Mdn";;"Mdn";"0";"2023-10-25"
35093;"RR_Mdn";2.250002003;"Mdn";"2.0-3.0";"2023-10-25"
35094;"RR_Mdn";;"Mdn";"0";"2023-10-25"
35095;"RR_Mdn";;"Mdn";"0";"2023-10-25"
35101;"RR_Mdn";;"Mdn";"0";"2023-10-25"
35102;"RR_Mdn";;"Mdn";"0";"2023-10-25"
35103;"RR_Mdn";1.7257875644;"Mdn";"1.1-2.0";"2023-10-25"
35104;"RR_Mdn";;"Mdn";"0";"2023-10-25"
35111;"RR_Mdn";5.4293021721;"Mdn";">3";"2023-10-25"
35112;"RR_Mdn";;"Mdn";"0";"2023-10-25"
35113;"RR_Mdn";;"Mdn";"0";"2023-10-25"
35114;"RR_Mdn";;"Mdn";"0";"2023-10-25"
35115;"RR_Mdn";;"Mdn";"0";"2023-10-25"
35121;"RR_Mdn";;"Mdn";"0";"2023-10-25"
35131;"RR_Mdn";;"Mdn";"0";"2023-10-25"
35132;"RR_Mdn";;"Mdn";"0";"2023-10-25"
35133;"RR_Mdn";;"Mdn";"0";"2023-10-25"
35141;"RR_Mdn";;"Mdn";"0";"2023-10-25"
35142;"RR_Mdn";;"Mdn";"0";"2023-10-25"
35143;"RR_Mdn";;"Mdn";"0";"2023-10-25"
35151;"RR_Mdn";;"Mdn";"0";"2023-10-25"
35152;"RR_Mdn";;"Mdn";"0";"2023-10-25"
35153;"RR_Mdn";;"Mdn";"0";"2023-10-25"
35154;"RR_Mdn";;"Mdn";"0";"2023-10-25"
35155;"RR_Mdn";;"Mdn";"0";"2023-10-25"
35156;"RR_Mdn";;"Mdn";"0";"2023-10-25"
35157;"RR_Mdn";;"Mdn";"0";"2023-10-25"
35161;"RR_Mdn";;"Mdn";"0";"2023-10-25"
35162;"RR_Mdn";;"Mdn";"0";"2023-10-25"
35163;"RR_Mdn";;"Mdn";"0";"2023-10-25"
35171;"RR_Mdn";2.3555211335;"Mdn";"2.0-3.0";"2023-10-25"
35172;"RR_Mdn";;"Mdn";"0";"2023-10-25"
35173;"RR_Mdn";2.3555211335;"Mdn";"2.0-3.0";"2023-10-25"
35174;"RR_Mdn";2.3555211335;"Mdn";"2.0-3.0";"2023-10-25"
35011;"RR_Mdn_mv";;"Mdn_mv";"0";"2023-10-25"
35012;"RR_Mdn_mv";;"Mdn_mv";"0";"2023-10-25"
35013;"RR_Mdn_mv";;"Mdn_mv";"0";"2023-10-25"
35014;"RR_Mdn_mv";;"Mdn_mv";"0";"2023-10-25"
35015;"RR_Mdn_mv";;"Mdn_mv";"0";"2023-10-25"
35016;"RR_Mdn_mv";;"Mdn_mv";"0";"2023-10-25"
35021;"RR_Mdn_mv";;"Mdn_mv";"0";"2023-10-25"
35022;"RR_Mdn_mv";;"Mdn_mv";"0";"2023-10-25"
35023;"RR_Mdn_mv";;"Mdn_mv";"0";"2023-10-25"
35031;"RR_Mdn_mv";;"Mdn_mv";"0";"2023-10-25"
35032;"RR_Mdn_mv";;"Mdn_mv";"0";"2023-10-25"
35033;"RR_Mdn_mv";;"Mdn_mv";"0";"2023-10-25"
35034;"RR_Mdn_mv";;"Mdn_mv";"0";"2023-10-25"
35041;"RR_Mdn_mv";;"Mdn_mv";"0";"2023-10-25"
35051;"RR_Mdn_mv";;"Mdn_mv";"0";"2023-10-25"
35052;"RR_Mdn_mv";;"Mdn_mv";"0";"2023-10-25"
35061;"RR_Mdn_mv";;"Mdn_mv";"0";"2023-10-25"
35062;"RR_Mdn_mv";;"Mdn_mv";"0";"2023-10-25"
35063;"RR_Mdn_mv";1.9234373316;"Mdn_mv";"1.1-2.0";"2023-10-25"
35064;"RR_Mdn_mv";;"Mdn_mv";"0";"2023-10-25"
35065;"RR_Mdn_mv";;"Mdn_mv";"0";"2023-10-25"
35071;"RR_Mdn_mv";;"Mdn_mv";"0";"2023-10-25"
35072;"RR_Mdn_mv";;"Mdn_mv";"0";"2023-10-25"
35073;"RR_Mdn_mv";;"Mdn_mv";"0";"2023-10-25"
35074;"RR_Mdn_mv";;"Mdn_mv";"0";"2023-10-25"
35081;"RR_Mdn_mv";;"Mdn_mv";"0";"2023-10-25"
35082;"RR_Mdn_mv";;"Mdn_mv";"0";"2023-10-25"
35083;"RR_Mdn_mv";;"Mdn_mv";"0";"2023-10-25"
35091;"RR_Mdn_mv";;"Mdn_mv";"0";"2023-10-25"
35092;"RR_Mdn_mv";;"Mdn_mv";"0";"2023-10-25"
35093;"RR_Mdn_mv";2.5865588464;"Mdn_mv";"2.0-3.0";"2023-10-25"
35094;"RR_Mdn_mv";;"Mdn_mv";"0";"2023-10-25"
35095;"RR_Mdn_mv";;"Mdn_mv";"0";"2023-10-25"
35101;"RR_Mdn_mv";;"Mdn_mv";"0";"2023-10-25"
35102;"RR_Mdn_mv";;"Mdn_mv";"0";"2023-10-25"
35103;"RR_Mdn_mv";1.9234373316;"Mdn_mv";"1.1-2.0";"2023-10-25"
35104;"RR_Mdn_mv";;"Mdn_mv";"0";"2023-10-25"
35111;"RR_Mdn_mv";4.1909405915;"Mdn_mv";">3";"2023-10-25"
35112;"RR_Mdn_mv";;"Mdn_mv";"0";"2023-10-25"
35113;"RR_Mdn_mv";;"Mdn_mv";"0";"2023-10-25"
35114;"RR_Mdn_mv";;"Mdn_mv";"0";"2023-10-25"
35115;"RR_Mdn_mv";;"Mdn_mv";"0";"2023-10-25"
35121;"RR_Mdn_mv";;"Mdn_mv";"0";"2023-10-25"
35131;"RR_Mdn_mv";;"Mdn_mv";"0";"2023-10-25"
35132;"RR_Mdn_mv";;"Mdn_mv";"0";"2023-10-25"
35133;"RR_Mdn_mv";;"Mdn_mv";"0";"2023-10-25"
35141;"RR_Mdn_mv";;"Mdn_mv";"0";"2023-10-25"
35142;"RR_Mdn_mv";;"Mdn_mv";"0";"2023-10-25"
35143;"RR_Mdn_mv";;"Mdn_mv";"0";"2023-10-25"
35151;"RR_Mdn_mv";;"Mdn_mv";"0";"2023-10-25"
35152;"RR_Mdn_mv";;"Mdn_mv";"0";"2023-10-25"
35153;"RR_Mdn_mv";;"Mdn_mv";"0";"2023-10-25"
35154;"RR_Mdn_mv";;"Mdn_mv";"0";"2023-10-25"
35155;"RR_Mdn_mv";;"Mdn_mv";"0";"2023-10-25"
35156;"RR_Mdn_mv";;"Mdn_mv";"0";"2023-10-25"
35157;"RR_Mdn_mv";;"Mdn_mv";"0";"2023-10-25"
35161;"RR_Mdn_mv";;"Mdn_mv";"0";"2023-10-25"
35162;"RR_Mdn_mv";;"Mdn_mv";"0";"2023-10-25"
35163;"RR_Mdn_mv";;"Mdn_mv";"0";"2023-10-25"
35171;"RR_Mdn_mv";2.3008323744;"Mdn_mv";"2.0-3.0";"2023-10-25"
35172;"RR_Mdn_mv";;"Mdn_mv";"0";"2023-10-25"
35173;"RR_Mdn_mv";2.3008323744;"Mdn_mv";"2.0-3.0";"2023-10-25"
35174;"RR_Mdn_mv";2.3008323744;"Mdn_mv";"2.0-3.0";"2023-10-25"
35011;"RR_obs";;"obs";"0";"2023-10-25"
35012;"RR_obs";;"obs";"0";"2023-10-25"
35013;"RR_obs";;"obs";"0";"2023-10-25"
35014;"RR_obs";;"obs";"0";"2023-10-25"
35015;"RR_obs";;"obs";"0";"2023-10-25"
35016;"RR_obs";;"obs";"0";"2023-10-25"
35021;"RR_obs";;"obs";"0";"2023-10-25"
35022;"RR_obs";;"obs";"0";"2023-10-25"
35023;"RR_obs";;"obs";"0";"2023-10-25"
35031;"RR_obs";;"obs";"0";"2023-10-25"
35032;"RR_obs";;"obs";"0";"2023-10-25"
35033;"RR_obs";;"obs";"0";"2023-10-25"
35034;"RR_obs";;"obs";"0";"2023-10-25"
35041;"RR_obs";;"obs";"0";"2023-10-25"
35051;"RR_obs";;"obs";"0";"2023-10-25"
35052;"RR_obs";;"obs";"0";"2023-10-25"
35061;"RR_obs";;"obs";"0";"2023-10-25"
35062;"RR_obs";;"obs";"0";"2023-10-25"
35063;"RR_obs";;"obs";"0";"2023-10-25"
35064;"RR_obs";;"obs";"0";"2023-10-25"
35065;"RR_obs";;"obs";"0";"2023-10-25"
35071;"RR_obs";;"obs";"0";"2023-10-25"
35072;"RR_obs";;"obs";"0";"2023-10-25"
35073;"RR_obs";;"obs";"0";"2023-10-25"
35074;"RR_obs";;"obs";"0";"2023-10-25"
35081;"RR_obs";;"obs";"0";"2023-10-25"
35082;"RR_obs";;"obs";"0";"2023-10-25"
35083;"RR_obs";;"obs";"0";"2023-10-25"
35091;"RR_obs";;"obs";"0";"2023-10-25"
35092;"RR_obs";;"obs";"0";"2023-10-25"
35093;"RR_obs";;"obs";"0";"2023-10-25"
35094;"RR_obs";;"obs";"0";"2023-10-25"
35095;"RR_obs";;"obs";"0";"2023-10-25"
35101;"RR_obs";;"obs";"0";"2023-10-25"
35102;"RR_obs";;"obs";"0";"2023-10-25"
35103;"RR_obs";;"obs";"0";"2023-10-25"
35104;"RR_obs";;"obs";"0";"2023-10-25"
35111;"RR_obs";;"obs";"0";"2023-10-25"
35112;"RR_obs";;"obs";"0";"2023-10-25"
35113;"RR_obs";;"obs";"0";"2023-10-25"
35114;"RR_obs";;"obs";"0";"2023-10-25"
35115;"RR_obs";;"obs";"0";"2023-10-25"
35121;"RR_obs";;"obs";"0";"2023-10-25"
35131;"RR_obs";;"obs";"0";"2023-10-25"
35132;"RR_obs";;"obs";"0";"2023-10-25"
35133;"RR_obs";;"obs";"0";"2023-10-25"
35141;"RR_obs";;"obs";"0";"2023-10-25"
35142;"RR_obs";;"obs";"0";"2023-10-25"
35143;"RR_obs";;"obs";"0";"2023-10-25"
35151;"RR_obs";;"obs";"0";"2023-10-25"
35152;"RR_obs";;"obs";"0";"2023-10-25"
35153;"RR_obs";;"obs";"0";"2023-10-25"
35154;"RR_obs";;"obs";"0";"2023-10-25"
35155;"RR_obs";;"obs";"0";"2023-10-25"
35156;"RR_obs";;"obs";"0";"2023-10-25"
35157;"RR_obs";;"obs";"0";"2023-10-25"
35161;"RR_obs";;"obs";"0";"2023-10-25"
35162;"RR_obs";;"obs";"0";"2023-10-25"
35163;"RR_obs";;"obs";"0";"2023-10-25"
35171;"RR_obs";;"obs";"0";"2023-10-25"
35172;"RR_obs";;"obs";"0";"2023-10-25"
35173;"RR_obs";;"obs";"0";"2023-10-25"
35174;"RR_obs";;"obs";"0";"2023-10-25"
35011;"RR_casos";;"casos";"0";"2023-10-20"
35012;"RR_casos";;"casos";"0";"2023-10-20"
35013;"RR_casos";;"casos";"0";"2023-10-20"
35014;"RR_casos";;"casos";"0";"2023-10-20"
35015;"RR_casos";1.2813760778;"casos";"1.1-2.0";"2023-10-20"
35016;"RR_casos";1.2813760778;"casos";"1.1-2.0";"2023-10-20"
35021;"RR_casos";;"casos";"0";"2023-10-20"
35022;"RR_casos";;"casos";"0";"2023-10-20"
35023;"RR_casos";;"casos";"0";"2023-10-20"
35031;"RR_casos";;"casos";"0";"2023-10-20"
35032;"RR_casos";;"casos";"0";"2023-10-20"
35033;"RR_casos";;"casos";"0";"2023-10-20"
35034;"RR_casos";;"casos";"0";"2023-10-20"
35041;"RR_casos";1.2813760778;"casos";"1.1-2.0";"2023-10-20"
35051;"RR_casos";;"casos";"0";"2023-10-20"
35052;"RR_casos";;"casos";"0";"2023-10-20"
35061;"RR_casos";;"casos";"0";"2023-10-20"
35062;"RR_casos";;"casos";"0";"2023-10-20"
35063;"RR_casos";3.2115939775;"casos";">3";"2023-10-20"
35064;"RR_casos";;"casos";"0";"2023-10-20"
35065;"RR_casos";;"casos";"0";"2023-10-20"
35071;"RR_casos";;"casos";"0";"2023-10-20"
35072;"RR_casos";1.3634035916;"casos";"1.1-2.0";"2023-10-20"
35073;"RR_casos";;"casos";"0";"2023-10-20"
35074;"RR_casos";;"casos";"0";"2023-10-20"
35081;"RR_casos";;"casos";"0";"2023-10-20"
35082;"RR_casos";;"casos";"0";"2023-10-20"
35083;"RR_casos";;"casos";"0";"2023-10-20"
35091;"RR_casos";;"casos";"0";"2023-10-20"
35092;"RR_casos";;"casos";"0";"2023-10-20"
35093;"RR_casos";3.1065284673;"casos";">3";"2023-10-20"
35094;"RR_casos";;"casos";"0";"2023-10-20"
35095;"RR_casos";;"casos";"0";"2023-10-20"
35101;"RR_casos";;"casos";"0";"2023-10-20"
35102;"RR_casos";;"casos";"0";"2023-10-20"
35103;"RR_casos";;"casos";"0";"2023-10-20"
35104;"RR_casos";;"casos";"0";"2023-10-20"
35111;"RR_casos";;"casos";"0";"2023-10-20"
35112;"RR_casos";;"casos";"0";"2023-10-20"
35113;"RR_casos";;"casos";"0";"2023-10-20"
35114;"RR_casos";;"casos";"0";"2023-10-20"
35115;"RR_casos";;"casos";"0";"2023-10-20"
35121;"RR_casos";;"casos";"0";"2023-10-20"
35131;"RR_casos";;"casos";"0";"2023-10-20"
35132;"RR_casos";;"casos";"0";"2023-10-20"
35133;"RR_casos";;"casos";"0";"2023-10-20"
35141;"RR_casos";;"casos";"0";"2023-10-20"
35142;"RR_casos";;"casos";"0";"2023-10-20"
35143;"RR_casos";;"casos";"0";"2023-10-20"
35151;"RR_casos";;"casos";"0";"2023-10-20"
35152;"RR_casos";;"casos";"0";"2023-10-20"
35153;"RR_casos";;"casos";"0";"2023-10-20"
35154;"RR_casos";3.3462140896;"casos";">3";"2023-10-20"
35155;"RR_casos";;"casos";"0";"2023-10-20"
35156;"RR_casos";;"casos";"0";"2023-10-20"
35157;"RR_casos";;"casos";"0";"2023-10-20"
35161;"RR_casos";;"casos";"0";"2023-10-20"
35162;"RR_casos";;"casos";"0";"2023-10-20"
35163;"RR_casos";;"casos";"0";"2023-10-20"
35171;"RR_casos";2.2045785435;"casos";"2.0-3.0";"2023-10-20"
35172;"RR_casos";;"casos";"0";"2023-10-20"
35173;"RR_casos";2.2045785435;"casos";"2.0-3.0";"2023-10-20"
35174;"RR_casos";2.2045785435;"casos";"2.0-3.0";"2023-10-20"
35011;"RR_Mdn";;"Mdn";"0";"2023-10-20"
35012;"RR_Mdn";;"Mdn";"0";"2023-10-20"
35013;"RR_Mdn";;"Mdn";"0";"2023-10-20"
35014;"RR_Mdn";;"Mdn";"0";"2023-10-20"
35015;"RR_Mdn";;"Mdn";"0";"2023-10-20"
35016;"RR_Mdn";;"Mdn";"0";"2023-10-20"
35021;"RR_Mdn";;"Mdn";"0";"2023-10-20"
35022;"RR_Mdn";;"Mdn";"0";"2023-10-20"
35023;"RR_Mdn";;"Mdn";"0";"2023-10-20"
35031;"RR_Mdn";;"Mdn";"0";"2023-10-20"
35032;"RR_Mdn";;"Mdn";"0";"2023-10-20"
35033;"RR_Mdn";;"Mdn";"0";"2023-10-20"
35034;"RR_Mdn";;"Mdn";"0";"2023-10-20"
35041;"RR_Mdn";;"Mdn";"0";"2023-10-20"
35051;"RR_Mdn";;"Mdn";"0";"2023-10-20"
35052;"RR_Mdn";;"Mdn";"0";"2023-10-20"
35061;"RR_Mdn";;"Mdn";"0";"2023-10-20"
35062;"RR_Mdn";;"Mdn";"0";"2023-10-20"
35063;"RR_Mdn";3.0748456366;"Mdn";">3";"2023-10-20"
35064;"RR_Mdn";;"Mdn";"0";"2023-10-20"
35065;"RR_Mdn";;"Mdn";"0";"2023-10-20"
35071;"RR_Mdn";;"Mdn";"0";"2023-10-20"
35072;"RR_Mdn";;"Mdn";"0";"2023-10-20"
35073;"RR_Mdn";;"Mdn";"0";"2023-10-20"
35074;"RR_Mdn";;"Mdn";"0";"2023-10-20"
35081;"RR_Mdn";;"Mdn";"0";"2023-10-20"
35082;"RR_Mdn";;"Mdn";"0";"2023-10-20"
35083;"RR_Mdn";;"Mdn";"0";"2023-10-20"
35091;"RR_Mdn";;"Mdn";"0";"2023-10-20"
35092;"RR_Mdn";;"Mdn";"0";"2023-10-20"
35093;"RR_Mdn";2.0489089869;"Mdn";"2.0-3.0";"2023-10-20"
35094;"RR_Mdn";;"Mdn";"0";"2023-10-20"
35095;"RR_Mdn";;"Mdn";"0";"2023-10-20"
35101;"RR_Mdn";;"Mdn";"0";"2023-10-20"
35102;"RR_Mdn";;"Mdn";"0";"2023-10-20"
35103;"RR_Mdn";;"Mdn";"0";"2023-10-20"
35104;"RR_Mdn";;"Mdn";"0";"2023-10-20"
35111;"RR_Mdn";5.223953996;"Mdn";">3";"2023-10-20"
35112;"RR_Mdn";;"Mdn";"0";"2023-10-20"
35113;"RR_Mdn";;"Mdn";"0";"2023-10-20"
35114;"RR_Mdn";;"Mdn";"0";"2023-10-20"
35115;"RR_Mdn";4.8583678322;"Mdn";">3";"2023-10-20"
35121;"RR_Mdn";;"Mdn";"0";"2023-10-20"
35131;"RR_Mdn";;"Mdn";"0";"2023-10-20"
35132;"RR_Mdn";;"Mdn";"0";"2023-10-20"
35133;"RR_Mdn";;"Mdn";"0";"2023-10-20"
35141;"RR_Mdn";;"Mdn";"0";"2023-10-20"
35142;"RR_Mdn";;"Mdn";"0";"2023-10-20"
35143;"RR_Mdn";;"Mdn";"0";"2023-10-20"
35151;"RR_Mdn";;"Mdn";"0";"2023-10-20"
35152;"RR_Mdn";;"Mdn";"0";"2023-10-20"
35153;"RR_Mdn";;"Mdn";"0";"2023-10-20"
35154;"RR_Mdn";2.413189518;"Mdn";"2.0-3.0";"2023-10-20"
35155;"RR_Mdn";;"Mdn";"0";"2023-10-20"
35156;"RR_Mdn";;"Mdn";"0";"2023-10-20"
35157;"RR_Mdn";2.413189518;"Mdn";"2.0-3.0";"2023-10-20"
35161;"RR_Mdn";;"Mdn";"0";"2023-10-20"
35162;"RR_Mdn";;"Mdn";"0";"2023-10-20"
35163;"RR_Mdn";;"Mdn";"0";"2023-10-20"
35171;"RR_Mdn";2.3450946127;"Mdn";"2.0-3.0";"2023-10-20"
35172;"RR_Mdn";;"Mdn";"0";"2023-10-20"
35173;"RR_Mdn";2.3450946127;"Mdn";"2.0-3.0";"2023-10-20"
35174;"RR_Mdn";2.3450946127;"Mdn";"2.0-3.0";"2023-10-20"
35011;"RR_Mdn_mv";;"Mdn_mv";"0";"2023-10-20"
35012;"RR_Mdn_mv";;"Mdn_mv";"0";"2023-10-20"
35013;"RR_Mdn_mv";;"Mdn_mv";"0";"2023-10-20"
35014;"RR_Mdn_mv";;"Mdn_mv";"0";"2023-10-20"
35015;"RR_Mdn_mv";;"Mdn_mv";"0";"2023-10-20"
35016;"RR_Mdn_mv";;"Mdn_mv";"0";"2023-10-20"
35021;"RR_Mdn_mv";;"Mdn_mv";"0";"2023-10-20"
35022;"RR_Mdn_mv";;"Mdn_mv";"0";"2023-10-20"
35023;"RR_Mdn_mv";;"Mdn_mv";"0";"2023-10-20"
35031;"RR_Mdn_mv";;"Mdn_mv";"0";"2023-10-20"
35032;"RR_Mdn_mv";;"Mdn_mv";"0";"2023-10-20"
35033;"RR_Mdn_mv";;"Mdn_mv";"0";"2023-10-20"
35034;"RR_Mdn_mv";;"Mdn_mv";"0";"2023-10-20"
35041;"RR_Mdn_mv";;"Mdn_mv";"0";"2023-10-20"
35051;"RR_Mdn_mv";;"Mdn_mv";"0";"2023-10-20"
35052;"RR_Mdn_mv";;"Mdn_mv";"0";"2023-10-20"
35061;"RR_Mdn_mv";;"Mdn_mv";"0";"2023-10-20"
35062;"RR_Mdn_mv";;"Mdn_mv";"0";"2023-10-20"
35063;"RR_Mdn_mv";3.098767806;"Mdn_mv";">3";"2023-10-20"
35064;"RR_Mdn_mv";;"Mdn_mv";"0";"2023-10-20"
35065;"RR_Mdn_mv";;"Mdn_mv";"0";"2023-10-20"
35071;"RR_Mdn_mv";;"Mdn_mv";"0";"2023-10-20"
35072;"RR_Mdn_mv";;"Mdn_mv";"0";"2023-10-20"
35073;"RR_Mdn_mv";;"Mdn_mv";"0";"2023-10-20"
35074;"RR_Mdn_mv";;"Mdn_mv";"0";"2023-10-20"
35081;"RR_Mdn_mv";;"Mdn_mv";"0";"2023-10-20"
35082;"RR_Mdn_mv";;"Mdn_mv";"0";"2023-10-20"
35083;"RR_Mdn_mv";;"Mdn_mv";"0";"2023-10-20"
35091;"RR_Mdn_mv";;"Mdn_mv";"0";"2023-10-20"
35092;"RR_Mdn_mv";;"Mdn_mv";"0";"2023-10-20"
35093;"RR_Mdn_mv";2.4276944689;"Mdn_mv";"2.0-3.0";"2023-10-20"
35094;"RR_Mdn_mv";;"Mdn_mv";"0";"2023-10-20"
35095;"RR_Mdn_mv";;"Mdn_mv";"0";"2023-10-20"
35101;"RR_Mdn_mv";;"Mdn_mv";"0";"2023-10-20"
35102;"RR_Mdn_mv";;"Mdn_mv";"0";"2023-10-20"
35103;"RR_Mdn_mv";;"Mdn_mv";"0";"2023-10-20"
35104;"RR_Mdn_mv";;"Mdn_mv";"0";"2023-10-20"
35111;"RR_Mdn_mv";4.1390656052;"Mdn_mv";">3";"2023-10-20"
35112;"RR_Mdn_mv";;"Mdn_mv";"0";"2023-10-20"
35113;"RR_Mdn_mv";;"Mdn_mv";"0";"2023-10-20"
35114;"RR_Mdn_mv";;"Mdn_mv";"0";"2023-10-20"
35115;"RR_Mdn_mv";;"Mdn_mv";"0";"2023-10-20"
35121;"RR_Mdn_mv";;"Mdn_mv";"0";"2023-10-20"
35131;"RR_Mdn_mv";;"Mdn_mv";"0";"2023-10-20"
35132;"RR_Mdn_mv";;"Mdn_mv";"0";"2023-10-20"
35133;"RR_Mdn_mv";;"Mdn_mv";"0";"2023-10-20"
35141;"RR_Mdn_mv";;"Mdn_mv";"0";"2023-10-20"
35142;"RR_Mdn_mv";;"Mdn_mv";"0";"2023-10-20"
35143;"RR_Mdn_mv";;"Mdn_mv";"0";"2023-10-20"
35151;"RR_Mdn_mv";;"Mdn_mv";"0";"2023-10-20"
35152;"RR_Mdn_mv";1.5990421023;"Mdn_mv";"1.1-2.0";"2023-10-20"
35153;"RR_Mdn_mv";1.5990421023;"Mdn_mv";"1.1-2.0";"2023-10-20"
35154;"RR_Mdn_mv";1.5990421023;"Mdn_mv";"1.1-2.0";"2023-10-20"
35155;"RR_Mdn_mv";1.5990421023;"Mdn_mv";"1.1-2.0";"2023-10-20"
35156;"RR_Mdn_mv";;"Mdn_mv";"0";"2023-10-20"
35157;"RR_Mdn_mv";1.5990421023;"Mdn_mv";"1.1-2.0";"2023-10-20"
35161;"RR_Mdn_mv";;"Mdn_mv";"0";"2023-10-20"
35162;"RR_Mdn_mv";;"Mdn_mv";"0";"2023-10-20"
35163;"RR_Mdn_mv";;"Mdn_mv";"0";"2023-10-20"
35171;"RR_Mdn_mv";2.3105167437;"Mdn_mv";"2.0-3.0";"2023-10-20"
35172;"RR_Mdn_mv";;"Mdn_mv";"0";"2023-10-20"
35173;"RR_Mdn_mv";2.3105167437;"Mdn_mv";"2.0-3.0";"2023-10-20"
35174;"RR_Mdn_mv";2.3105167437;"Mdn_mv";"2.0-3.0";"2023-10-20"
35011;"RR_obs";;"obs";"0";"2023-10-20"
35012;"RR_obs";;"obs";"0";"2023-10-20"
35013;"RR_obs";;"obs";"0";"2023-10-20"
35014;"RR_obs";;"obs";"0";"2023-10-20"
35015;"RR_obs";;"obs";"0";"2023-10-20"
35016;"RR_obs";;"obs";"0";"2023-10-20"
35021;"RR_obs";;"obs";"0";"2023-10-20"
35022;"RR_obs";;"obs";"0";"2023-10-20"
35023;"RR_obs";;"obs";"0";"2023-10-20"
35031;"RR_obs";;"obs";"0";"2023-10-20"
35032;"RR_obs";;"obs";"0";"2023-10-20"
35033;"RR_obs";;"obs";"0";"2023-10-20"
35034;"RR_obs";;"obs";"0";"2023-10-20"
35041;"RR_obs";;"obs";"0";"2023-10-20"
35051;"RR_obs";;"obs";"0";"2023-10-20"
35052;"RR_obs";;"obs";"0";"2023-10-20"
35061;"RR_obs";;"obs";"0";"2023-10-20"
35062;"RR_obs";;"obs";"0";"2023-10-20"
35063;"RR_obs";;"obs";"0";"2023-10-20"
35064;"RR_obs";;"obs";"0";"2023-10-20"
35065;"RR_obs";;"obs";"0";"2023-10-20"
35071;"RR_obs";;"obs";"0";"2023-10-20"
35072;"RR_obs";;"obs";"0";"2023-10-20"
35073;"RR_obs";;"obs";"0";"2023-10-20"
35074;"RR_obs";;"obs";"0";"2023-10-20"
35081;"RR_obs";;"obs";"0";"2023-10-20"
35082;"RR_obs";;"obs";"0";"2023-10-20"
35083;"RR_obs";;"obs";"0";"2023-10-20"
35091;"RR_obs";;"obs";"0";"2023-10-20"
35092;"RR_obs";;"obs";"0";"2023-10-20"
35093;"RR_obs";;"obs";"0";"2023-10-20"
35094;"RR_obs";;"obs";"0";"2023-10-20"
35095;"RR_obs";;"obs";"0";"2023-10-20"
35101;"RR_obs";;"obs";"0";"2023-10-20"
35102;"RR_obs";;"obs";"0";"2023-10-20"
35103;"RR_obs";;"obs";"0";"2023-10-20"
35104;"RR_obs";;"obs";"0";"2023-10-20"
35111;"RR_obs";;"obs";"0";"2023-10-20"
35112;"RR_obs";;"obs";"0";"2023-10-20"
35113;"RR_obs";;"obs";"0";"2023-10-20"
35114;"RR_obs";;"obs";"0";"2023-10-20"
35115;"RR_obs";;"obs";"0";"2023-10-20"
35121;"RR_obs";;"obs";"0";"2023-10-20"
35131;"RR_obs";;"obs";"0";"2023-10-20"
35132;"RR_obs";;"obs";"0";"2023-10-20"
35133;"RR_obs";;"obs";"0";"2023-10-20"
35141;"RR_obs";;"obs";"0";"2023-10-20"
35142;"RR_obs";;"obs";"0";"2023-10-20"
35143;"RR_obs";;"obs";"0";"2023-10-20"
35151;"RR_obs";;"obs";"0";"2023-10-20"
35152;"RR_obs";;"obs";"0";"2023-10-20"
35153;"RR_obs";;"obs";"0";"2023-10-20"
35154;"RR_obs";;"obs";"0";"2023-10-20"
35155;"RR_obs";;"obs";"0";"2023-10-20"
35156;"RR_obs";;"obs";"0";"2023-10-20"
35157;"RR_obs";;"obs";"0";"2023-10-20"
35161;"RR_obs";;"obs";"0";"2023-10-20"
35162;"RR_obs";;"obs";"0";"2023-10-20"
35163;"RR_obs";;"obs";"0";"2023-10-20"
35171;"RR_obs";;"obs";"0";"2023-10-20"
35172;"RR_obs";;"obs";"0";"2023-10-20"
35173;"RR_obs";;"obs";"0";"2023-10-20"
35174;"RR_obs";;"obs";"0";"2023-10-20"
35011;"RR_casos";;"casos";"0";"2023-10-18"
35012;"RR_casos";;"casos";"0";"2023-10-18"
35013;"RR_casos";;"casos";"0";"2023-10-18"
35014;"RR_casos";;"casos";"0";"2023-10-18"
35015;"RR_casos";1.4003017156;"casos";"1.1-2.0";"2023-10-18"
35016;"RR_casos";1.2926189779;"casos";"1.1-2.0";"2023-10-18"
35021;"RR_casos";;"casos";"0";"2023-10-18"
35022;"RR_casos";;"casos";"0";"2023-10-18"
35023;"RR_casos";;"casos";"0";"2023-10-18"
35031;"RR_casos";;"casos";"0";"2023-10-18"
35032;"RR_casos";;"casos";"0";"2023-10-18"
35033;"RR_casos";;"casos";"0";"2023-10-18"
35034;"RR_casos";;"casos";"0";"2023-10-18"
35041;"RR_casos";;"casos";"0";"2023-10-18"
35051;"RR_casos";;"casos";"0";"2023-10-18"
35052;"RR_casos";;"casos";"0";"2023-10-18"
35061;"RR_casos";;"casos";"0";"2023-10-18"
35062;"RR_casos";;"casos";"0";"2023-10-18"
35063;"RR_casos";3.0543388425;"casos";">3";"2023-10-18"
35064;"RR_casos";;"casos";"0";"2023-10-18"
35065;"RR_casos";;"casos";"0";"2023-10-18"
35071;"RR_casos";;"casos";"0";"2023-10-18"
35072;"RR_casos";1.373323536;"casos";"1.1-2.0";"2023-10-18"
35073;"RR_casos";;"casos";"0";"2023-10-18"
35074;"RR_casos";;"casos";"0";"2023-10-18"
35081;"RR_casos";;"casos";"0";"2023-10-18"
35082;"RR_casos";;"casos";"0";"2023-10-18"
35083;"RR_casos";;"casos";"0";"2023-10-18"
35091;"RR_casos";;"casos";"0";"2023-10-18"
35092;"RR_casos";;"casos";"0";"2023-10-18"
35093;"RR_casos";2.9861993188;"casos";"2.0-3.0";"2023-10-18"
35094;"RR_casos";;"casos";"0";"2023-10-18"
35095;"RR_casos";;"casos";"0";"2023-10-18"
35101;"RR_casos";;"casos";"0";"2023-10-18"
35102;"RR_casos";;"casos";"0";"2023-10-18"
35103;"RR_casos";;"casos";"0";"2023-10-18"
35104;"RR_casos";;"casos";"0";"2023-10-18"
35111;"RR_casos";;"casos";"0";"2023-10-18"
35112;"RR_casos";;"casos";"0";"2023-10-18"
35113;"RR_casos";;"casos";"0";"2023-10-18"
35114;"RR_casos";;"casos";"0";"2023-10-18"
35115;"RR_casos";;"casos";"0";"2023-10-18"
35121;"RR_casos";;"casos";"0";"2023-10-18"
35131;"RR_casos";;"casos";"0";"2023-10-18"
35132;"RR_casos";;"casos";"0";"2023-10-18"
35133;"RR_casos";;"casos";"0";"2023-10-18"
35141;"RR_casos";;"casos";"0";"2023-10-18"
35142;"RR_casos";;"casos";"0";"2023-10-18"
35143;"RR_casos";;"casos";"0";"2023-10-18"
35151;"RR_casos";;"casos";"0";"2023-10-18"
35152;"RR_casos";;"casos";"0";"2023-10-18"
35153;"RR_casos";;"casos";"0";"2023-10-18"
35154;"RR_casos";1.6780663725;"casos";"1.1-2.0";"2023-10-18"
35155;"RR_casos";1.6780663725;"casos";"1.1-2.0";"2023-10-18"
35156;"RR_casos";;"casos";"0";"2023-10-18"
35157;"RR_casos";1.6780663725;"casos";"1.1-2.0";"2023-10-18"
35161;"RR_casos";;"casos";"0";"2023-10-18"
35162;"RR_casos";;"casos";"0";"2023-10-18"
35163;"RR_casos";;"casos";"0";"2023-10-18"
35171;"RR_casos";2.1773878358;"casos";"2.0-3.0";"2023-10-18"
35172;"RR_casos";;"casos";"0";"2023-10-18"
35173;"RR_casos";2.1773878358;"casos";"2.0-3.0";"2023-10-18"
35174;"RR_casos";2.1773878358;"casos";"2.0-3.0";"2023-10-18"
35011;"RR_Mdn";;"Mdn";"0";"2023-10-18"
35012;"RR_Mdn";;"Mdn";"0";"2023-10-18"
35013;"RR_Mdn";;"Mdn";"0";"2023-10-18"
35014;"RR_Mdn";;"Mdn";"0";"2023-10-18"
35015;"RR_Mdn";;"Mdn";"0";"2023-10-18"
35016;"RR_Mdn";;"Mdn";"0";"2023-10-18"
35021;"RR_Mdn";;"Mdn";"0";"2023-10-18"
35022;"RR_Mdn";;"Mdn";"0";"2023-10-18"
35023;"RR_Mdn";;"Mdn";"0";"2023-10-18"
35031;"RR_Mdn";;"Mdn";"0";"2023-10-18"
35032;"RR_Mdn";;"Mdn";"0";"2023-10-18"
35033;"RR_Mdn";;"Mdn";"0";"2023-10-18"
35034;"RR_Mdn";;"Mdn";"0";"2023-10-18"
35041;"RR_Mdn";;"Mdn";"0";"2023-10-18"
35051;"RR_Mdn";;"Mdn";"0";"2023-10-18"
35052;"RR_Mdn";;"Mdn";"0";"2023-10-18"
35061;"RR_Mdn";;"Mdn";"0";"2023-10-18"
35062;"RR_Mdn";;"Mdn";"0";"2023-10-18"
35063;"RR_Mdn";2.0474116105;"Mdn";"2.0-3.0";"2023-10-18"
35064;"RR_Mdn";;"Mdn";"0";"2023-10-18"
35065;"RR_Mdn";;"Mdn";"0";"2023-10-18"
35071;"RR_Mdn";;"Mdn";"0";"2023-10-18"
35072;"RR_Mdn";;"Mdn";"0";"2023-10-18"
35073;"RR_Mdn";;"Mdn";"0";"2023-10-18"
35074;"RR_Mdn";;"Mdn";"0";"2023-10-18"
35081;"RR_Mdn";;"Mdn";"0";"2023-10-18"
35082;"RR_Mdn";;"Mdn";"0";"2023-10-18"
35083;"RR_Mdn";;"Mdn";"0";"2023-10-18"
35091;"RR_Mdn";;"Mdn";"0";"2023-10-18"
35092;"RR_Mdn";;"Mdn";"0";"2023-10-18"
35093;"RR_Mdn";;"Mdn";"0";"2023-10-18"
35094;"RR_Mdn";;"Mdn";"0";"2023-10-18"
35095;"RR_Mdn";;"Mdn";"0";"2023-10-18"
35101;"RR_Mdn";;"Mdn";"0";"2023-10-18"
35102;"RR_Mdn";;"Mdn";"0";"2023-10-18"
35103;"RR_Mdn";2.0474116105;"Mdn";"2.0-3.0";"2023-10-18"
35104;"RR_Mdn";;"Mdn";"0";"2023-10-18"
35111;"RR_Mdn";4.4217576845;"Mdn";">3";"2023-10-18"
35112;"RR_Mdn";;"Mdn";"0";"2023-10-18"
35113;"RR_Mdn";;"Mdn";"0";"2023-10-18"
35114;"RR_Mdn";;"Mdn";"0";"2023-10-18"
35115;"RR_Mdn";7.2176136317;"Mdn";">3";"2023-10-18"
35121;"RR_Mdn";;"Mdn";"0";"2023-10-18"
35131;"RR_Mdn";;"Mdn";"0";"2023-10-18"
35132;"RR_Mdn";;"Mdn";"0";"2023-10-18"
35133;"RR_Mdn";;"Mdn";"0";"2023-10-18"
35141;"RR_Mdn";;"Mdn";"0";"2023-10-18"
35142;"RR_Mdn";;"Mdn";"0";"2023-10-18"
35143;"RR_Mdn";;"Mdn";"0";"2023-10-18"
35151;"RR_Mdn";;"Mdn";"0";"2023-10-18"
35152;"RR_Mdn";;"Mdn";"0";"2023-10-18"
35153;"RR_Mdn";;"Mdn";"0";"2023-10-18"
35154;"RR_Mdn";;"Mdn";"0";"2023-10-18"
35155;"RR_Mdn";;"Mdn";"0";"2023-10-18"
35156;"RR_Mdn";;"Mdn";"0";"2023-10-18"
35157;"RR_Mdn";;"Mdn";"0";"2023-10-18"
35161;"RR_Mdn";;"Mdn";"0";"2023-10-18"
35162;"RR_Mdn";;"Mdn";"0";"2023-10-18"
35163;"RR_Mdn";;"Mdn";"0";"2023-10-18"
35171;"RR_Mdn";2.3086918419;"Mdn";"2.0-3.0";"2023-10-18"
35172;"RR_Mdn";;"Mdn";"0";"2023-10-18"
35173;"RR_Mdn";;"Mdn";"0";"2023-10-18"
35174;"RR_Mdn";;"Mdn";"0";"2023-10-18"
35011;"RR_Mdn_mv";;"Mdn_mv";"0";"2023-10-18"
35012;"RR_Mdn_mv";;"Mdn_mv";"0";"2023-10-18"
35013;"RR_Mdn_mv";;"Mdn_mv";"0";"2023-10-18"
35014;"RR_Mdn_mv";;"Mdn_mv";"0";"2023-10-18"
35015;"RR_Mdn_mv";;"Mdn_mv";"0";"2023-10-18"
35016;"RR_Mdn_mv";;"Mdn_mv";"0";"2023-10-18"
35021;"RR_Mdn_mv";;"Mdn_mv";"0";"2023-10-18"
35022;"RR_Mdn_mv";;"Mdn_mv";"0";"2023-10-18"
35023;"RR_Mdn_mv";;"Mdn_mv";"0";"2023-10-18"
35031;"RR_Mdn_mv";;"Mdn_mv";"0";"2023-10-18"
35032;"RR_Mdn_mv";;"Mdn_mv";"0";"2023-10-18"
35033;"RR_Mdn_mv";;"Mdn_mv";"0";"2023-10-18"
35034;"RR_Mdn_mv";;"Mdn_mv";"0";"2023-10-18"
35041;"RR_Mdn_mv";;"Mdn_mv";"0";"2023-10-18"
35051;"RR_Mdn_mv";;"Mdn_mv";"0";"2023-10-18"
35052;"RR_Mdn_mv";;"Mdn_mv";"0";"2023-10-18"
35061;"RR_Mdn_mv";;"Mdn_mv";"0";"2023-10-18"
35062;"RR_Mdn_mv";;"Mdn_mv";"0";"2023-10-18"
35063;"RR_Mdn_mv";2.8381909584;"Mdn_mv";"2.0-3.0";"2023-10-18"
35064;"RR_Mdn_mv";;"Mdn_mv";"0";"2023-10-18"
35065;"RR_Mdn_mv";;"Mdn_mv";"0";"2023-10-18"
35071;"RR_Mdn_mv";;"Mdn_mv";"0";"2023-10-18"
35072;"RR_Mdn_mv";;"Mdn_mv";"0";"2023-10-18"
35073;"RR_Mdn_mv";;"Mdn_mv";"0";"2023-10-18"
35074;"RR_Mdn_mv";;"Mdn_mv";"0";"2023-10-18"
35081;"RR_Mdn_mv";;"Mdn_mv";"0";"2023-10-18"
35082;"RR_Mdn_mv";;"Mdn_mv";"0";"2023-10-18"
35083;"RR_Mdn_mv";;"Mdn_mv";"0";"2023-10-18"
35091;"RR_Mdn_mv";;"Mdn_mv";"0";"2023-10-18"
35092;"RR_Mdn_mv";;"Mdn_mv";"0";"2023-10-18"
35093;"RR_Mdn_mv";;"Mdn_mv";"0";"2023-10-18"
35094;"RR_Mdn_mv";;"Mdn_mv";"0";"2023-10-18"
35095;"RR_Mdn_mv";;"Mdn_mv";"0";"2023-10-18"
35101;"RR_Mdn_mv";;"Mdn_mv";"0";"2023-10-18"
35102;"RR_Mdn_mv";;"Mdn_mv";"0";"2023-10-18"
35103;"RR_Mdn_mv";;"Mdn_mv";"0";"2023-10-18"
35104;"RR_Mdn_mv";;"Mdn_mv";"0";"2023-10-18"
35111;"RR_Mdn_mv";3.1699625248;"Mdn_mv";">3";"2023-10-18"
35112;"RR_Mdn_mv";;"Mdn_mv";"0";"2023-10-18"
35113;"RR_Mdn_mv";;"Mdn_mv";"0";"2023-10-18"
35114;"RR_Mdn_mv";;"Mdn_mv";"0";"2023-10-18"
35115;"RR_Mdn_mv";4.1831259454;"Mdn_mv";">3";"2023-10-18"
35121;"RR_Mdn_mv";;"Mdn_mv";"0";"2023-10-18"
35131;"RR_Mdn_mv";;"Mdn_mv";"0";"2023-10-18"
35132;"RR_Mdn_mv";;"Mdn_mv";"0";"2023-10-18"
35133;"RR_Mdn_mv";;"Mdn_mv";"0";"2023-10-18"
35141;"RR_Mdn_mv";;"Mdn_mv";"0";"2023-10-18"
35142;"RR_Mdn_mv";;"Mdn_mv";"0";"2023-10-18"
35143;"RR_Mdn_mv";;"Mdn_mv";"0";"2023-10-18"
35151;"RR_Mdn_mv";;"Mdn_mv";"0";"2023-10-18"
35152;"RR_Mdn_mv";;"Mdn_mv";"0";"2023-10-18"
35153;"RR_Mdn_mv";;"Mdn_mv";"0";"2023-10-18"
35154;"RR_Mdn_mv";;"Mdn_mv";"0";"2023-10-18"
35155;"RR_Mdn_mv";;"Mdn_mv";"0";"2023-10-18"
35156;"RR_Mdn_mv";;"Mdn_mv";"0";"2023-10-18"
35157;"RR_Mdn_mv";;"Mdn_mv";"0";"2023-10-18"
35161;"RR_Mdn_mv";;"Mdn_mv";"0";"2023-10-18"
35162;"RR_Mdn_mv";;"Mdn_mv";"0";"2023-10-18"
35163;"RR_Mdn_mv";;"Mdn_mv";"0";"2023-10-18"
35171;"RR_Mdn_mv";2.2130102632;"Mdn_mv";"2.0-3.0";"2023-10-18"
35172;"RR_Mdn_mv";;"Mdn_mv";"0";"2023-10-18"
35173;"RR_Mdn_mv";;"Mdn_mv";"0";"2023-10-18"
35174;"RR_Mdn_mv";;"Mdn_mv";"0";"2023-10-18"
35011;"RR_obs";;"obs";"0";"2023-10-18"
35012;"RR_obs";;"obs";"0";"2023-10-18"
35013;"RR_obs";;"obs";"0";"2023-10-18"
35014;"RR_obs";;"obs";"0";"2023-10-18"
35015;"RR_obs";;"obs";"0";"2023-10-18"
35016;"RR_obs";;"obs";"0";"2023-10-18"
35021;"RR_obs";;"obs";"0";"2023-10-18"
35022;"RR_obs";;"obs";"0";"2023-10-18"
35023;"RR_obs";;"obs";"0";"2023-10-18"
35031;"RR_obs";;"obs";"0";"2023-10-18"
35032;"RR_obs";;"obs";"0";"2023-10-18"
35033;"RR_obs";;"obs";"0";"2023-10-18"
35034;"RR_obs";;"obs";"0";"2023-10-18"
35041;"RR_obs";;"obs";"0";"2023-10-18"
35051;"RR_obs";;"obs";"0";"2023-10-18"
35052;"RR_obs";;"obs";"0";"2023-10-18"
35061;"RR_obs";;"obs";"0";"2023-10-18"
35062;"RR_obs";;"obs";"0";"2023-10-18"
35063;"RR_obs";;"obs";"0";"2023-10-18"
35064;"RR_obs";;"obs";"0";"2023-10-18"
35065;"RR_obs";;"obs";"0";"2023-10-18"
35071;"RR_obs";;"obs";"0";"2023-10-18"
35072;"RR_obs";;"obs";"0";"2023-10-18"
35073;"RR_obs";;"obs";"0";"2023-10-18"
35074;"RR_obs";;"obs";"0";"2023-10-18"
35081;"RR_obs";;"obs";"0";"2023-10-18"
35082;"RR_obs";;"obs";"0";"2023-10-18"
35083;"RR_obs";;"obs";"0";"2023-10-18"
35091;"RR_obs";;"obs";"0";"2023-10-18"
35092;"RR_obs";;"obs";"0";"2023-10-18"
35093;"RR_obs";;"obs";"0";"2023-10-18"
35094;"RR_obs";;"obs";"0";"2023-10-18"
35095;"RR_obs";;"obs";"0";"2023-10-18"
35101;"RR_obs";;"obs";"0";"2023-10-18"
35102;"RR_obs";;"obs";"0";"2023-10-18"
35103;"RR_obs";;"obs";"0";"2023-10-18"
35104;"RR_obs";;"obs";"0";"2023-10-18"
35111;"RR_obs";;"obs";"0";"2023-10-18"
35112;"RR_obs";;"obs";"0";"2023-10-18"
35113;"RR_obs";;"obs";"0";"2023-10-18"
35114;"RR_obs";;"obs";"0";"2023-10-18"
35115;"RR_obs";;"obs";"0";"2023-10-18"
35121;"RR_obs";;"obs";"0";"2023-10-18"
35131;"RR_obs";;"obs";"0";"2023-10-18"
35132;"RR_obs";;"obs";"0";"2023-10-18"
35133;"RR_obs";;"obs";"0";"2023-10-18"
35141;"RR_obs";;"obs";"0";"2023-10-18"
35142;"RR_obs";;"obs";"0";"2023-10-18"
35143;"RR_obs";;"obs";"0";"2023-10-18"
35151;"RR_obs";;"obs";"0";"2023-10-18"
35152;"RR_obs";;"obs";"0";"2023-10-18"
35153;"RR_obs";;"obs";"0";"2023-10-18"
35154;"RR_obs";;"obs";"0";"2023-10-18"
35155;"RR_obs";;"obs";"0";"2023-10-18"
35156;"RR_obs";;"obs";"0";"2023-10-18"
35157;"RR_obs";;"obs";"0";"2023-10-18"
35161;"RR_obs";;"obs";"0";"2023-10-18"
35162;"RR_obs";;"obs";"0";"2023-10-18"
35163;"RR_obs";;"obs";"0";"2023-10-18"
35171;"RR_obs";;"obs";"0";"2023-10-18"
35172;"RR_obs";;"obs";"0";"2023-10-18"
35173;"RR_obs";;"obs";"0";"2023-10-18"
35174;"RR_obs";;"obs";"0";"2023-10-18"
35011;"RR_casos";;"casos";"0";"2023-10-11"
35012;"RR_casos";;"casos";"0";"2023-10-11"
35013;"RR_casos";;"casos";"0";"2023-10-11"
35014;"RR_casos";;"casos";"0";"2023-10-11"
35015;"RR_casos";1.2916006733;"casos";"1.1-2.0";"2023-10-11"
35016;"RR_casos";1.2916006733;"casos";"1.1-2.0";"2023-10-11"
35021;"RR_casos";1.566686043;"casos";"1.1-2.0";"2023-10-11"
35022;"RR_casos";;"casos";"0";"2023-10-11"
35023;"RR_casos";;"casos";"0";"2023-10-11"
35031;"RR_casos";;"casos";"0";"2023-10-11"
35032;"RR_casos";;"casos";"0";"2023-10-11"
35033;"RR_casos";;"casos";"0";"2023-10-11"
35034;"RR_casos";;"casos";"0";"2023-10-11"
35041;"RR_casos";1.2916006733;"casos";"1.1-2.0";"2023-10-11"
35051;"RR_casos";;"casos";"0";"2023-10-11"
35052;"RR_casos";;"casos";"0";"2023-10-11"
35061;"RR_casos";;"casos";"0";"2023-10-11"
35062;"RR_casos";;"casos";"0";"2023-10-11"
35063;"RR_casos";1.3870811874;"casos";"1.1-2.0";"2023-10-11"
35064;"RR_casos";;"casos";"0";"2023-10-11"
35065;"RR_casos";;"casos";"0";"2023-10-11"
35071;"RR_casos";;"casos";"0";"2023-10-11"
35072;"RR_casos";1.3870811874;"casos";"1.1-2.0";"2023-10-11"
35073;"RR_casos";;"casos";"0";"2023-10-11"
35074;"RR_casos";;"casos";"0";"2023-10-11"
35081;"RR_casos";;"casos";"0";"2023-10-11"
35082;"RR_casos";;"casos";"0";"2023-10-11"
35083;"RR_casos";;"casos";"0";"2023-10-11"
35091;"RR_casos";;"casos";"0";"2023-10-11"
35092;"RR_casos";;"casos";"0";"2023-10-11"
35093;"RR_casos";2.7277194956;"casos";"2.0-3.0";"2023-10-11"
35094;"RR_casos";;"casos";"0";"2023-10-11"
35095;"RR_casos";;"casos";"0";"2023-10-11"
35101;"RR_casos";;"casos";"0";"2023-10-11"
35102;"RR_casos";1.3870811874;"casos";"1.1-2.0";"2023-10-11"
35103;"RR_casos";1.3870811874;"casos";"1.1-2.0";"2023-10-11"
35104;"RR_casos";1.3870811874;"casos";"1.1-2.0";"2023-10-11"
35111;"RR_casos";;"casos";"0";"2023-10-11"
35112;"RR_casos";;"casos";"0";"2023-10-11"
35113;"RR_casos";;"casos";"0";"2023-10-11"
35114;"RR_casos";;"casos";"0";"2023-10-11"
35115;"RR_casos";;"casos";"0";"2023-10-11"
35121;"RR_casos";;"casos";"0";"2023-10-11"
35131;"RR_casos";;"casos";"0";"2023-10-11"
35132;"RR_casos";;"casos";"0";"2023-10-11"
35133;"RR_casos";;"casos";"0";"2023-10-11"
35141;"RR_casos";;"casos";"0";"2023-10-11"
35142;"RR_casos";;"casos";"0";"2023-10-11"
35143;"RR_casos";;"casos";"0";"2023-10-11"
35151;"RR_casos";;"casos";"0";"2023-10-11"
35152;"RR_casos";1.566686043;"casos";"1.1-2.0";"2023-10-11"
35153;"RR_casos";1.566686043;"casos";"1.1-2.0";"2023-10-11"
35154;"RR_casos";1.566686043;"casos";"1.1-2.0";"2023-10-11"
35155;"RR_casos";1.566686043;"casos";"1.1-2.0";"2023-10-11"
35156;"RR_casos";;"casos";"0";"2023-10-11"
35157;"RR_casos";1.566686043;"casos";"1.1-2.0";"2023-10-11"
35161;"RR_casos";;"casos";"0";"2023-10-11"
35162;"RR_casos";;"casos";"0";"2023-10-11"
35163;"RR_casos";;"casos";"0";"2023-10-11"
35171;"RR_casos";1.8780337956;"casos";"1.1-2.0";"2023-10-11"
35172;"RR_casos";;"casos";"0";"2023-10-11"
35173;"RR_casos";1.8780337956;"casos";"1.1-2.0";"2023-10-11"
35174;"RR_casos";1.8780337956;"casos";"1.1-2.0";"2023-10-11"
35011;"RR_Mdn";;"Mdn";"0";"2023-10-11"
35012;"RR_Mdn";;"Mdn";"0";"2023-10-11"
35013;"RR_Mdn";;"Mdn";"0";"2023-10-11"
35014;"RR_Mdn";;"Mdn";"0";"2023-10-11"
35015;"RR_Mdn";;"Mdn";"0";"2023-10-11"
35016;"RR_Mdn";;"Mdn";"0";"2023-10-11"
35021;"RR_Mdn";1.704197043;"Mdn";"1.1-2.0";"2023-10-11"
35022;"RR_Mdn";;"Mdn";"0";"2023-10-11"
35023;"RR_Mdn";1.704197043;"Mdn";"1.1-2.0";"2023-10-11"
35031;"RR_Mdn";;"Mdn";"0";"2023-10-11"
35032;"RR_Mdn";;"Mdn";"0";"2023-10-11"
35033;"RR_Mdn";;"Mdn";"0";"2023-10-11"
35034;"RR_Mdn";;"Mdn";"0";"2023-10-11"
35041;"RR_Mdn";;"Mdn";"0";"2023-10-11"
35051;"RR_Mdn";;"Mdn";"0";"2023-10-11"
35052;"RR_Mdn";;"Mdn";"0";"2023-10-11"
35061;"RR_Mdn";;"Mdn";"0";"2023-10-11"
35062;"RR_Mdn";;"Mdn";"0";"2023-10-11"
35063;"RR_Mdn";2.5528844594;"Mdn";"2.0-3.0";"2023-10-11"
35064;"RR_Mdn";;"Mdn";"0";"2023-10-11"
35065;"RR_Mdn";;"Mdn";"0";"2023-10-11"
35071;"RR_Mdn";;"Mdn";"0";"2023-10-11"
35072;"RR_Mdn";;"Mdn";"0";"2023-10-11"
35073;"RR_Mdn";;"Mdn";"0";"2023-10-11"
35074;"RR_Mdn";;"Mdn";"0";"2023-10-11"
35081;"RR_Mdn";;"Mdn";"0";"2023-10-11"
35082;"RR_Mdn";;"Mdn";"0";"2023-10-11"
35083;"RR_Mdn";;"Mdn";"0";"2023-10-11"
35091;"RR_Mdn";;"Mdn";"0";"2023-10-11"
35092;"RR_Mdn";;"Mdn";"0";"2023-10-11"
35093;"RR_Mdn";2.9334343021;"Mdn";"2.0-3.0";"2023-10-11"
35094;"RR_Mdn";;"Mdn";"0";"2023-10-11"
35095;"RR_Mdn";;"Mdn";"0";"2023-10-11"
35101;"RR_Mdn";;"Mdn";"0";"2023-10-11"
35102;"RR_Mdn";;"Mdn";"0";"2023-10-11"
35103;"RR_Mdn";;"Mdn";"0";"2023-10-11"
35104;"RR_Mdn";;"Mdn";"0";"2023-10-11"
35111;"RR_Mdn";;"Mdn";"0";"2023-10-11"
35112;"RR_Mdn";;"Mdn";"0";"2023-10-11"
35113;"RR_Mdn";;"Mdn";"0";"2023-10-11"
35114;"RR_Mdn";;"Mdn";"0";"2023-10-11"
35115;"RR_Mdn";30.0645529265;"Mdn";">3";"2023-10-11"
35121;"RR_Mdn";;"Mdn";"0";"2023-10-11"
35131;"RR_Mdn";;"Mdn";"0";"2023-10-11"
35132;"RR_Mdn";;"Mdn";"0";"2023-10-11"
35133;"RR_Mdn";;"Mdn";"0";"2023-10-11"
35141;"RR_Mdn";;"Mdn";"0";"2023-10-11"
35142;"RR_Mdn";;"Mdn";"0";"2023-10-11"
35143;"RR_Mdn";;"Mdn";"0";"2023-10-11"
35151;"RR_Mdn";1.704197043;"Mdn";"1.1-2.0";"2023-10-11"
35152;"RR_Mdn";1.704197043;"Mdn";"1.1-2.0";"2023-10-11"
35153;"RR_Mdn";1.704197043;"Mdn";"1.1-2.0";"2023-10-11"
35154;"RR_Mdn";1.704197043;"Mdn";"1.1-2.0";"2023-10-11"
35155;"RR_Mdn";1.704197043;"Mdn";"1.1-2.0";"2023-10-11"
35156;"RR_Mdn";1.704197043;"Mdn";"1.1-2.0";"2023-10-11"
35157;"RR_Mdn";1.704197043;"Mdn";"1.1-2.0";"2023-10-11"
35161;"RR_Mdn";;"Mdn";"0";"2023-10-11"
35162;"RR_Mdn";;"Mdn";"0";"2023-10-11"
35163;"RR_Mdn";;"Mdn";"0";"2023-10-11"
35171;"RR_Mdn";;"Mdn";"0";"2023-10-11"
35172;"RR_Mdn";;"Mdn";"0";"2023-10-11"
35173;"RR_Mdn";;"Mdn";"0";"2023-10-11"
35174;"RR_Mdn";;"Mdn";"0";"2023-10-11"
35011;"RR_Mdn_mv";;"Mdn_mv";"0";"2023-10-11"
35012;"RR_Mdn_mv";;"Mdn_mv";"0";"2023-10-11"
35013;"RR_Mdn_mv";;"Mdn_mv";"0";"2023-10-11"
35014;"RR_Mdn_mv";;"Mdn_mv";"0";"2023-10-11"
35015;"RR_Mdn_mv";;"Mdn_mv";"0";"2023-10-11"
35016;"RR_Mdn_mv";;"Mdn_mv";"0";"2023-10-11"
35021;"RR_Mdn_mv";1.5847937713;"Mdn_mv";"1.1-2.0";"2023-10-11"
35022;"RR_Mdn_mv";;"Mdn_mv";"0";"2023-10-11"
35023;"RR_Mdn_mv";1.5847937713;"Mdn_mv";"1.1-2.0";"2023-10-11"
35031;"RR_Mdn_mv";;"Mdn_mv";"0";"2023-10-11"
35032;"RR_Mdn_mv";;"Mdn_mv";"0";"2023-10-11"
35033;"RR_Mdn_mv";;"Mdn_mv";"0";"2023-10-11"
35034;"RR_Mdn_mv";;"Mdn_mv";"0";"2023-10-11"
35041;"RR_Mdn_mv";;"Mdn_mv";"0";"2023-10-11"
35051;"RR_Mdn_mv";;"Mdn_mv";"0";"2023-10-11"
35052;"RR_Mdn_mv";;"Mdn_mv";"0";"2023-10-11"
35061;"RR_Mdn_mv";;"Mdn_mv";"0";"2023-10-11"
35062;"RR_Mdn_mv";;"Mdn_mv";"0";"2023-10-11"
35063;"RR_Mdn_mv";2.4749715994;"Mdn_mv";"2.0-3.0";"2023-10-11"
35064;"RR_Mdn_mv";;"Mdn_mv";"0";"2023-10-11"
35065;"RR_Mdn_mv";;"Mdn_mv";"0";"2023-10-11"
35071;"RR_Mdn_mv";;"Mdn_mv";"0";"2023-10-11"
35072;"RR_Mdn_mv";;"Mdn_mv";"0";"2023-10-11"
35073;"RR_Mdn_mv";;"Mdn_mv";"0";"2023-10-11"
35074;"RR_Mdn_mv";;"Mdn_mv";"0";"2023-10-11"
35081;"RR_Mdn_mv";;"Mdn_mv";"0";"2023-10-11"
35082;"RR_Mdn_mv";;"Mdn_mv";"0";"2023-10-11"
35083;"RR_Mdn_mv";;"Mdn_mv";"0";"2023-10-11"
35091;"RR_Mdn_mv";;"Mdn_mv";"0";"2023-10-11"
35092;"RR_Mdn_mv";;"Mdn_mv";"0";"2023-10-11"
35093;"RR_Mdn_mv";3.4152083677;"Mdn_mv";">3";"2023-10-11"
35094;"RR_Mdn_mv";;"Mdn_mv";"0";"2023-10-11"
35095;"RR_Mdn_mv";;"Mdn_mv";"0";"2023-10-11"
35101;"RR_Mdn_mv";;"Mdn_mv";"0";"2023-10-11"
35102;"RR_Mdn_mv";;"Mdn_mv";"0";"2023-10-11"
35103;"RR_Mdn_mv";;"Mdn_mv";"0";"2023-10-11"
35104;"RR_Mdn_mv";;"Mdn_mv";"0";"2023-10-11"
35111;"RR_Mdn_mv";;"Mdn_mv";"0";"2023-10-11"
35112;"RR_Mdn_mv";;"Mdn_mv";"0";"2023-10-11"
35113;"RR_Mdn_mv";;"Mdn_mv";"0";"2023-10-11"
35114;"RR_Mdn_mv";;"Mdn_mv";"0";"2023-10-11"
35115;"RR_Mdn_mv";16.1673416937;"Mdn_mv";">3";"2023-10-11"
35121;"RR_Mdn_mv";;"Mdn_mv";"0";"2023-10-11"
35131;"RR_Mdn_mv";;"Mdn_mv";"0";"2023-10-11"
35132;"RR_Mdn_mv";;"Mdn_mv";"0";"2023-10-11"
35133;"RR_Mdn_mv";;"Mdn_mv";"0";"2023-10-11"
35141;"RR_Mdn_mv";;"Mdn_mv";"0";"2023-10-11"
35142;"RR_Mdn_mv";;"Mdn_mv";"0";"2023-10-11"
35143;"RR_Mdn_mv";;"Mdn_mv";"0";"2023-10-11"
35151;"RR_Mdn_mv";1.5847937713;"Mdn_mv";"1.1-2.0";"2023-10-11"
35152;"RR_Mdn_mv";1.5847937713;"Mdn_mv";"1.1-2.0";"2023-10-11"
35153;"RR_Mdn_mv";1.5847937713;"Mdn_mv";"1.1-2.0";"2023-10-11"
35154;"RR_Mdn_mv";1.5847937713;"Mdn_mv";"1.1-2.0";"2023-10-11"
35155;"RR_Mdn_mv";1.5847937713;"Mdn_mv";"1.1-2.0";"2023-10-11"
35156;"RR_Mdn_mv";1.5847937713;"Mdn_mv";"1.1-2.0";"2023-10-11"
35157;"RR_Mdn_mv";1.5847937713;"Mdn_mv";"1.1-2.0";"2023-10-11"
35161;"RR_Mdn_mv";;"Mdn_mv";"0";"2023-10-11"
35162;"RR_Mdn_mv";;"Mdn_mv";"0";"2023-10-11"
35163;"RR_Mdn_mv";;"Mdn_mv";"0";"2023-10-11"
35171;"RR_Mdn_mv";;"Mdn_mv";"0";"2023-10-11"
35172;"RR_Mdn_mv";;"Mdn_mv";"0";"2023-10-11"
35173;"RR_Mdn_mv";;"Mdn_mv";"0";"2023-10-11"
35174;"RR_Mdn_mv";;"Mdn_mv";"0";"2023-10-11"
35011;"RR_obs";;"obs";"0";"2023-10-11"
35012;"RR_obs";;"obs";"0";"2023-10-11"
35013;"RR_obs";;"obs";"0";"2023-10-11"
35014;"RR_obs";;"obs";"0";"2023-10-11"
35015;"RR_obs";;"obs";"0";"2023-10-11"
35016;"RR_obs";;"obs";"0";"2023-10-11"
35021;"RR_obs";;"obs";"0";"2023-10-11"
35022;"RR_obs";;"obs";"0";"2023-10-11"
35023;"RR_obs";;"obs";"0";"2023-10-11"
35031;"RR_obs";;"obs";"0";"2023-10-11"
35032;"RR_obs";;"obs";"0";"2023-10-11"
35033;"RR_obs";;"obs";"0";"2023-10-11"
35034;"RR_obs";;"obs";"0";"2023-10-11"
35041;"RR_obs";;"obs";"0";"2023-10-11"
35051;"RR_obs";;"obs";"0";"2023-10-11"
35052;"RR_obs";;"obs";"0";"2023-10-11"
35061;"RR_obs";;"obs";"0";"2023-10-11"
35062;"RR_obs";;"obs";"0";"2023-10-11"
35063;"RR_obs";;"obs";"0";"2023-10-11"
35064;"RR_obs";;"obs";"0";"2023-10-11"
35065;"RR_obs";;"obs";"0";"2023-10-11"
35071;"RR_obs";;"obs";"0";"2023-10-11"
35072;"RR_obs";;"obs";"0";"2023-10-11"
35073;"RR_obs";;"obs";"0";"2023-10-11"
35074;"RR_obs";;"obs";"0";"2023-10-11"
35081;"RR_obs";;"obs";"0";"2023-10-11"
35082;"RR_obs";;"obs";"0";"2023-10-11"
35083;"RR_obs";;"obs";"0";"2023-10-11"
35091;"RR_obs";;"obs";"0";"2023-10-11"
35092;"RR_obs";;"obs";"0";"2023-10-11"
35093;"RR_obs";;"obs";"0";"2023-10-11"
35094;"RR_obs";;"obs";"0";"2023-10-11"
35095;"RR_obs";;"obs";"0";"2023-10-11"
35101;"RR_obs";;"obs";"0";"2023-10-11"
35102;"RR_obs";;"obs";"0";"2023-10-11"
35103;"RR_obs";;"obs";"0";"2023-10-11"
35104;"RR_obs";;"obs";"0";"2023-10-11"
35111;"RR_obs";;"obs";"0";"2023-10-11"
35112;"RR_obs";;"obs";"0";"2023-10-11"
35113;"RR_obs";;"obs";"0";"2023-10-11"
35114;"RR_obs";;"obs";"0";"2023-10-11"
35115;"RR_obs";;"obs";"0";"2023-10-11"
35121;"RR_obs";;"obs";"0";"2023-10-11"
35131;"RR_obs";;"obs";"0";"2023-10-11"
35132;"RR_obs";;"obs";"0";"2023-10-11"
35133;"RR_obs";;"obs";"0";"2023-10-11"
35141;"RR_obs";;"obs";"0";"2023-10-11"
35142;"RR_obs";;"obs";"0";"2023-10-11"
35143;"RR_obs";;"obs";"0";"2023-10-11"
35151;"RR_obs";;"obs";"0";"2023-10-11"
35152;"RR_obs";;"obs";"0";"2023-10-11"
35153;"RR_obs";;"obs";"0";"2023-10-11"
35154;"RR_obs";;"obs";"0";"2023-10-11"
35155;"RR_obs";;"obs";"0";"2023-10-11"
35156;"RR_obs";;"obs";"0";"2023-10-11"
35157;"RR_obs";;"obs";"0";"2023-10-11"
35161;"RR_obs";;"obs";"0";"2023-10-11"
35162;"RR_obs";;"obs";"0";"2023-10-11"
35163;"RR_obs";;"obs";"0";"2023-10-11"
35171;"RR_obs";;"obs";"0";"2023-10-11"
35172;"RR_obs";;"obs";"0";"2023-10-11"
35173;"RR_obs";;"obs";"0";"2023-10-11"
35174;"RR_obs";;"obs";"0";"2023-10-11"
35011;"RR_casos";;"casos";"0";"2023-09-27"
35012;"RR_casos";;"casos";"0";"2023-09-27"
35013;"RR_casos";;"casos";"0";"2023-09-27"
35014;"RR_casos";;"casos";"0";"2023-09-27"
35015;"RR_casos";1.2081321812;"casos";"1.1-2.0";"2023-09-27"
35016;"RR_casos";1.2081321812;"casos";"1.1-2.0";"2023-09-27"
35021;"RR_casos";1.8526821913;"casos";"1.1-2.0";"2023-09-27"
35022;"RR_casos";;"casos";"0";"2023-09-27"
35023;"RR_casos";1.8526821913;"casos";"1.1-2.0";"2023-09-27"
35031;"RR_casos";;"casos";"0";"2023-09-27"
35032;"RR_casos";;"casos";"0";"2023-09-27"
35033;"RR_casos";;"casos";"0";"2023-09-27"
35034;"RR_casos";;"casos";"0";"2023-09-27"
35041;"RR_casos";1.2081321812;"casos";"1.1-2.0";"2023-09-27"
35051;"RR_casos";;"casos";"0";"2023-09-27"
35052;"RR_casos";;"casos";"0";"2023-09-27"
35061;"RR_casos";;"casos";"0";"2023-09-27"
35062;"RR_casos";;"casos";"0";"2023-09-27"
35063;"RR_casos";3.6750730355;"casos";">3";"2023-09-27"
35064;"RR_casos";;"casos";"0";"2023-09-27"
35065;"RR_casos";;"casos";"0";"2023-09-27"
35071;"RR_casos";;"casos";"0";"2023-09-27"
35072;"RR_casos";1.3544588937;"casos";"1.1-2.0";"2023-09-27"
35073;"RR_casos";;"casos";"0";"2023-09-27"
35074;"RR_casos";;"casos";"0";"2023-09-27"
35081;"RR_casos";;"casos";"0";"2023-09-27"
35082;"RR_casos";;"casos";"0";"2023-09-27"
35083;"RR_casos";;"casos";"0";"2023-09-27"
35091;"RR_casos";;"casos";"0";"2023-09-27"
35092;"RR_casos";;"casos";"0";"2023-09-27"
35093;"RR_casos";3.933329247;"casos";">3";"2023-09-27"
35094;"RR_casos";;"casos";"0";"2023-09-27"
35095;"RR_casos";;"casos";"0";"2023-09-27"
35101;"RR_casos";;"casos";"0";"2023-09-27"
35102;"RR_casos";;"casos";"0";"2023-09-27"
35103;"RR_casos";;"casos";"0";"2023-09-27"
35104;"RR_casos";;"casos";"0";"2023-09-27"
35111;"RR_casos";;"casos";"0";"2023-09-27"
35112;"RR_casos";;"casos";"0";"2023-09-27"
35113;"RR_casos";;"casos";"0";"2023-09-27"
35114;"RR_casos";;"casos";"0";"2023-09-27"
35115;"RR_casos";;"casos";"0";"2023-09-27"
35121;"RR_casos";2.3930937264;"casos";"2.0-3.0";"2023-09-27"
35131;"RR_casos";;"casos";"0";"2023-09-27"
35132;"RR_casos";;"casos";"0";"2023-09-27"
35133;"RR_casos";;"casos";"0";"2023-09-27"
35141;"RR_casos";;"casos";"0";"2023-09-27"
35142;"RR_casos";;"casos";"0";"2023-09-27"
35143;"RR_casos";;"casos";"0";"2023-09-27"
35151;"RR_casos";1.8526821913;"casos";"1.1-2.0";"2023-09-27"
35152;"RR_casos";1.8526821913;"casos";"1.1-2.0";"2023-09-27"
35153;"RR_casos";1.8526821913;"casos";"1.1-2.0";"2023-09-27"
35154;"RR_casos";1.8526821913;"casos";"1.1-2.0";"2023-09-27"
35155;"RR_casos";1.8526821913;"casos";"1.1-2.0";"2023-09-27"
35156;"RR_casos";1.8526821913;"casos";"1.1-2.0";"2023-09-27"
35157;"RR_casos";1.8526821913;"casos";"1.1-2.0";"2023-09-27"
35161;"RR_casos";;"casos";"0";"2023-09-27"
35162;"RR_casos";;"casos";"0";"2023-09-27"
35163;"RR_casos";;"casos";"0";"2023-09-27"
35171;"RR_casos";;"casos";"0";"2023-09-27"
35172;"RR_casos";;"casos";"0";"2023-09-27"
35173;"RR_casos";;"casos";"0";"2023-09-27"
35174;"RR_casos";;"casos";"0";"2023-09-27"
35011;"RR_Mdn";;"Mdn";"0";"2023-09-27"
35012;"RR_Mdn";;"Mdn";"0";"2023-09-27"
35013;"RR_Mdn";;"Mdn";"0";"2023-09-27"
35014;"RR_Mdn";;"Mdn";"0";"2023-09-27"
35015;"RR_Mdn";;"Mdn";"0";"2023-09-27"
35016;"RR_Mdn";;"Mdn";"0";"2023-09-27"
35021;"RR_Mdn";1.5191922862;"Mdn";"1.1-2.0";"2023-09-27"
35022;"RR_Mdn";;"Mdn";"0";"2023-09-27"
35023;"RR_Mdn";1.5191922862;"Mdn";"1.1-2.0";"2023-09-27"
35031;"RR_Mdn";;"Mdn";"0";"2023-09-27"
35032;"RR_Mdn";;"Mdn";"0";"2023-09-27"
35033;"RR_Mdn";;"Mdn";"0";"2023-09-27"
35034;"RR_Mdn";;"Mdn";"0";"2023-09-27"
35041;"RR_Mdn";;"Mdn";"0";"2023-09-27"
35051;"RR_Mdn";;"Mdn";"0";"2023-09-27"
35052;"RR_Mdn";;"Mdn";"0";"2023-09-27"
35061;"RR_Mdn";;"Mdn";"0";"2023-09-27"
35062;"RR_Mdn";;"Mdn";"0";"2023-09-27"
35063;"RR_Mdn";3.9673349949;"Mdn";">3";"2023-09-27"
35064;"RR_Mdn";;"Mdn";"0";"2023-09-27"
35065;"RR_Mdn";;"Mdn";"0";"2023-09-27"
35071;"RR_Mdn";;"Mdn";"0";"2023-09-27"
35072;"RR_Mdn";;"Mdn";"0";"2023-09-27"
35073;"RR_Mdn";;"Mdn";"0";"2023-09-27"
35074;"RR_Mdn";;"Mdn";"0";"2023-09-27"
35081;"RR_Mdn";;"Mdn";"0";"2023-09-27"
35082;"RR_Mdn";;"Mdn";"0";"2023-09-27"
35083;"RR_Mdn";;"Mdn";"0";"2023-09-27"
35091;"RR_Mdn";;"Mdn";"0";"2023-09-27"
35092;"RR_Mdn";;"Mdn";"0";"2023-09-27"
35093;"RR_Mdn";;"Mdn";"0";"2023-09-27"
35094;"RR_Mdn";;"Mdn";"0";"2023-09-27"
35095;"RR_Mdn";;"Mdn";"0";"2023-09-27"
35101;"RR_Mdn";;"Mdn";"0";"2023-09-27"
35102;"RR_Mdn";;"Mdn";"0";"2023-09-27"
35103;"RR_Mdn";;"Mdn";"0";"2023-09-27"
35104;"RR_Mdn";;"Mdn";"0";"2023-09-27"
35111;"RR_Mdn";;"Mdn";"0";"2023-09-27"
35112;"RR_Mdn";;"Mdn";"0";"2023-09-27"
35113;"RR_Mdn";;"Mdn";"0";"2023-09-27"
35114;"RR_Mdn";;"Mdn";"0";"2023-09-27"
35115;"RR_Mdn";;"Mdn";"0";"2023-09-27"
35121;"RR_Mdn";;"Mdn";"0";"2023-09-27"
35131;"RR_Mdn";;"Mdn";"0";"2023-09-27"
35132;"RR_Mdn";;"Mdn";"0";"2023-09-27"
35133;"RR_Mdn";;"Mdn";"0";"2023-09-27"
35141;"RR_Mdn";;"Mdn";"0";"2023-09-27"
35142;"RR_Mdn";;"Mdn";"0";"2023-09-27"
35143;"RR_Mdn";;"Mdn";"0";"2023-09-27"
35151;"RR_Mdn";1.5191922862;"Mdn";"1.1-2.0";"2023-09-27"
35152;"RR_Mdn";1.5191922862;"Mdn";"1.1-2.0";"2023-09-27"
35153;"RR_Mdn";1.5191922862;"Mdn";"1.1-2.0";"2023-09-27"
35154;"RR_Mdn";1.5191922862;"Mdn";"1.1-2.0";"2023-09-27"
35155;"RR_Mdn";1.5191922862;"Mdn";"1.1-2.0";"2023-09-27"
35156;"RR_Mdn";1.5191922862;"Mdn";"1.1-2.0";"2023-09-27"
35157;"RR_Mdn";1.5191922862;"Mdn";"1.1-2.0";"2023-09-27"
35161;"RR_Mdn";;"Mdn";"0";"2023-09-27"
35162;"RR_Mdn";;"Mdn";"0";"2023-09-27"
35163;"RR_Mdn";;"Mdn";"0";"2023-09-27"
35171;"RR_Mdn";;"Mdn";"0";"2023-09-27"
35172;"RR_Mdn";;"Mdn";"0";"2023-09-27"
35173;"RR_Mdn";;"Mdn";"0";"2023-09-27"
35174;"RR_Mdn";;"Mdn";"0";"2023-09-27"
35011;"RR_Mdn_mv";;"Mdn_mv";"0";"2023-09-27"
35012;"RR_Mdn_mv";;"Mdn_mv";"0";"2023-09-27"
35013;"RR_Mdn_mv";;"Mdn_mv";"0";"2023-09-27"
35014;"RR_Mdn_mv";;"Mdn_mv";"0";"2023-09-27"
35015;"RR_Mdn_mv";;"Mdn_mv";"0";"2023-09-27"
35016;"RR_Mdn_mv";;"Mdn_mv";"0";"2023-09-27"
35021;"RR_Mdn_mv";1.5699766888;"Mdn_mv";"1.1-2.0";"2023-09-27"
35022;"RR_Mdn_mv";1.5699766888;"Mdn_mv";"1.1-2.0";"2023-09-27"
35023;"RR_Mdn_mv";1.5699766888;"Mdn_mv";"1.1-2.0";"2023-09-27"
35031;"RR_Mdn_mv";;"Mdn_mv";"0";"2023-09-27"
35032;"RR_Mdn_mv";;"Mdn_mv";"0";"2023-09-27"
35033;"RR_Mdn_mv";;"Mdn_mv";"0";"2023-09-27"
35034;"RR_Mdn_mv";;"Mdn_mv";"0";"2023-09-27"
35041;"RR_Mdn_mv";;"Mdn_mv";"0";"2023-09-27"
35051;"RR_Mdn_mv";;"Mdn_mv";"0";"2023-09-27"
35052;"RR_Mdn_mv";;"Mdn_mv";"0";"2023-09-27"
35061;"RR_Mdn_mv";;"Mdn_mv";"0";"2023-09-27"
35062;"RR_Mdn_mv";;"Mdn_mv";"0";"2023-09-27"
35063;"RR_Mdn_mv";4.0893153719;"Mdn_mv";">3";"2023-09-27"
35064;"RR_Mdn_mv";;"Mdn_mv";"0";"2023-09-27"
35065;"RR_Mdn_mv";1.5699766888;"Mdn_mv";"1.1-2.0";"2023-09-27"
35071;"RR_Mdn_mv";;"Mdn_mv";"0";"2023-09-27"
35072;"RR_Mdn_mv";;"Mdn_mv";"0";"2023-09-27"
35073;"RR_Mdn_mv";;"Mdn_mv";"0";"2023-09-27"
35074;"RR_Mdn_mv";;"Mdn_mv";"0";"2023-09-27"
35081;"RR_Mdn_mv";;"Mdn_mv";"0";"2023-09-27"
35082;"RR_Mdn_mv";;"Mdn_mv";"0";"2023-09-27"
35083;"RR_Mdn_mv";;"Mdn_mv";"0";"2023-09-27"
35091;"RR_Mdn_mv";1.5699766888;"Mdn_mv";"1.1-2.0";"2023-09-27"
35092;"RR_Mdn_mv";;"Mdn_mv";"0";"2023-09-27"
35093;"RR_Mdn_mv";1.5699766888;"Mdn_mv";"1.1-2.0";"2023-09-27"
35094;"RR_Mdn_mv";;"Mdn_mv";"0";"2023-09-27"
35095;"RR_Mdn_mv";1.5699766888;"Mdn_mv";"1.1-2.0";"2023-09-27"
35101;"RR_Mdn_mv";;"Mdn_mv";"0";"2023-09-27"
35102;"RR_Mdn_mv";;"Mdn_mv";"0";"2023-09-27"
35103;"RR_Mdn_mv";;"Mdn_mv";"0";"2023-09-27"
35104;"RR_Mdn_mv";;"Mdn_mv";"0";"2023-09-27"
35111;"RR_Mdn_mv";;"Mdn_mv";"0";"2023-09-27"
35112;"RR_Mdn_mv";;"Mdn_mv";"0";"2023-09-27"
35113;"RR_Mdn_mv";1.5699766888;"Mdn_mv";"1.1-2.0";"2023-09-27"
35114;"RR_Mdn_mv";;"Mdn_mv";"0";"2023-09-27"
35115;"RR_Mdn_mv";;"Mdn_mv";"0";"2023-09-27"
35121;"RR_Mdn_mv";;"Mdn_mv";"0";"2023-09-27"
35131;"RR_Mdn_mv";;"Mdn_mv";"0";"2023-09-27"
35132;"RR_Mdn_mv";;"Mdn_mv";"0";"2023-09-27"
35133;"RR_Mdn_mv";;"Mdn_mv";"0";"2023-09-27"
35141;"RR_Mdn_mv";;"Mdn_mv";"0";"2023-09-27"
35142;"RR_Mdn_mv";;"Mdn_mv";"0";"2023-09-27"
35143;"RR_Mdn_mv";;"Mdn_mv";"0";"2023-09-27"
35151;"RR_Mdn_mv";1.5699766888;"Mdn_mv";"1.1-2.0";"2023-09-27"
35152;"RR_Mdn_mv";;"Mdn_mv";"0";"2023-09-27"
35153;"RR_Mdn_mv";1.5699766888;"Mdn_mv";"1.1-2.0";"2023-09-27"
35154;"RR_Mdn_mv";1.5699766888;"Mdn_mv";"1.1-2.0";"2023-09-27"
35155;"RR_Mdn_mv";1.5699766888;"Mdn_mv";"1.1-2.0";"2023-09-27"
35156;"RR_Mdn_mv";1.5699766888;"Mdn_mv";"1.1-2.0";"2023-09-27"
35157;"RR_Mdn_mv";1.5699766888;"Mdn_mv";"1.1-2.0";"2023-09-27"
35161;"RR_Mdn_mv";;"Mdn_mv";"0";"2023-09-27"
35162;"RR_Mdn_mv";;"Mdn_mv";"0";"2023-09-27"
35163;"RR_Mdn_mv";;"Mdn_mv";"0";"2023-09-27"
35171;"RR_Mdn_mv";;"Mdn_mv";"0";"2023-09-27"
35172;"RR_Mdn_mv";;"Mdn_mv";"0";"2023-09-27"
35173;"RR_Mdn_mv";;"Mdn_mv";"0";"2023-09-27"
35174;"RR_Mdn_mv";;"Mdn_mv";"0";"2023-09-27"
35011;"RR_obs";;"obs";"0";"2023-09-27"
35012;"RR_obs";;"obs";"0";"2023-09-27"
35013;"RR_obs";;"obs";"0";"2023-09-27"
35014;"RR_obs";;"obs";"0";"2023-09-27"
35015;"RR_obs";;"obs";"0";"2023-09-27"
35016;"RR_obs";;"obs";"0";"2023-09-27"
35021;"RR_obs";;"obs";"0";"2023-09-27"
35022;"RR_obs";;"obs";"0";"2023-09-27"
35023;"RR_obs";;"obs";"0";"2023-09-27"
35031;"RR_obs";;"obs";"0";"2023-09-27"
35032;"RR_obs";;"obs";"0";"2023-09-27"
35033;"RR_obs";;"obs";"0";"2023-09-27"
35034;"RR_obs";;"obs";"0";"2023-09-27"
35041;"RR_obs";;"obs";"0";"2023-09-27"
35051;"RR_obs";;"obs";"0";"2023-09-27"
35052;"RR_obs";;"obs";"0";"2023-09-27"
35061;"RR_obs";;"obs";"0";"2023-09-27"
35062;"RR_obs";;"obs";"0";"2023-09-27"
35063;"RR_obs";;"obs";"0";"2023-09-27"
35064;"RR_obs";;"obs";"0";"2023-09-27"
35065;"RR_obs";;"obs";"0";"2023-09-27"
35071;"RR_obs";;"obs";"0";"2023-09-27"
35072;"RR_obs";;"obs";"0";"2023-09-27"
35073;"RR_obs";;"obs";"0";"2023-09-27"
35074;"RR_obs";;"obs";"0";"2023-09-27"
35081;"RR_obs";;"obs";"0";"2023-09-27"
35082;"RR_obs";;"obs";"0";"2023-09-27"
35083;"RR_obs";;"obs";"0";"2023-09-27"
35091;"RR_obs";;"obs";"0";"2023-09-27"
35092;"RR_obs";;"obs";"0";"2023-09-27"
35093;"RR_obs";;"obs";"0";"2023-09-27"
35094;"RR_obs";;"obs";"0";"2023-09-27"
35095;"RR_obs";;"obs";"0";"2023-09-27"
35101;"RR_obs";;"obs";"0";"2023-09-27"
35102;"RR_obs";;"obs";"0";"2023-09-27"
35103;"RR_obs";;"obs";"0";"2023-09-27"
35104;"RR_obs";;"obs";"0";"2023-09-27"
35111;"RR_obs";;"obs";"0";"2023-09-27"
35112;"RR_obs";;"obs";"0";"2023-09-27"
35113;"RR_obs";;"obs";"0";"2023-09-27"
35114;"RR_obs";;"obs";"0";"2023-09-27"
35115;"RR_obs";;"obs";"0";"2023-09-27"
35121;"RR_obs";;"obs";"0";"2023-09-27"
35131;"RR_obs";;"obs";"0";"2023-09-27"
35132;"RR_obs";;"obs";"0";"2023-09-27"
35133;"RR_obs";;"obs";"0";"2023-09-27"
35141;"RR_obs";;"obs";"0";"2023-09-27"
35142;"RR_obs";;"obs";"0";"2023-09-27"
35143;"RR_obs";;"obs";"0";"2023-09-27"
35151;"RR_obs";;"obs";"0";"2023-09-27"
35152;"RR_obs";;"obs";"0";"2023-09-27"
35153;"RR_obs";;"obs";"0";"2023-09-27"
35154;"RR_obs";;"obs";"0";"2023-09-27"
35155;"RR_obs";;"obs";"0";"2023-09-27"
35156;"RR_obs";;"obs";"0";"2023-09-27"
35157;"RR_obs";;"obs";"0";"2023-09-27"
35161;"RR_obs";;"obs";"0";"2023-09-27"
35162;"RR_obs";;"obs";"0";"2023-09-27"
35163;"RR_obs";;"obs";"0";"2023-09-27"
35171;"RR_obs";;"obs";"0";"2023-09-27"
35172;"RR_obs";;"obs";"0";"2023-09-27"
35173;"RR_obs";;"obs";"0";"2023-09-27"
35174;"RR_obs";;"obs";"0";"2023-09-27"
35011;"RR_casos";;"casos";"0";"2023-09-06"
35012;"RR_casos";;"casos";"0";"2023-09-06"
35013;"RR_casos";;"casos";"0";"2023-09-06"
35014;"RR_casos";;"casos";"0";"2023-09-06"
35015;"RR_casos";1.2422865417;"casos";"1.1-2.0";"2023-09-06"
35016;"RR_casos";1.2422865417;"casos";"1.1-2.0";"2023-09-06"
35021;"RR_casos";;"casos";"0";"2023-09-06"
35022;"RR_casos";;"casos";"0";"2023-09-06"
35023;"RR_casos";;"casos";"0";"2023-09-06"
35031;"RR_casos";;"casos";"0";"2023-09-06"
35032;"RR_casos";;"casos";"0";"2023-09-06"
35033;"RR_casos";;"casos";"0";"2023-09-06"
35034;"RR_casos";;"casos";"0";"2023-09-06"
35041;"RR_casos";1.2422865417;"casos";"1.1-2.0";"2023-09-06"
35051;"RR_casos";;"casos";"0";"2023-09-06"
35052;"RR_casos";;"casos";"0";"2023-09-06"
35061;"RR_casos";;"casos";"0";"2023-09-06"
35062;"RR_casos";;"casos";"0";"2023-09-06"
35063;"RR_casos";3.4214731614;"casos";">3";"2023-09-06"
35064;"RR_casos";;"casos";"0";"2023-09-06"
35065;"RR_casos";;"casos";"0";"2023-09-06"
35071;"RR_casos";;"casos";"0";"2023-09-06"
35072;"RR_casos";;"casos";"0";"2023-09-06"
35073;"RR_casos";;"casos";"0";"2023-09-06"
35074;"RR_casos";;"casos";"0";"2023-09-06"
35081;"RR_casos";;"casos";"0";"2023-09-06"
35082;"RR_casos";;"casos";"0";"2023-09-06"
35083;"RR_casos";;"casos";"0";"2023-09-06"
35091;"RR_casos";;"casos";"0";"2023-09-06"
35092;"RR_casos";;"casos";"0";"2023-09-06"
35093;"RR_casos";4.2224184434;"casos";">3";"2023-09-06"
35094;"RR_casos";;"casos";"0";"2023-09-06"
35095;"RR_casos";;"casos";"0";"2023-09-06"
35101;"RR_casos";;"casos";"0";"2023-09-06"
35102;"RR_casos";;"casos";"0";"2023-09-06"
35103;"RR_casos";;"casos";"0";"2023-09-06"
35104;"RR_casos";;"casos";"0";"2023-09-06"
35111;"RR_casos";;"casos";"0";"2023-09-06"
35112;"RR_casos";;"casos";"0";"2023-09-06"
35113;"RR_casos";;"casos";"0";"2023-09-06"
35114;"RR_casos";;"casos";"0";"2023-09-06"
35115;"RR_casos";;"casos";"0";"2023-09-06"
35121;"RR_casos";;"casos";"0";"2023-09-06"
35131;"RR_casos";;"casos";"0";"2023-09-06"
35132;"RR_casos";1.6800876513;"casos";"1.1-2.0";"2023-09-06"
35133;"RR_casos";;"casos";"0";"2023-09-06"
35141;"RR_casos";;"casos";"0";"2023-09-06"
35142;"RR_casos";;"casos";"0";"2023-09-06"
35143;"RR_casos";;"casos";"0";"2023-09-06"
35151;"RR_casos";;"casos";"0";"2023-09-06"
35152;"RR_casos";;"casos";"0";"2023-09-06"
35153;"RR_casos";;"casos";"0";"2023-09-06"
35154;"RR_casos";;"casos";"0";"2023-09-06"
35155;"RR_casos";;"casos";"0";"2023-09-06"
35156;"RR_casos";;"casos";"0";"2023-09-06"
35157;"RR_casos";;"casos";"0";"2023-09-06"
35161;"RR_casos";;"casos";"0";"2023-09-06"
35162;"RR_casos";;"casos";"0";"2023-09-06"
35163;"RR_casos";;"casos";"0";"2023-09-06"
35171;"RR_casos";;"casos";"0";"2023-09-06"
35172;"RR_casos";;"casos";"0";"2023-09-06"
35173;"RR_casos";1.8476111272;"casos";"1.1-2.0";"2023-09-06"
35174;"RR_casos";1.8476111272;"casos";"1.1-2.0";"2023-09-06"
35011;"RR_Mdn";;"Mdn";"0";"2023-09-06"
35012;"RR_Mdn";;"Mdn";"0";"2023-09-06"
35013;"RR_Mdn";;"Mdn";"0";"2023-09-06"
35014;"RR_Mdn";;"Mdn";"0";"2023-09-06"
35015;"RR_Mdn";;"Mdn";"0";"2023-09-06"
35016;"RR_Mdn";;"Mdn";"0";"2023-09-06"
35021;"RR_Mdn";1.5373342087;"Mdn";"1.1-2.0";"2023-09-06"
35022;"RR_Mdn";1.5373342087;"Mdn";"1.1-2.0";"2023-09-06"
35023;"RR_Mdn";1.5373342087;"Mdn";"1.1-2.0";"2023-09-06"
35031;"RR_Mdn";;"Mdn";"0";"2023-09-06"
35032;"RR_Mdn";;"Mdn";"0";"2023-09-06"
35033;"RR_Mdn";;"Mdn";"0";"2023-09-06"
35034;"RR_Mdn";;"Mdn";"0";"2023-09-06"
35041;"RR_Mdn";;"Mdn";"0";"2023-09-06"
35051;"RR_Mdn";;"Mdn";"0";"2023-09-06"
35052;"RR_Mdn";;"Mdn";"0";"2023-09-06"
35061;"RR_Mdn";;"Mdn";"0";"2023-09-06"
35062;"RR_Mdn";;"Mdn";"0";"2023-09-06"
35063;"RR_Mdn";2.6114068402;"Mdn";"2.0-3.0";"2023-09-06"
35064;"RR_Mdn";;"Mdn";"0";"2023-09-06"
35065;"RR_Mdn";1.5373342087;"Mdn";"1.1-2.0";"2023-09-06"
35071;"RR_Mdn";;"Mdn";"0";"2023-09-06"
35072;"RR_Mdn";;"Mdn";"0";"2023-09-06"
35073;"RR_Mdn";;"Mdn";"0";"2023-09-06"
35074;"RR_Mdn";;"Mdn";"0";"2023-09-06"
35081;"RR_Mdn";;"Mdn";"0";"2023-09-06"
35082;"RR_Mdn";;"Mdn";"0";"2023-09-06"
35083;"RR_Mdn";;"Mdn";"0";"2023-09-06"
35091;"RR_Mdn";1.5373342087;"Mdn";"1.1-2.0";"2023-09-06"
35092;"RR_Mdn";;"Mdn";"0";"2023-09-06"
35093;"RR_Mdn";1.5373342087;"Mdn";"1.1-2.0";"2023-09-06"
35094;"RR_Mdn";;"Mdn";"0";"2023-09-06"
35095;"RR_Mdn";1.5373342087;"Mdn";"1.1-2.0";"2023-09-06"
35101;"RR_Mdn";;"Mdn";"0";"2023-09-06"
35102;"RR_Mdn";;"Mdn";"0";"2023-09-06"
35103;"RR_Mdn";;"Mdn";"0";"2023-09-06"
35104;"RR_Mdn";;"Mdn";"0";"2023-09-06"
35111;"RR_Mdn";;"Mdn";"0";"2023-09-06"
35112;"RR_Mdn";;"Mdn";"0";"2023-09-06"
35113;"RR_Mdn";1.5373342087;"Mdn";"1.1-2.0";"2023-09-06"
35114;"RR_Mdn";;"Mdn";"0";"2023-09-06"
35115;"RR_Mdn";;"Mdn";"0";"2023-09-06"
35121;"RR_Mdn";;"Mdn";"0";"2023-09-06"
35131;"RR_Mdn";;"Mdn";"0";"2023-09-06"
35132;"RR_Mdn";;"Mdn";"0";"2023-09-06"
35133;"RR_Mdn";;"Mdn";"0";"2023-09-06"
35141;"RR_Mdn";;"Mdn";"0";"2023-09-06"
35142;"RR_Mdn";;"Mdn";"0";"2023-09-06"
35143;"RR_Mdn";;"Mdn";"0";"2023-09-06"
35151;"RR_Mdn";1.5373342087;"Mdn";"1.1-2.0";"2023-09-06"
35152;"RR_Mdn";;"Mdn";"0";"2023-09-06"
35153;"RR_Mdn";1.5373342087;"Mdn";"1.1-2.0";"2023-09-06"
35154;"RR_Mdn";;"Mdn";"0";"2023-09-06"
35155;"RR_Mdn";1.5373342087;"Mdn";"1.1-2.0";"2023-09-06"
35156;"RR_Mdn";1.5373342087;"Mdn";"1.1-2.0";"2023-09-06"
35157;"RR_Mdn";1.5373342087;"Mdn";"1.1-2.0";"2023-09-06"
35161;"RR_Mdn";;"Mdn";"0";"2023-09-06"
35162;"RR_Mdn";;"Mdn";"0";"2023-09-06"
35163;"RR_Mdn";;"Mdn";"0";"2023-09-06"
35171;"RR_Mdn";;"Mdn";"0";"2023-09-06"
35172;"RR_Mdn";;"Mdn";"0";"2023-09-06"
35173;"RR_Mdn";;"Mdn";"0";"2023-09-06"
35174;"RR_Mdn";;"Mdn";"0";"2023-09-06"
35011;"RR_Mdn_mv";;"Mdn_mv";"0";"2023-09-06"
35012;"RR_Mdn_mv";;"Mdn_mv";"0";"2023-09-06"
35013;"RR_Mdn_mv";;"Mdn_mv";"0";"2023-09-06"
35014;"RR_Mdn_mv";;"Mdn_mv";"0";"2023-09-06"
35015;"RR_Mdn_mv";;"Mdn_mv";"0";"2023-09-06"
35016;"RR_Mdn_mv";;"Mdn_mv";"0";"2023-09-06"
35021;"RR_Mdn_mv";1.6445456985;"Mdn_mv";"1.1-2.0";"2023-09-06"
35022;"RR_Mdn_mv";1.6445456985;"Mdn_mv";"1.1-2.0";"2023-09-06"
35023;"RR_Mdn_mv";1.6445456985;"Mdn_mv";"1.1-2.0";"2023-09-06"
35031;"RR_Mdn_mv";;"Mdn_mv";"0";"2023-09-06"
35032;"RR_Mdn_mv";;"Mdn_mv";"0";"2023-09-06"
35033;"RR_Mdn_mv";;"Mdn_mv";"0";"2023-09-06"
35034;"RR_Mdn_mv";;"Mdn_mv";"0";"2023-09-06"
35041;"RR_Mdn_mv";;"Mdn_mv";"0";"2023-09-06"
35051;"RR_Mdn_mv";;"Mdn_mv";"0";"2023-09-06"
35052;"RR_Mdn_mv";;"Mdn_mv";"0";"2023-09-06"
35061;"RR_Mdn_mv";;"Mdn_mv";"0";"2023-09-06"
35062;"RR_Mdn_mv";;"Mdn_mv";"0";"2023-09-06"
35063;"RR_Mdn_mv";2.917459693;"Mdn_mv";"2.0-3.0";"2023-09-06"
35064;"RR_Mdn_mv";;"Mdn_mv";"0";"2023-09-06"
35065;"RR_Mdn_mv";1.6445456985;"Mdn_mv";"1.1-2.0";"2023-09-06"
35071;"RR_Mdn_mv";;"Mdn_mv";"0";"2023-09-06"
35072;"RR_Mdn_mv";;"Mdn_mv";"0";"2023-09-06"
35073;"RR_Mdn_mv";;"Mdn_mv";"0";"2023-09-06"
35074;"RR_Mdn_mv";;"Mdn_mv";"0";"2023-09-06"
35081;"RR_Mdn_mv";;"Mdn_mv";"0";"2023-09-06"
35082;"RR_Mdn_mv";;"Mdn_mv";"0";"2023-09-06"
35083;"RR_Mdn_mv";;"Mdn_mv";"0";"2023-09-06"
35091;"RR_Mdn_mv";1.6445456985;"Mdn_mv";"1.1-2.0";"2023-09-06"
35092;"RR_Mdn_mv";;"Mdn_mv";"0";"2023-09-06"
35093;"RR_Mdn_mv";1.6445456985;"Mdn_mv";"1.1-2.0";"2023-09-06"
35094;"RR_Mdn_mv";;"Mdn_mv";"0";"2023-09-06"
35095;"RR_Mdn_mv";1.6445456985;"Mdn_mv";"1.1-2.0";"2023-09-06"
35101;"RR_Mdn_mv";;"Mdn_mv";"0";"2023-09-06"
35102;"RR_Mdn_mv";;"Mdn_mv";"0";"2023-09-06"
35103;"RR_Mdn_mv";;"Mdn_mv";"0";"2023-09-06"
35104;"RR_Mdn_mv";;"Mdn_mv";"0";"2023-09-06"
35111;"RR_Mdn_mv";;"Mdn_mv";"0";"2023-09-06"
35112;"RR_Mdn_mv";;"Mdn_mv";"0";"2023-09-06"
35113;"RR_Mdn_mv";1.6445456985;"Mdn_mv";"1.1-2.0";"2023-09-06"
35114;"RR_Mdn_mv";;"Mdn_mv";"0";"2023-09-06"
35115;"RR_Mdn_mv";;"Mdn_mv";"0";"2023-09-06"
35121;"RR_Mdn_mv";;"Mdn_mv";"0";"2023-09-06"
35131;"RR_Mdn_mv";;"Mdn_mv";"0";"2023-09-06"
35132;"RR_Mdn_mv";;"Mdn_mv";"0";"2023-09-06"
35133;"RR_Mdn_mv";;"Mdn_mv";"0";"2023-09-06"
35141;"RR_Mdn_mv";;"Mdn_mv";"0";"2023-09-06"
35142;"RR_Mdn_mv";;"Mdn_mv";"0";"2023-09-06"
35143;"RR_Mdn_mv";;"Mdn_mv";"0";"2023-09-06"
35151;"RR_Mdn_mv";1.6445456985;"Mdn_mv";"1.1-2.0";"2023-09-06"
35152;"RR_Mdn_mv";;"Mdn_mv";"0";"2023-09-06"
35153;"RR_Mdn_mv";;"Mdn_mv";"0";"2023-09-06"
35154;"RR_Mdn_mv";;"Mdn_mv";"0";"2023-09-06"
35155;"RR_Mdn_mv";1.6445456985;"Mdn_mv";"1.1-2.0";"2023-09-06"
35156;"RR_Mdn_mv";1.6445456985;"Mdn_mv";"1.1-2.0";"2023-09-06"
35157;"RR_Mdn_mv";1.6445456985;"Mdn_mv";"1.1-2.0";"2023-09-06"
35161;"RR_Mdn_mv";;"Mdn_mv";"0";"2023-09-06"
35162;"RR_Mdn_mv";;"Mdn_mv";"0";"2023-09-06"
35163;"RR_Mdn_mv";;"Mdn_mv";"0";"2023-09-06"
35171;"RR_Mdn_mv";;"Mdn_mv";"0";"2023-09-06"
35172;"RR_Mdn_mv";;"Mdn_mv";"0";"2023-09-06"
35173;"RR_Mdn_mv";;"Mdn_mv";"0";"2023-09-06"
35174;"RR_Mdn_mv";;"Mdn_mv";"0";"2023-09-06"
35011;"RR_obs";;"obs";"0";"2023-09-06"
35012;"RR_obs";;"obs";"0";"2023-09-06"
35013;"RR_obs";;"obs";"0";"2023-09-06"
35014;"RR_obs";;"obs";"0";"2023-09-06"
35015;"RR_obs";;"obs";"0";"2023-09-06"
35016;"RR_obs";;"obs";"0";"2023-09-06"
35021;"RR_obs";;"obs";"0";"2023-09-06"
35022;"RR_obs";;"obs";"0";"2023-09-06"
35023;"RR_obs";;"obs";"0";"2023-09-06"
35031;"RR_obs";;"obs";"0";"2023-09-06"
35032;"RR_obs";;"obs";"0";"2023-09-06"
35033;"RR_obs";;"obs";"0";"2023-09-06"
35034;"RR_obs";;"obs";"0";"2023-09-06"
35041;"RR_obs";;"obs";"0";"2023-09-06"
35051;"RR_obs";;"obs";"0";"2023-09-06"
35052;"RR_obs";;"obs";"0";"2023-09-06"
35061;"RR_obs";;"obs";"0";"2023-09-06"
35062;"RR_obs";;"obs";"0";"2023-09-06"
35063;"RR_obs";;"obs";"0";"2023-09-06"
35064;"RR_obs";;"obs";"0";"2023-09-06"
35065;"RR_obs";;"obs";"0";"2023-09-06"
35071;"RR_obs";;"obs";"0";"2023-09-06"
35072;"RR_obs";;"obs";"0";"2023-09-06"
35073;"RR_obs";;"obs";"0";"2023-09-06"
35074;"RR_obs";;"obs";"0";"2023-09-06"
35081;"RR_obs";;"obs";"0";"2023-09-06"
35082;"RR_obs";;"obs";"0";"2023-09-06"
35083;"RR_obs";;"obs";"0";"2023-09-06"
35091;"RR_obs";;"obs";"0";"2023-09-06"
35092;"RR_obs";;"obs";"0";"2023-09-06"
35093;"RR_obs";;"obs";"0";"2023-09-06"
35094;"RR_obs";;"obs";"0";"2023-09-06"
35095;"RR_obs";;"obs";"0";"2023-09-06"
35101;"RR_obs";;"obs";"0";"2023-09-06"
35102;"RR_obs";;"obs";"0";"2023-09-06"
35103;"RR_obs";;"obs";"0";"2023-09-06"
35104;"RR_obs";;"obs";"0";"2023-09-06"
35111;"RR_obs";;"obs";"0";"2023-09-06"
35112;"RR_obs";;"obs";"0";"2023-09-06"
35113;"RR_obs";;"obs";"0";"2023-09-06"
35114;"RR_obs";;"obs";"0";"2023-09-06"
35115;"RR_obs";;"obs";"0";"2023-09-06"
35121;"RR_obs";;"obs";"0";"2023-09-06"
35131;"RR_obs";;"obs";"0";"2023-09-06"
35132;"RR_obs";;"obs";"0";"2023-09-06"
35133;"RR_obs";;"obs";"0";"2023-09-06"
35141;"RR_obs";;"obs";"0";"2023-09-06"
35142;"RR_obs";;"obs";"0";"2023-09-06"
35143;"RR_obs";;"obs";"0";"2023-09-06"
35151;"RR_obs";;"obs";"0";"2023-09-06"
35152;"RR_obs";;"obs";"0";"2023-09-06"
35153;"RR_obs";;"obs";"0";"2023-09-06"
35154;"RR_obs";;"obs";"0";"2023-09-06"
35155;"RR_obs";;"obs";"0";"2023-09-06"
35156;"RR_obs";;"obs";"0";"2023-09-06"
35157;"RR_obs";;"obs";"0";"2023-09-06"
35161;"RR_obs";;"obs";"0";"2023-09-06"
35162;"RR_obs";;"obs";"0";"2023-09-06"
35163;"RR_obs";;"obs";"0";"2023-09-06"
35171;"RR_obs";;"obs";"0";"2023-09-06"
35172;"RR_obs";;"obs";"0";"2023-09-06"
35173;"RR_obs";;"obs";"0";"2023-09-06"
35174;"RR_obs";;"obs";"0";"2023-09-06"
35011;"RR_casos";;"casos";"0";"2023-08-30"
35012;"RR_casos";;"casos";"0";"2023-08-30"
35013;"RR_casos";;"casos";"0";"2023-08-30"
35014;"RR_casos";;"casos";"0";"2023-08-30"
35015;"RR_casos";;"casos";"0";"2023-08-30"
35016;"RR_casos";;"casos";"0";"2023-08-30"
35021;"RR_casos";;"casos";"0";"2023-08-30"
35022;"RR_casos";;"casos";"0";"2023-08-30"
35023;"RR_casos";;"casos";"0";"2023-08-30"
35031;"RR_casos";;"casos";"0";"2023-08-30"
35032;"RR_casos";;"casos";"0";"2023-08-30"
35033;"RR_casos";;"casos";"0";"2023-08-30"
35034;"RR_casos";;"casos";"0";"2023-08-30"
35041;"RR_casos";;"casos";"0";"2023-08-30"
35051;"RR_casos";;"casos";"0";"2023-08-30"
35052;"RR_casos";;"casos";"0";"2023-08-30"
35061;"RR_casos";;"casos";"0";"2023-08-30"
35062;"RR_casos";;"casos";"0";"2023-08-30"
35063;"RR_casos";2.7379810937;"casos";"2.0-3.0";"2023-08-30"
35064;"RR_casos";;"casos";"0";"2023-08-30"
35065;"RR_casos";;"casos";"0";"2023-08-30"
35071;"RR_casos";;"casos";"0";"2023-08-30"
35072;"RR_casos";1.3832245214;"casos";"1.1-2.0";"2023-08-30"
35073;"RR_casos";;"casos";"0";"2023-08-30"
35074;"RR_casos";;"casos";"0";"2023-08-30"
35081;"RR_casos";;"casos";"0";"2023-08-30"
35082;"RR_casos";;"casos";"0";"2023-08-30"
35083;"RR_casos";;"casos";"0";"2023-08-30"
35091;"RR_casos";;"casos";"0";"2023-08-30"
35092;"RR_casos";;"casos";"0";"2023-08-30"
35093;"RR_casos";3.8383817954;"casos";">3";"2023-08-30"
35094;"RR_casos";;"casos";"0";"2023-08-30"
35095;"RR_casos";;"casos";"0";"2023-08-30"
35101;"RR_casos";;"casos";"0";"2023-08-30"
35102;"RR_casos";;"casos";"0";"2023-08-30"
35103;"RR_casos";;"casos";"0";"2023-08-30"
35104;"RR_casos";;"casos";"0";"2023-08-30"
35111;"RR_casos";;"casos";"0";"2023-08-30"
35112;"RR_casos";;"casos";"0";"2023-08-30"
35113;"RR_casos";;"casos";"0";"2023-08-30"
35114;"RR_casos";;"casos";"0";"2023-08-30"
35115;"RR_casos";;"casos";"0";"2023-08-30"
35121;"RR_casos";;"casos";"0";"2023-08-30"
35131;"RR_casos";;"casos";"0";"2023-08-30"
35132;"RR_casos";1.6753257436;"casos";"1.1-2.0";"2023-08-30"
35133;"RR_casos";;"casos";"0";"2023-08-30"
35141;"RR_casos";;"casos";"0";"2023-08-30"
35142;"RR_casos";;"casos";"0";"2023-08-30"
35143;"RR_casos";;"casos";"0";"2023-08-30"
35151;"RR_casos";;"casos";"0";"2023-08-30"
35152;"RR_casos";;"casos";"0";"2023-08-30"
35153;"RR_casos";;"casos";"0";"2023-08-30"
35154;"RR_casos";;"casos";"0";"2023-08-30"
35155;"RR_casos";2.8676614313;"casos";"2.0-3.0";"2023-08-30"
35156;"RR_casos";2.8676614313;"casos";"2.0-3.0";"2023-08-30"
35157;"RR_casos";;"casos";"0";"2023-08-30"
35161;"RR_casos";;"casos";"0";"2023-08-30"
35162;"RR_casos";;"casos";"0";"2023-08-30"
35163;"RR_casos";;"casos";"0";"2023-08-30"
35171;"RR_casos";;"casos";"0";"2023-08-30"
35172;"RR_casos";;"casos";"0";"2023-08-30"
35173;"RR_casos";2.4824282532;"casos";"2.0-3.0";"2023-08-30"
35174;"RR_casos";;"casos";"0";"2023-08-30"
35011;"RR_Mdn";;"Mdn";"0";"2023-08-30"
35012;"RR_Mdn";;"Mdn";"0";"2023-08-30"
35013;"RR_Mdn";;"Mdn";"0";"2023-08-30"
35014;"RR_Mdn";;"Mdn";"0";"2023-08-30"
35015;"RR_Mdn";;"Mdn";"0";"2023-08-30"
35016;"RR_Mdn";;"Mdn";"0";"2023-08-30"
35021;"RR_Mdn";;"Mdn";"0";"2023-08-30"
35022;"RR_Mdn";;"Mdn";"0";"2023-08-30"
35023;"RR_Mdn";;"Mdn";"0";"2023-08-30"
35031;"RR_Mdn";;"Mdn";"0";"2023-08-30"
35032;"RR_Mdn";;"Mdn";"0";"2023-08-30"
35033;"RR_Mdn";;"Mdn";"0";"2023-08-30"
35034;"RR_Mdn";;"Mdn";"0";"2023-08-30"
35041;"RR_Mdn";;"Mdn";"0";"2023-08-30"
35051;"RR_Mdn";;"Mdn";"0";"2023-08-30"
35052;"RR_Mdn";;"Mdn";"0";"2023-08-30"
35061;"RR_Mdn";;"Mdn";"0";"2023-08-30"
35062;"RR_Mdn";;"Mdn";"0";"2023-08-30"
35063;"RR_Mdn";3.813787671;"Mdn";">3";"2023-08-30"
35064;"RR_Mdn";;"Mdn";"0";"2023-08-30"
35065;"RR_Mdn";2.7960128412;"Mdn";"2.0-3.0";"2023-08-30"
35071;"RR_Mdn";;"Mdn";"0";"2023-08-30"
35072;"RR_Mdn";;"Mdn";"0";"2023-08-30"
35073;"RR_Mdn";;"Mdn";"0";"2023-08-30"
35074;"RR_Mdn";;"Mdn";"0";"2023-08-30"
35081;"RR_Mdn";;"Mdn";"0";"2023-08-30"
35082;"RR_Mdn";;"Mdn";"0";"2023-08-30"
35083;"RR_Mdn";;"Mdn";"0";"2023-08-30"
35091;"RR_Mdn";;"Mdn";"0";"2023-08-30"
35092;"RR_Mdn";;"Mdn";"0";"2023-08-30"
35093;"RR_Mdn";2.7960128412;"Mdn";"2.0-3.0";"2023-08-30"
35094;"RR_Mdn";;"Mdn";"0";"2023-08-30"
35095;"RR_Mdn";;"Mdn";"0";"2023-08-30"
35101;"RR_Mdn";;"Mdn";"0";"2023-08-30"
35102;"RR_Mdn";;"Mdn";"0";"2023-08-30"
35103;"RR_Mdn";;"Mdn";"0";"2023-08-30"
35104;"RR_Mdn";;"Mdn";"0";"2023-08-30"
35111;"RR_Mdn";;"Mdn";"0";"2023-08-30"
35112;"RR_Mdn";;"Mdn";"0";"2023-08-30"
35113;"RR_Mdn";;"Mdn";"0";"2023-08-30"
35114;"RR_Mdn";;"Mdn";"0";"2023-08-30"
35115;"RR_Mdn";;"Mdn";"0";"2023-08-30"
35121;"RR_Mdn";;"Mdn";"0";"2023-08-30"
35131;"RR_Mdn";;"Mdn";"0";"2023-08-30"
35132;"RR_Mdn";;"Mdn";"0";"2023-08-30"
35133;"RR_Mdn";;"Mdn";"0";"2023-08-30"
35141;"RR_Mdn";;"Mdn";"0";"2023-08-30"
35142;"RR_Mdn";;"Mdn";"0";"2023-08-30"
35143;"RR_Mdn";;"Mdn";"0";"2023-08-30"
35151;"RR_Mdn";;"Mdn";"0";"2023-08-30"
35152;"RR_Mdn";;"Mdn";"0";"2023-08-30"
35153;"RR_Mdn";;"Mdn";"0";"2023-08-30"
35154;"RR_Mdn";;"Mdn";"0";"2023-08-30"
35155;"RR_Mdn";2.0775092662;"Mdn";"2.0-3.0";"2023-08-30"
35156;"RR_Mdn";;"Mdn";"0";"2023-08-30"
35157;"RR_Mdn";;"Mdn";"0";"2023-08-30"
35161;"RR_Mdn";;"Mdn";"0";"2023-08-30"
35162;"RR_Mdn";;"Mdn";"0";"2023-08-30"
35163;"RR_Mdn";;"Mdn";"0";"2023-08-30"
35171;"RR_Mdn";;"Mdn";"0";"2023-08-30"
35172;"RR_Mdn";;"Mdn";"0";"2023-08-30"
35173;"RR_Mdn";1.9948221686;"Mdn";"1.1-2.0";"2023-08-30"
35174;"RR_Mdn";1.9948221686;"Mdn";"1.1-2.0";"2023-08-30"
35011;"RR_Mdn_mv";;"Mdn_mv";"0";"2023-08-30"
35012;"RR_Mdn_mv";;"Mdn_mv";"0";"2023-08-30"
35013;"RR_Mdn_mv";;"Mdn_mv";"0";"2023-08-30"
35014;"RR_Mdn_mv";;"Mdn_mv";"0";"2023-08-30"
35015;"RR_Mdn_mv";;"Mdn_mv";"0";"2023-08-30"
35016;"RR_Mdn_mv";;"Mdn_mv";"0";"2023-08-30"
35021;"RR_Mdn_mv";1.8176146338;"Mdn_mv";"1.1-2.0";"2023-08-30"
35022;"RR_Mdn_mv";1.8176146338;"Mdn_mv";"1.1-2.0";"2023-08-30"
35023;"RR_Mdn_mv";1.8176146338;"Mdn_mv";"1.1-2.0";"2023-08-30"
35031;"RR_Mdn_mv";;"Mdn_mv";"0";"2023-08-30"
35032;"RR_Mdn_mv";;"Mdn_mv";"0";"2023-08-30"
35033;"RR_Mdn_mv";;"Mdn_mv";"0";"2023-08-30"
35034;"RR_Mdn_mv";;"Mdn_mv";"0";"2023-08-30"
35041;"RR_Mdn_mv";;"Mdn_mv";"0";"2023-08-30"
35051;"RR_Mdn_mv";;"Mdn_mv";"0";"2023-08-30"
35052;"RR_Mdn_mv";;"Mdn_mv";"0";"2023-08-30"
35061;"RR_Mdn_mv";;"Mdn_mv";"0";"2023-08-30"
35062;"RR_Mdn_mv";;"Mdn_mv";"0";"2023-08-30"
35063;"RR_Mdn_mv";4.1929957419;"Mdn_mv";">3";"2023-08-30"
35064;"RR_Mdn_mv";;"Mdn_mv";"0";"2023-08-30"
35065;"RR_Mdn_mv";1.8176146338;"Mdn_mv";"1.1-2.0";"2023-08-30"
35071;"RR_Mdn_mv";;"Mdn_mv";"0";"2023-08-30"
35072;"RR_Mdn_mv";1.3772752791;"Mdn_mv";"1.1-2.0";"2023-08-30"
35073;"RR_Mdn_mv";;"Mdn_mv";"0";"2023-08-30"
35074;"RR_Mdn_mv";;"Mdn_mv";"0";"2023-08-30"
35081;"RR_Mdn_mv";;"Mdn_mv";"0";"2023-08-30"
35082;"RR_Mdn_mv";;"Mdn_mv";"0";"2023-08-30"
35083;"RR_Mdn_mv";;"Mdn_mv";"0";"2023-08-30"
35091;"RR_Mdn_mv";1.8176146338;"Mdn_mv";"1.1-2.0";"2023-08-30"
35092;"RR_Mdn_mv";;"Mdn_mv";"0";"2023-08-30"
35093;"RR_Mdn_mv";1.8176146338;"Mdn_mv";"1.1-2.0";"2023-08-30"
35094;"RR_Mdn_mv";;"Mdn_mv";"0";"2023-08-30"
35095;"RR_Mdn_mv";1.8176146338;"Mdn_mv";"1.1-2.0";"2023-08-30"
35101;"RR_Mdn_mv";;"Mdn_mv";"0";"2023-08-30"
35102;"RR_Mdn_mv";;"Mdn_mv";"0";"2023-08-30"
35103;"RR_Mdn_mv";;"Mdn_mv";"0";"2023-08-30"
35104;"RR_Mdn_mv";;"Mdn_mv";"0";"2023-08-30"
35111;"RR_Mdn_mv";;"Mdn_mv";"0";"2023-08-30"
35112;"RR_Mdn_mv";;"Mdn_mv";"0";"2023-08-30"
35113;"RR_Mdn_mv";1.8176146338;"Mdn_mv";"1.1-2.0";"2023-08-30"
35114;"RR_Mdn_mv";;"Mdn_mv";"0";"2023-08-30"
35115;"RR_Mdn_mv";;"Mdn_mv";"0";"2023-08-30"
35121;"RR_Mdn_mv";;"Mdn_mv";"0";"2023-08-30"
35131;"RR_Mdn_mv";;"Mdn_mv";"0";"2023-08-30"
35132;"RR_Mdn_mv";;"Mdn_mv";"0";"2023-08-30"
35133;"RR_Mdn_mv";;"Mdn_mv";"0";"2023-08-30"
35141;"RR_Mdn_mv";;"Mdn_mv";"0";"2023-08-30"
35142;"RR_Mdn_mv";;"Mdn_mv";"0";"2023-08-30"
35143;"RR_Mdn_mv";;"Mdn_mv";"0";"2023-08-30"
35151;"RR_Mdn_mv";1.8176146338;"Mdn_mv";"1.1-2.0";"2023-08-30"
35152;"RR_Mdn_mv";;"Mdn_mv";"0";"2023-08-30"
35153;"RR_Mdn_mv";;"Mdn_mv";"0";"2023-08-30"
35154;"RR_Mdn_mv";;"Mdn_mv";"0";"2023-08-30"
35155;"RR_Mdn_mv";1.8176146338;"Mdn_mv";"1.1-2.0";"2023-08-30"
35156;"RR_Mdn_mv";1.8176146338;"Mdn_mv";"1.1-2.0";"2023-08-30"
35157;"RR_Mdn_mv";1.8176146338;"Mdn_mv";"1.1-2.0";"2023-08-30"
35161;"RR_Mdn_mv";;"Mdn_mv";"0";"2023-08-30"
35162;"RR_Mdn_mv";;"Mdn_mv";"0";"2023-08-30"
35163;"RR_Mdn_mv";;"Mdn_mv";"0";"2023-08-30"
35171;"RR_Mdn_mv";;"Mdn_mv";"0";"2023-08-30"
35172;"RR_Mdn_mv";;"Mdn_mv";"0";"2023-08-30"
35173;"RR_Mdn_mv";1.8325436587;"Mdn_mv";"1.1-2.0";"2023-08-30"
35174;"RR_Mdn_mv";1.8325436587;"Mdn_mv";"1.1-2.0";"2023-08-30"
35011;"RR_obs";;"obs";"0";"2023-08-30"
35012;"RR_obs";;"obs";"0";"2023-08-30"
35013;"RR_obs";;"obs";"0";"2023-08-30"
35014;"RR_obs";;"obs";"0";"2023-08-30"
35015;"RR_obs";;"obs";"0";"2023-08-30"
35016;"RR_obs";;"obs";"0";"2023-08-30"
35021;"RR_obs";;"obs";"0";"2023-08-30"
35022;"RR_obs";;"obs";"0";"2023-08-30"
35023;"RR_obs";;"obs";"0";"2023-08-30"
35031;"RR_obs";;"obs";"0";"2023-08-30"
35032;"RR_obs";;"obs";"0";"2023-08-30"
35033;"RR_obs";;"obs";"0";"2023-08-30"
35034;"RR_obs";;"obs";"0";"2023-08-30"
35041;"RR_obs";;"obs";"0";"2023-08-30"
35051;"RR_obs";;"obs";"0";"2023-08-30"
35052;"RR_obs";;"obs";"0";"2023-08-30"
35061;"RR_obs";;"obs";"0";"2023-08-30"
35062;"RR_obs";;"obs";"0";"2023-08-30"
35063;"RR_obs";;"obs";"0";"2023-08-30"
35064;"RR_obs";;"obs";"0";"2023-08-30"
35065;"RR_obs";;"obs";"0";"2023-08-30"
35071;"RR_obs";;"obs";"0";"2023-08-30"
35072;"RR_obs";;"obs";"0";"2023-08-30"
35073;"RR_obs";;"obs";"0";"2023-08-30"
35074;"RR_obs";;"obs";"0";"2023-08-30"
35081;"RR_obs";;"obs";"0";"2023-08-30"
35082;"RR_obs";;"obs";"0";"2023-08-30"
35083;"RR_obs";;"obs";"0";"2023-08-30"
35091;"RR_obs";;"obs";"0";"2023-08-30"
35092;"RR_obs";;"obs";"0";"2023-08-30"
35093;"RR_obs";;"obs";"0";"2023-08-30"
35094;"RR_obs";;"obs";"0";"2023-08-30"
35095;"RR_obs";;"obs";"0";"2023-08-30"
35101;"RR_obs";;"obs";"0";"2023-08-30"
35102;"RR_obs";;"obs";"0";"2023-08-30"
35103;"RR_obs";;"obs";"0";"2023-08-30"
35104;"RR_obs";;"obs";"0";"2023-08-30"
35111;"RR_obs";;"obs";"0";"2023-08-30"
35112;"RR_obs";;"obs";"0";"2023-08-30"
35113;"RR_obs";;"obs";"0";"2023-08-30"
35114;"RR_obs";;"obs";"0";"2023-08-30"
35115;"RR_obs";;"obs";"0";"2023-08-30"
35121;"RR_obs";;"obs";"0";"2023-08-30"
35131;"RR_obs";;"obs";"0";"2023-08-30"
35132;"RR_obs";;"obs";"0";"2023-08-30"
35133;"RR_obs";;"obs";"0";"2023-08-30"
35141;"RR_obs";;"obs";"0";"2023-08-30"
35142;"RR_obs";;"obs";"0";"2023-08-30"
35143;"RR_obs";;"obs";"0";"2023-08-30"
35151;"RR_obs";;"obs";"0";"2023-08-30"
35152;"RR_obs";;"obs";"0";"2023-08-30"
35153;"RR_obs";;"obs";"0";"2023-08-30"
35154;"RR_obs";;"obs";"0";"2023-08-30"
35155;"RR_obs";;"obs";"0";"2023-08-30"
35156;"RR_obs";;"obs";"0";"2023-08-30"
35157;"RR_obs";;"obs";"0";"2023-08-30"
35161;"RR_obs";;"obs";"0";"2023-08-30"
35162;"RR_obs";;"obs";"0";"2023-08-30"
35163;"RR_obs";;"obs";"0";"2023-08-30"
35171;"RR_obs";;"obs";"0";"2023-08-30"
35172;"RR_obs";;"obs";"0";"2023-08-30"
35173;"RR_obs";;"obs";"0";"2023-08-30"
35174;"RR_obs";;"obs";"0";"2023-08-30"
35011;"RR_casos";;"casos";"0";"2023-08-23"
35012;"RR_casos";;"casos";"0";"2023-08-23"
35013;"RR_casos";;"casos";"0";"2023-08-23"
35014;"RR_casos";;"casos";"0";"2023-08-23"
35015;"RR_casos";;"casos";"0";"2023-08-23"
35016;"RR_casos";;"casos";"0";"2023-08-23"
35021;"RR_casos";;"casos";"0";"2023-08-23"
35022;"RR_casos";;"casos";"0";"2023-08-23"
35023;"RR_casos";;"casos";"0";"2023-08-23"
35031;"RR_casos";;"casos";"0";"2023-08-23"
35032;"RR_casos";;"casos";"0";"2023-08-23"
35033;"RR_casos";;"casos";"0";"2023-08-23"
35034;"RR_casos";;"casos";"0";"2023-08-23"
35041;"RR_casos";;"casos";"0";"2023-08-23"
35051;"RR_casos";;"casos";"0";"2023-08-23"
35052;"RR_casos";;"casos";"0";"2023-08-23"
35061;"RR_casos";;"casos";"0";"2023-08-23"
35062;"RR_casos";;"casos";"0";"2023-08-23"
35063;"RR_casos";4.3927953688;"casos";">3";"2023-08-23"
35064;"RR_casos";;"casos";"0";"2023-08-23"
35065;"RR_casos";;"casos";"0";"2023-08-23"
35071;"RR_casos";;"casos";"0";"2023-08-23"
35072;"RR_casos";1.5985192092;"casos";"1.1-2.0";"2023-08-23"
35073;"RR_casos";;"casos";"0";"2023-08-23"
35074;"RR_casos";;"casos";"0";"2023-08-23"
35081;"RR_casos";;"casos";"0";"2023-08-23"
35082;"RR_casos";;"casos";"0";"2023-08-23"
35083;"RR_casos";;"casos";"0";"2023-08-23"
35091;"RR_casos";;"casos";"0";"2023-08-23"
35092;"RR_casos";;"casos";"0";"2023-08-23"
35093;"RR_casos";4.2632458043;"casos";">3";"2023-08-23"
35094;"RR_casos";;"casos";"0";"2023-08-23"
35095;"RR_casos";;"casos";"0";"2023-08-23"
35101;"RR_casos";;"casos";"0";"2023-08-23"
35102;"RR_casos";;"casos";"0";"2023-08-23"
35103;"RR_casos";;"casos";"0";"2023-08-23"
35104;"RR_casos";;"casos";"0";"2023-08-23"
35111;"RR_casos";;"casos";"0";"2023-08-23"
35112;"RR_casos";;"casos";"0";"2023-08-23"
35113;"RR_casos";;"casos";"0";"2023-08-23"
35114;"RR_casos";;"casos";"0";"2023-08-23"
35115;"RR_casos";;"casos";"0";"2023-08-23"
35121;"RR_casos";;"casos";"0";"2023-08-23"
35131;"RR_casos";;"casos";"0";"2023-08-23"
35132;"RR_casos";;"casos";"0";"2023-08-23"
35133;"RR_casos";;"casos";"0";"2023-08-23"
35141;"RR_casos";;"casos";"0";"2023-08-23"
35142;"RR_casos";;"casos";"0";"2023-08-23"
35143;"RR_casos";;"casos";"0";"2023-08-23"
35151;"RR_casos";;"casos";"0";"2023-08-23"
35152;"RR_casos";;"casos";"0";"2023-08-23"
35153;"RR_casos";;"casos";"0";"2023-08-23"
35154;"RR_casos";;"casos";"0";"2023-08-23"
35155;"RR_casos";3.0958027769;"casos";">3";"2023-08-23"
35156;"RR_casos";;"casos";"0";"2023-08-23"
35157;"RR_casos";;"casos";"0";"2023-08-23"
35161;"RR_casos";;"casos";"0";"2023-08-23"
35162;"RR_casos";;"casos";"0";"2023-08-23"
35163;"RR_casos";;"casos";"0";"2023-08-23"
35171;"RR_casos";;"casos";"0";"2023-08-23"
35172;"RR_casos";;"casos";"0";"2023-08-23"
35173;"RR_casos";2.1000686361;"casos";"2.0-3.0";"2023-08-23"
35174;"RR_casos";;"casos";"0";"2023-08-23"
35011;"RR_Mdn";;"Mdn";"0";"2023-08-23"
35012;"RR_Mdn";;"Mdn";"0";"2023-08-23"
35013;"RR_Mdn";;"Mdn";"0";"2023-08-23"
35014;"RR_Mdn";;"Mdn";"0";"2023-08-23"
35015;"RR_Mdn";;"Mdn";"0";"2023-08-23"
35016;"RR_Mdn";;"Mdn";"0";"2023-08-23"
35021;"RR_Mdn";1.915679893;"Mdn";"1.1-2.0";"2023-08-23"
35022;"RR_Mdn";1.915679893;"Mdn";"1.1-2.0";"2023-08-23"
35023;"RR_Mdn";1.915679893;"Mdn";"1.1-2.0";"2023-08-23"
35031;"RR_Mdn";;"Mdn";"0";"2023-08-23"
35032;"RR_Mdn";;"Mdn";"0";"2023-08-23"
35033;"RR_Mdn";;"Mdn";"0";"2023-08-23"
35034;"RR_Mdn";;"Mdn";"0";"2023-08-23"
35041;"RR_Mdn";;"Mdn";"0";"2023-08-23"
35051;"RR_Mdn";;"Mdn";"0";"2023-08-23"
35052;"RR_Mdn";;"Mdn";"0";"2023-08-23"
35061;"RR_Mdn";;"Mdn";"0";"2023-08-23"
35062;"RR_Mdn";;"Mdn";"0";"2023-08-23"
35063;"RR_Mdn";3.8514905149;"Mdn";">3";"2023-08-23"
35064;"RR_Mdn";;"Mdn";"0";"2023-08-23"
35065;"RR_Mdn";1.915679893;"Mdn";"1.1-2.0";"2023-08-23"
35071;"RR_Mdn";;"Mdn";"0";"2023-08-23"
35072;"RR_Mdn";;"Mdn";"0";"2023-08-23"
35073;"RR_Mdn";;"Mdn";"0";"2023-08-23"
35074;"RR_Mdn";;"Mdn";"0";"2023-08-23"
35081;"RR_Mdn";;"Mdn";"0";"2023-08-23"
35082;"RR_Mdn";;"Mdn";"0";"2023-08-23"
35083;"RR_Mdn";;"Mdn";"0";"2023-08-23"
35091;"RR_Mdn";1.915679893;"Mdn";"1.1-2.0";"2023-08-23"
35092;"RR_Mdn";;"Mdn";"0";"2023-08-23"
35093;"RR_Mdn";1.915679893;"Mdn";"1.1-2.0";"2023-08-23"
35094;"RR_Mdn";;"Mdn";"0";"2023-08-23"
35095;"RR_Mdn";1.915679893;"Mdn";"1.1-2.0";"2023-08-23"
35101;"RR_Mdn";;"Mdn";"0";"2023-08-23"
35102;"RR_Mdn";;"Mdn";"0";"2023-08-23"
35103;"RR_Mdn";;"Mdn";"0";"2023-08-23"
35104;"RR_Mdn";5.3122078809;"Mdn";">3";"2023-08-23"
35111;"RR_Mdn";;"Mdn";"0";"2023-08-23"
35112;"RR_Mdn";;"Mdn";"0";"2023-08-23"
35113;"RR_Mdn";1.915679893;"Mdn";"1.1-2.0";"2023-08-23"
35114;"RR_Mdn";;"Mdn";"0";"2023-08-23"
35115;"RR_Mdn";;"Mdn";"0";"2023-08-23"
35121;"RR_Mdn";;"Mdn";"0";"2023-08-23"
35131;"RR_Mdn";;"Mdn";"0";"2023-08-23"
35132;"RR_Mdn";;"Mdn";"0";"2023-08-23"
35133;"RR_Mdn";;"Mdn";"0";"2023-08-23"
35141;"RR_Mdn";;"Mdn";"0";"2023-08-23"
35142;"RR_Mdn";;"Mdn";"0";"2023-08-23"
35143;"RR_Mdn";;"Mdn";"0";"2023-08-23"
35151;"RR_Mdn";1.915679893;"Mdn";"1.1-2.0";"2023-08-23"
35152;"RR_Mdn";;"Mdn";"0";"2023-08-23"
35153;"RR_Mdn";1.915679893;"Mdn";"1.1-2.0";"2023-08-23"
35154;"RR_Mdn";1.915679893;"Mdn";"1.1-2.0";"2023-08-23"
35155;"RR_Mdn";1.915679893;"Mdn";"1.1-2.0";"2023-08-23"
35156;"RR_Mdn";1.915679893;"Mdn";"1.1-2.0";"2023-08-23"
35157;"RR_Mdn";1.915679893;"Mdn";"1.1-2.0";"2023-08-23"
35161;"RR_Mdn";;"Mdn";"0";"2023-08-23"
35162;"RR_Mdn";;"Mdn";"0";"2023-08-23"
35163;"RR_Mdn";;"Mdn";"0";"2023-08-23"
35171;"RR_Mdn";;"Mdn";"0";"2023-08-23"
35172;"RR_Mdn";;"Mdn";"0";"2023-08-23"
35173;"RR_Mdn";;"Mdn";"0";"2023-08-23"
35174;"RR_Mdn";;"Mdn";"0";"2023-08-23"
35011;"RR_Mdn_mv";;"Mdn_mv";"0";"2023-08-23"
35012;"RR_Mdn_mv";;"Mdn_mv";"0";"2023-08-23"
35013;"RR_Mdn_mv";;"Mdn_mv";"0";"2023-08-23"
35014;"RR_Mdn_mv";;"Mdn_mv";"0";"2023-08-23"
35015;"RR_Mdn_mv";;"Mdn_mv";"0";"2023-08-23"
35016;"RR_Mdn_mv";;"Mdn_mv";"0";"2023-08-23"
35021;"RR_Mdn_mv";;"Mdn_mv";"0";"2023-08-23"
35022;"RR_Mdn_mv";;"Mdn_mv";"0";"2023-08-23"
35023;"RR_Mdn_mv";;"Mdn_mv";"0";"2023-08-23"
35031;"RR_Mdn_mv";;"Mdn_mv";"0";"2023-08-23"
35032;"RR_Mdn_mv";;"Mdn_mv";"0";"2023-08-23"
35033;"RR_Mdn_mv";;"Mdn_mv";"0";"2023-08-23"
35034;"RR_Mdn_mv";;"Mdn_mv";"0";"2023-08-23"
35041;"RR_Mdn_mv";;"Mdn_mv";"0";"2023-08-23"
35051;"RR_Mdn_mv";;"Mdn_mv";"0";"2023-08-23"
35052;"RR_Mdn_mv";;"Mdn_mv";"0";"2023-08-23"
35061;"RR_Mdn_mv";;"Mdn_mv";"0";"2023-08-23"
35062;"RR_Mdn_mv";;"Mdn_mv";"0";"2023-08-23"
35063;"RR_Mdn_mv";4.1599261003;"Mdn_mv";">3";"2023-08-23"
35064;"RR_Mdn_mv";;"Mdn_mv";"0";"2023-08-23"
35065;"RR_Mdn_mv";;"Mdn_mv";"0";"2023-08-23"
35071;"RR_Mdn_mv";;"Mdn_mv";"0";"2023-08-23"
35072;"RR_Mdn_mv";;"Mdn_mv";"0";"2023-08-23"
35073;"RR_Mdn_mv";;"Mdn_mv";"0";"2023-08-23"
35074;"RR_Mdn_mv";;"Mdn_mv";"0";"2023-08-23"
35081;"RR_Mdn_mv";;"Mdn_mv";"0";"2023-08-23"
35082;"RR_Mdn_mv";;"Mdn_mv";"0";"2023-08-23"
35083;"RR_Mdn_mv";;"Mdn_mv";"0";"2023-08-23"
35091;"RR_Mdn_mv";;"Mdn_mv";"0";"2023-08-23"
35092;"RR_Mdn_mv";;"Mdn_mv";"0";"2023-08-23"
35093;"RR_Mdn_mv";4.3923750442;"Mdn_mv";">3";"2023-08-23"
35094;"RR_Mdn_mv";;"Mdn_mv";"0";"2023-08-23"
35095;"RR_Mdn_mv";;"Mdn_mv";"0";"2023-08-23"
35101;"RR_Mdn_mv";;"Mdn_mv";"0";"2023-08-23"
35102;"RR_Mdn_mv";;"Mdn_mv";"0";"2023-08-23"
35103;"RR_Mdn_mv";;"Mdn_mv";"0";"2023-08-23"
35104;"RR_Mdn_mv";4.0625966723;"Mdn_mv";">3";"2023-08-23"
35111;"RR_Mdn_mv";;"Mdn_mv";"0";"2023-08-23"
35112;"RR_Mdn_mv";;"Mdn_mv";"0";"2023-08-23"
35113;"RR_Mdn_mv";;"Mdn_mv";"0";"2023-08-23"
35114;"RR_Mdn_mv";;"Mdn_mv";"0";"2023-08-23"
35115;"RR_Mdn_mv";;"Mdn_mv";"0";"2023-08-23"
35121;"RR_Mdn_mv";;"Mdn_mv";"0";"2023-08-23"
35131;"RR_Mdn_mv";;"Mdn_mv";"0";"2023-08-23"
35132;"RR_Mdn_mv";;"Mdn_mv";"0";"2023-08-23"
35133;"RR_Mdn_mv";;"Mdn_mv";"0";"2023-08-23"
35141;"RR_Mdn_mv";;"Mdn_mv";"0";"2023-08-23"
35142;"RR_Mdn_mv";;"Mdn_mv";"0";"2023-08-23"
35143;"RR_Mdn_mv";;"Mdn_mv";"0";"2023-08-23"
35151;"RR_Mdn_mv";;"Mdn_mv";"0";"2023-08-23"
35152;"RR_Mdn_mv";;"Mdn_mv";"0";"2023-08-23"
35153;"RR_Mdn_mv";;"Mdn_mv";"0";"2023-08-23"
35154;"RR_Mdn_mv";;"Mdn_mv";"0";"2023-08-23"
35155;"RR_Mdn_mv";2.5822534878;"Mdn_mv";"2.0-3.0";"2023-08-23"
35156;"RR_Mdn_mv";;"Mdn_mv";"0";"2023-08-23"
35157;"RR_Mdn_mv";;"Mdn_mv";"0";"2023-08-23"
35161;"RR_Mdn_mv";;"Mdn_mv";"0";"2023-08-23"
35162;"RR_Mdn_mv";;"Mdn_mv";"0";"2023-08-23"
35163;"RR_Mdn_mv";;"Mdn_mv";"0";"2023-08-23"
35171;"RR_Mdn_mv";;"Mdn_mv";"0";"2023-08-23"
35172;"RR_Mdn_mv";;"Mdn_mv";"0";"2023-08-23"
35173;"RR_Mdn_mv";;"Mdn_mv";"0";"2023-08-23"
35174;"RR_Mdn_mv";;"Mdn_mv";"0";"2023-08-23"
35011;"RR_obs";;"obs";"0";"2023-08-23"
35012;"RR_obs";;"obs";"0";"2023-08-23"
35013;"RR_obs";;"obs";"0";"2023-08-23"
35014;"RR_obs";;"obs";"0";"2023-08-23"
35015;"RR_obs";;"obs";"0";"2023-08-23"
35016;"RR_obs";;"obs";"0";"2023-08-23"
35021;"RR_obs";;"obs";"0";"2023-08-23"
35022;"RR_obs";;"obs";"0";"2023-08-23"
35023;"RR_obs";;"obs";"0";"2023-08-23"
35031;"RR_obs";;"obs";"0";"2023-08-23"
35032;"RR_obs";;"obs";"0";"2023-08-23"
35033;"RR_obs";;"obs";"0";"2023-08-23"
35034;"RR_obs";;"obs";"0";"2023-08-23"
35041;"RR_obs";;"obs";"0";"2023-08-23"
35051;"RR_obs";;"obs";"0";"2023-08-23"
35052;"RR_obs";;"obs";"0";"2023-08-23"
35061;"RR_obs";;"obs";"0";"2023-08-23"
35062;"RR_obs";;"obs";"0";"2023-08-23"
35063;"RR_obs";;"obs";"0";"2023-08-23"
35064;"RR_obs";;"obs";"0";"2023-08-23"
35065;"RR_obs";;"obs";"0";"2023-08-23"
35071;"RR_obs";;"obs";"0";"2023-08-23"
35072;"RR_obs";;"obs";"0";"2023-08-23"
35073;"RR_obs";;"obs";"0";"2023-08-23"
35074;"RR_obs";;"obs";"0";"2023-08-23"
35081;"RR_obs";;"obs";"0";"2023-08-23"
35082;"RR_obs";;"obs";"0";"2023-08-23"
35083;"RR_obs";;"obs";"0";"2023-08-23"
35091;"RR_obs";;"obs";"0";"2023-08-23"
35092;"RR_obs";;"obs";"0";"2023-08-23"
35093;"RR_obs";;"obs";"0";"2023-08-23"
35094;"RR_obs";;"obs";"0";"2023-08-23"
35095;"RR_obs";;"obs";"0";"2023-08-23"
35101;"RR_obs";;"obs";"0";"2023-08-23"
35102;"RR_obs";;"obs";"0";"2023-08-23"
35103;"RR_obs";;"obs";"0";"2023-08-23"
35104;"RR_obs";;"obs";"0";"2023-08-23"
35111;"RR_obs";;"obs";"0";"2023-08-23"
35112;"RR_obs";;"obs";"0";"2023-08-23"
35113;"RR_obs";;"obs";"0";"2023-08-23"
35114;"RR_obs";;"obs";"0";"2023-08-23"
35115;"RR_obs";;"obs";"0";"2023-08-23"
35121;"RR_obs";;"obs";"0";"2023-08-23"
35131;"RR_obs";;"obs";"0";"2023-08-23"
35132;"RR_obs";;"obs";"0";"2023-08-23"
35133;"RR_obs";;"obs";"0";"2023-08-23"
35141;"RR_obs";;"obs";"0";"2023-08-23"
35142;"RR_obs";;"obs";"0";"2023-08-23"
35143;"RR_obs";;"obs";"0";"2023-08-23"
35151;"RR_obs";;"obs";"0";"2023-08-23"
35152;"RR_obs";;"obs";"0";"2023-08-23"
35153;"RR_obs";;"obs";"0";"2023-08-23"
35154;"RR_obs";;"obs";"0";"2023-08-23"
35155;"RR_obs";;"obs";"0";"2023-08-23"
35156;"RR_obs";;"obs";"0";"2023-08-23"
35157;"RR_obs";;"obs";"0";"2023-08-23"
35161;"RR_obs";;"obs";"0";"2023-08-23"
35162;"RR_obs";;"obs";"0";"2023-08-23"
35163;"RR_obs";;"obs";"0";"2023-08-23"
35171;"RR_obs";;"obs";"0";"2023-08-23"
35172;"RR_obs";;"obs";"0";"2023-08-23"
35173;"RR_obs";;"obs";"0";"2023-08-23"
35174;"RR_obs";;"obs";"0";"2023-08-23"
35011;"RR_casos";;"casos";"0";"2023-07-19"
35012;"RR_casos";;"casos";"0";"2023-07-19"
35013;"RR_casos";;"casos";"0";"2023-07-19"
35014;"RR_casos";;"casos";"0";"2023-07-19"
35015;"RR_casos";;"casos";"0";"2023-07-19"
35016;"RR_casos";;"casos";"0";"2023-07-19"
35021;"RR_casos";;"casos";"0";"2023-07-19"
35022;"RR_casos";;"casos";"0";"2023-07-19"
35023;"RR_casos";;"casos";"0";"2023-07-19"
35031;"RR_casos";;"casos";"0";"2023-07-19"
35032;"RR_casos";;"casos";"0";"2023-07-19"
35033;"RR_casos";;"casos";"0";"2023-07-19"
35034;"RR_casos";;"casos";"0";"2023-07-19"
35041;"RR_casos";;"casos";"0";"2023-07-19"
35051;"RR_casos";;"casos";"0";"2023-07-19"
35052;"RR_casos";;"casos";"0";"2023-07-19"
35061;"RR_casos";;"casos";"0";"2023-07-19"
35062;"RR_casos";;"casos";"0";"2023-07-19"
35063;"RR_casos";2.4261071558;"casos";"2.0-3.0";"2023-07-19"
35064;"RR_casos";;"casos";"0";"2023-07-19"
35065;"RR_casos";;"casos";"0";"2023-07-19"
35071;"RR_casos";;"casos";"0";"2023-07-19"
35072;"RR_casos";;"casos";"0";"2023-07-19"
35073;"RR_casos";;"casos";"0";"2023-07-19"
35074;"RR_casos";;"casos";"0";"2023-07-19"
35081;"RR_casos";;"casos";"0";"2023-07-19"
35082;"RR_casos";;"casos";"0";"2023-07-19"
35083;"RR_casos";;"casos";"0";"2023-07-19"
35091;"RR_casos";;"casos";"0";"2023-07-19"
35092;"RR_casos";;"casos";"0";"2023-07-19"
35093;"RR_casos";5.6160139905;"casos";">3";"2023-07-19"
35094;"RR_casos";;"casos";"0";"2023-07-19"
35095;"RR_casos";;"casos";"0";"2023-07-19"
35101;"RR_casos";;"casos";"0";"2023-07-19"
35102;"RR_casos";;"casos";"0";"2023-07-19"
35103;"RR_casos";2.4261071558;"casos";"2.0-3.0";"2023-07-19"
35104;"RR_casos";;"casos";"0";"2023-07-19"
35111;"RR_casos";;"casos";"0";"2023-07-19"
35112;"RR_casos";;"casos";"0";"2023-07-19"
35113;"RR_casos";;"casos";"0";"2023-07-19"
35114;"RR_casos";;"casos";"0";"2023-07-19"
35115;"RR_casos";;"casos";"0";"2023-07-19"
35121;"RR_casos";;"casos";"0";"2023-07-19"
35131;"RR_casos";;"casos";"0";"2023-07-19"
35132;"RR_casos";;"casos";"0";"2023-07-19"
35133;"RR_casos";;"casos";"0";"2023-07-19"
35141;"RR_casos";;"casos";"0";"2023-07-19"
35142;"RR_casos";;"casos";"0";"2023-07-19"
35143;"RR_casos";;"casos";"0";"2023-07-19"
35151;"RR_casos";;"casos";"0";"2023-07-19"
35152;"RR_casos";;"casos";"0";"2023-07-19"
35153;"RR_casos";;"casos";"0";"2023-07-19"
35154;"RR_casos";;"casos";"0";"2023-07-19"
35155;"RR_casos";2.2345758516;"casos";"2.0-3.0";"2023-07-19"
35156;"RR_casos";;"casos";"0";"2023-07-19"
35157;"RR_casos";;"casos";"0";"2023-07-19"
35161;"RR_casos";;"casos";"0";"2023-07-19"
35162;"RR_casos";;"casos";"0";"2023-07-19"
35163;"RR_casos";;"casos";"0";"2023-07-19"
35171;"RR_casos";;"casos";"0";"2023-07-19"
35172;"RR_casos";;"casos";"0";"2023-07-19"
35173;"RR_casos";;"casos";"0";"2023-07-19"
35174;"RR_casos";;"casos";"0";"2023-07-19"
35011;"RR_Mdn";;"Mdn";"0";"2023-07-19"
35012;"RR_Mdn";;"Mdn";"0";"2023-07-19"
35013;"RR_Mdn";;"Mdn";"0";"2023-07-19"
35014;"RR_Mdn";;"Mdn";"0";"2023-07-19"
35015;"RR_Mdn";;"Mdn";"0";"2023-07-19"
35016;"RR_Mdn";;"Mdn";"0";"2023-07-19"
35021;"RR_Mdn";;"Mdn";"0";"2023-07-19"
35022;"RR_Mdn";;"Mdn";"0";"2023-07-19"
35023;"RR_Mdn";;"Mdn";"0";"2023-07-19"
35031;"RR_Mdn";;"Mdn";"0";"2023-07-19"
35032;"RR_Mdn";;"Mdn";"0";"2023-07-19"
35033;"RR_Mdn";;"Mdn";"0";"2023-07-19"
35034;"RR_Mdn";;"Mdn";"0";"2023-07-19"
35041;"RR_Mdn";;"Mdn";"0";"2023-07-19"
35051;"RR_Mdn";;"Mdn";"0";"2023-07-19"
35052;"RR_Mdn";;"Mdn";"0";"2023-07-19"
35061;"RR_Mdn";;"Mdn";"0";"2023-07-19"
35062;"RR_Mdn";;"Mdn";"0";"2023-07-19"
35063;"RR_Mdn";3.1880151633;"Mdn";">3";"2023-07-19"
35064;"RR_Mdn";;"Mdn";"0";"2023-07-19"
35065;"RR_Mdn";;"Mdn";"0";"2023-07-19"
35071;"RR_Mdn";;"Mdn";"0";"2023-07-19"
35072;"RR_Mdn";;"Mdn";"0";"2023-07-19"
35073;"RR_Mdn";;"Mdn";"0";"2023-07-19"
35074;"RR_Mdn";;"Mdn";"0";"2023-07-19"
35081;"RR_Mdn";;"Mdn";"0";"2023-07-19"
35082;"RR_Mdn";;"Mdn";"0";"2023-07-19"
35083;"RR_Mdn";;"Mdn";"0";"2023-07-19"
35091;"RR_Mdn";;"Mdn";"0";"2023-07-19"
35092;"RR_Mdn";;"Mdn";"0";"2023-07-19"
35093;"RR_Mdn";3.4339926943;"Mdn";">3";"2023-07-19"
35094;"RR_Mdn";;"Mdn";"0";"2023-07-19"
35095;"RR_Mdn";;"Mdn";"0";"2023-07-19"
35101;"RR_Mdn";;"Mdn";"0";"2023-07-19"
35102;"RR_Mdn";;"Mdn";"0";"2023-07-19"
35103;"RR_Mdn";;"Mdn";"0";"2023-07-19"
35104;"RR_Mdn";;"Mdn";"0";"2023-07-19"
35111;"RR_Mdn";;"Mdn";"0";"2023-07-19"
35112;"RR_Mdn";;"Mdn";"0";"2023-07-19"
35113;"RR_Mdn";;"Mdn";"0";"2023-07-19"
35114;"RR_Mdn";;"Mdn";"0";"2023-07-19"
35115;"RR_Mdn";;"Mdn";"0";"2023-07-19"
35121;"RR_Mdn";;"Mdn";"0";"2023-07-19"
35131;"RR_Mdn";;"Mdn";"0";"2023-07-19"
35132;"RR_Mdn";;"Mdn";"0";"2023-07-19"
35133;"RR_Mdn";;"Mdn";"0";"2023-07-19"
35141;"RR_Mdn";;"Mdn";"0";"2023-07-19"
35142;"RR_Mdn";;"Mdn";"0";"2023-07-19"
35143;"RR_Mdn";;"Mdn";"0";"2023-07-19"
35151;"RR_Mdn";3.0082156302;"Mdn";">3";"2023-07-19"
35152;"RR_Mdn";;"Mdn";"0";"2023-07-19"
35153;"RR_Mdn";;"Mdn";"0";"2023-07-19"
35154;"RR_Mdn";;"Mdn";"0";"2023-07-19"
35155;"RR_Mdn";;"Mdn";"0";"2023-07-19"
35156;"RR_Mdn";;"Mdn";"0";"2023-07-19"
35157;"RR_Mdn";;"Mdn";"0";"2023-07-19"
35161;"RR_Mdn";;"Mdn";"0";"2023-07-19"
35162;"RR_Mdn";;"Mdn";"0";"2023-07-19"
35163;"RR_Mdn";;"Mdn";"0";"2023-07-19"
35171;"RR_Mdn";;"Mdn";"0";"2023-07-19"
35172;"RR_Mdn";;"Mdn";"0";"2023-07-19"
35173;"RR_Mdn";;"Mdn";"0";"2023-07-19"
35174;"RR_Mdn";;"Mdn";"0";"2023-07-19"
35011;"RR_Mdn_mv";;"Mdn_mv";"0";"2023-07-19"
35012;"RR_Mdn_mv";;"Mdn_mv";"0";"2023-07-19"
35013;"RR_Mdn_mv";;"Mdn_mv";"0";"2023-07-19"
35014;"RR_Mdn_mv";;"Mdn_mv";"0";"2023-07-19"
35015;"RR_Mdn_mv";;"Mdn_mv";"0";"2023-07-19"
35016;"RR_Mdn_mv";;"Mdn_mv";"0";"2023-07-19"
35021;"RR_Mdn_mv";;"Mdn_mv";"0";"2023-07-19"
35022;"RR_Mdn_mv";;"Mdn_mv";"0";"2023-07-19"
35023;"RR_Mdn_mv";;"Mdn_mv";"0";"2023-07-19"
35031;"RR_Mdn_mv";;"Mdn_mv";"0";"2023-07-19"
35032;"RR_Mdn_mv";;"Mdn_mv";"0";"2023-07-19"
35033;"RR_Mdn_mv";;"Mdn_mv";"0";"2023-07-19"
35034;"RR_Mdn_mv";;"Mdn_mv";"0";"2023-07-19"
35041;"RR_Mdn_mv";;"Mdn_mv";"0";"2023-07-19"
35051;"RR_Mdn_mv";;"Mdn_mv";"0";"2023-07-19"
35052;"RR_Mdn_mv";;"Mdn_mv";"0";"2023-07-19"
35061;"RR_Mdn_mv";;"Mdn_mv";"0";"2023-07-19"
35062;"RR_Mdn_mv";;"Mdn_mv";"0";"2023-07-19"
35063;"RR_Mdn_mv";3.4473352425;"Mdn_mv";">3";"2023-07-19"
35064;"RR_Mdn_mv";;"Mdn_mv";"0";"2023-07-19"
35065;"RR_Mdn_mv";;"Mdn_mv";"0";"2023-07-19"
35071;"RR_Mdn_mv";;"Mdn_mv";"0";"2023-07-19"
35072;"RR_Mdn_mv";;"Mdn_mv";"0";"2023-07-19"
35073;"RR_Mdn_mv";;"Mdn_mv";"0";"2023-07-19"
35074;"RR_Mdn_mv";;"Mdn_mv";"0";"2023-07-19"
35081;"RR_Mdn_mv";;"Mdn_mv";"0";"2023-07-19"
35082;"RR_Mdn_mv";;"Mdn_mv";"0";"2023-07-19"
35083;"RR_Mdn_mv";;"Mdn_mv";"0";"2023-07-19"
35091;"RR_Mdn_mv";;"Mdn_mv";"0";"2023-07-19"
35092;"RR_Mdn_mv";;"Mdn_mv";"0";"2023-07-19"
35093;"RR_Mdn_mv";3.4323886114;"Mdn_mv";">3";"2023-07-19"
35094;"RR_Mdn_mv";;"Mdn_mv";"0";"2023-07-19"
35095;"RR_Mdn_mv";;"Mdn_mv";"0";"2023-07-19"
35101;"RR_Mdn_mv";;"Mdn_mv";"0";"2023-07-19"
35102;"RR_Mdn_mv";;"Mdn_mv";"0";"2023-07-19"
35103;"RR_Mdn_mv";;"Mdn_mv";"0";"2023-07-19"
35104;"RR_Mdn_mv";;"Mdn_mv";"0";"2023-07-19"
35111;"RR_Mdn_mv";;"Mdn_mv";"0";"2023-07-19"
35112;"RR_Mdn_mv";;"Mdn_mv";"0";"2023-07-19"
35113;"RR_Mdn_mv";;"Mdn_mv";"0";"2023-07-19"
35114;"RR_Mdn_mv";;"Mdn_mv";"0";"2023-07-19"
35115;"RR_Mdn_mv";;"Mdn_mv";"0";"2023-07-19"
35121;"RR_Mdn_mv";;"Mdn_mv";"0";"2023-07-19"
35131;"RR_Mdn_mv";;"Mdn_mv";"0";"2023-07-19"
35132;"RR_Mdn_mv";;"Mdn_mv";"0";"2023-07-19"
35133;"RR_Mdn_mv";;"Mdn_mv";"0";"2023-07-19"
35141;"RR_Mdn_mv";;"Mdn_mv";"0";"2023-07-19"
35142;"RR_Mdn_mv";;"Mdn_mv";"0";"2023-07-19"
35143;"RR_Mdn_mv";;"Mdn_mv";"0";"2023-07-19"
35151;"RR_Mdn_mv";2.8044332811;"Mdn_mv";"2.0-3.0";"2023-07-19"
35152;"RR_Mdn_mv";;"Mdn_mv";"0";"2023-07-19"
35153;"RR_Mdn_mv";;"Mdn_mv";"0";"2023-07-19"
35154;"RR_Mdn_mv";;"Mdn_mv";"0";"2023-07-19"
35155;"RR_Mdn_mv";1.8365270579;"Mdn_mv";"1.1-2.0";"2023-07-19"
35156;"RR_Mdn_mv";1.8365270579;"Mdn_mv";"1.1-2.0";"2023-07-19"
35157;"RR_Mdn_mv";;"Mdn_mv";"0";"2023-07-19"
35161;"RR_Mdn_mv";;"Mdn_mv";"0";"2023-07-19"
35162;"RR_Mdn_mv";;"Mdn_mv";"0";"2023-07-19"
35163;"RR_Mdn_mv";;"Mdn_mv";"0";"2023-07-19"
35171;"RR_Mdn_mv";;"Mdn_mv";"0";"2023-07-19"
35172;"RR_Mdn_mv";;"Mdn_mv";"0";"2023-07-19"
35173;"RR_Mdn_mv";;"Mdn_mv";"0";"2023-07-19"
35174;"RR_Mdn_mv";;"Mdn_mv";"0";"2023-07-19"
35011;"RR_obs";;"obs";"0";"2023-07-19"
35012;"RR_obs";;"obs";"0";"2023-07-19"
35013;"RR_obs";;"obs";"0";"2023-07-19"
35014;"RR_obs";;"obs";"0";"2023-07-19"
35015;"RR_obs";;"obs";"0";"2023-07-19"
35016;"RR_obs";;"obs";"0";"2023-07-19"
35021;"RR_obs";;"obs";"0";"2023-07-19"
35022;"RR_obs";;"obs";"0";"2023-07-19"
35023;"RR_obs";;"obs";"0";"2023-07-19"
35031;"RR_obs";;"obs";"0";"2023-07-19"
35032;"RR_obs";;"obs";"0";"2023-07-19"
35033;"RR_obs";;"obs";"0";"2023-07-19"
35034;"RR_obs";;"obs";"0";"2023-07-19"
35041;"RR_obs";;"obs";"0";"2023-07-19"
35051;"RR_obs";;"obs";"0";"2023-07-19"
35052;"RR_obs";;"obs";"0";"2023-07-19"
35061;"RR_obs";;"obs";"0";"2023-07-19"
35062;"RR_obs";;"obs";"0";"2023-07-19"
35063;"RR_obs";;"obs";"0";"2023-07-19"
35064;"RR_obs";;"obs";"0";"2023-07-19"
35065;"RR_obs";;"obs";"0";"2023-07-19"
35071;"RR_obs";;"obs";"0";"2023-07-19"
35072;"RR_obs";;"obs";"0";"2023-07-19"
35073;"RR_obs";;"obs";"0";"2023-07-19"
35074;"RR_obs";;"obs";"0";"2023-07-19"
35081;"RR_obs";;"obs";"0";"2023-07-19"
35082;"RR_obs";;"obs";"0";"2023-07-19"
35083;"RR_obs";;"obs";"0";"2023-07-19"
35091;"RR_obs";;"obs";"0";"2023-07-19"
35092;"RR_obs";;"obs";"0";"2023-07-19"
35093;"RR_obs";;"obs";"0";"2023-07-19"
35094;"RR_obs";;"obs";"0";"2023-07-19"
35095;"RR_obs";;"obs";"0";"2023-07-19"
35101;"RR_obs";;"obs";"0";"2023-07-19"
35102;"RR_obs";;"obs";"0";"2023-07-19"
35103;"RR_obs";;"obs";"0";"2023-07-19"
35104;"RR_obs";;"obs";"0";"2023-07-19"
35111;"RR_obs";;"obs";"0";"2023-07-19"
35112;"RR_obs";;"obs";"0";"2023-07-19"
35113;"RR_obs";;"obs";"0";"2023-07-19"
35114;"RR_obs";;"obs";"0";"2023-07-19"
35115;"RR_obs";;"obs";"0";"2023-07-19"
35121;"RR_obs";;"obs";"0";"2023-07-19"
35131;"RR_obs";;"obs";"0";"2023-07-19"
35132;"RR_obs";;"obs";"0";"2023-07-19"
35133;"RR_obs";;"obs";"0";"2023-07-19"
35141;"RR_obs";;"obs";"0";"2023-07-19"
35142;"RR_obs";;"obs";"0";"2023-07-19"
35143;"RR_obs";;"obs";"0";"2023-07-19"
35151;"RR_obs";;"obs";"0";"2023-07-19"
35152;"RR_obs";;"obs";"0";"2023-07-19"
35153;"RR_obs";;"obs";"0";"2023-07-19"
35154;"RR_obs";;"obs";"0";"2023-07-19"
35155;"RR_obs";;"obs";"0";"2023-07-19"
35156;"RR_obs";;"obs";"0";"2023-07-19"
35157;"RR_obs";;"obs";"0";"2023-07-19"
35161;"RR_obs";;"obs";"0";"2023-07-19"
35162;"RR_obs";;"obs";"0";"2023-07-19"
35163;"RR_obs";;"obs";"0";"2023-07-19"
35171;"RR_obs";;"obs";"0";"2023-07-19"
35172;"RR_obs";;"obs";"0";"2023-07-19"
35173;"RR_obs";;"obs";"0";"2023-07-19"
35174;"RR_obs";;"obs";"0";"2023-07-19"
35011;"RR_casos";;"casos";"0";"2023-07-04"
35012;"RR_casos";;"casos";"0";"2023-07-04"
35013;"RR_casos";;"casos";"0";"2023-07-04"
35014;"RR_casos";;"casos";"0";"2023-07-04"
35015;"RR_casos";;"casos";"0";"2023-07-04"
35016;"RR_casos";;"casos";"0";"2023-07-04"
35021;"RR_casos";;"casos";"0";"2023-07-04"
35022;"RR_casos";;"casos";"0";"2023-07-04"
35023;"RR_casos";;"casos";"0";"2023-07-04"
35031;"RR_casos";;"casos";"0";"2023-07-04"
35032;"RR_casos";;"casos";"0";"2023-07-04"
35033;"RR_casos";;"casos";"0";"2023-07-04"
35034;"RR_casos";;"casos";"0";"2023-07-04"
35041;"RR_casos";;"casos";"0";"2023-07-04"
35051;"RR_casos";;"casos";"0";"2023-07-04"
35052;"RR_casos";;"casos";"0";"2023-07-04"
35061;"RR_casos";;"casos";"0";"2023-07-04"
35062;"RR_casos";;"casos";"0";"2023-07-04"
35063;"RR_casos";3.6769557574;"casos";">3";"2023-07-04"
35064;"RR_casos";;"casos";"0";"2023-07-04"
35065;"RR_casos";;"casos";"0";"2023-07-04"
35071;"RR_casos";;"casos";"0";"2023-07-04"
35072;"RR_casos";1.5857700262;"casos";"1.1-2.0";"2023-07-04"
35073;"RR_casos";;"casos";"0";"2023-07-04"
35074;"RR_casos";;"casos";"0";"2023-07-04"
35081;"RR_casos";;"casos";"0";"2023-07-04"
35082;"RR_casos";;"casos";"0";"2023-07-04"
35083;"RR_casos";;"casos";"0";"2023-07-04"
35091;"RR_casos";;"casos";"0";"2023-07-04"
35092;"RR_casos";;"casos";"0";"2023-07-04"
35093;"RR_casos";4.6392655287;"casos";">3";"2023-07-04"
35094;"RR_casos";;"casos";"0";"2023-07-04"
35095;"RR_casos";;"casos";"0";"2023-07-04"
35101;"RR_casos";;"casos";"0";"2023-07-04"
35102;"RR_casos";;"casos";"0";"2023-07-04"
35103;"RR_casos";;"casos";"0";"2023-07-04"
35104;"RR_casos";;"casos";"0";"2023-07-04"
35111;"RR_casos";;"casos";"0";"2023-07-04"
35112;"RR_casos";;"casos";"0";"2023-07-04"
35113;"RR_casos";;"casos";"0";"2023-07-04"
35114;"RR_casos";;"casos";"0";"2023-07-04"
35115;"RR_casos";;"casos";"0";"2023-07-04"
35121;"RR_casos";;"casos";"0";"2023-07-04"
35131;"RR_casos";;"casos";"0";"2023-07-04"
35132;"RR_casos";;"casos";"0";"2023-07-04"
35133;"RR_casos";;"casos";"0";"2023-07-04"
35141;"RR_casos";;"casos";"0";"2023-07-04"
35142;"RR_casos";;"casos";"0";"2023-07-04"
35143;"RR_casos";;"casos";"0";"2023-07-04"
35151;"RR_casos";;"casos";"0";"2023-07-04"
35152;"RR_casos";;"casos";"0";"2023-07-04"
35153;"RR_casos";;"casos";"0";"2023-07-04"
35154;"RR_casos";;"casos";"0";"2023-07-04"
35155;"RR_casos";2.5559357111;"casos";"2.0-3.0";"2023-07-04"
35156;"RR_casos";2.5559357111;"casos";"2.0-3.0";"2023-07-04"
35157;"RR_casos";;"casos";"0";"2023-07-04"
35161;"RR_casos";;"casos";"0";"2023-07-04"
35162;"RR_casos";;"casos";"0";"2023-07-04"
35163;"RR_casos";;"casos";"0";"2023-07-04"
35171;"RR_casos";;"casos";"0";"2023-07-04"
35172;"RR_casos";;"casos";"0";"2023-07-04"
35173;"RR_casos";;"casos";"0";"2023-07-04"
35174;"RR_casos";;"casos";"0";"2023-07-04"
35011;"RR_Mdn";;"Mdn";"0";"2023-07-04"
35012;"RR_Mdn";;"Mdn";"0";"2023-07-04"
35013;"RR_Mdn";;"Mdn";"0";"2023-07-04"
35014;"RR_Mdn";;"Mdn";"0";"2023-07-04"
35015;"RR_Mdn";;"Mdn";"0";"2023-07-04"
35016;"RR_Mdn";;"Mdn";"0";"2023-07-04"
35021;"RR_Mdn";;"Mdn";"0";"2023-07-04"
35022;"RR_Mdn";;"Mdn";"0";"2023-07-04"
35023;"RR_Mdn";;"Mdn";"0";"2023-07-04"
35031;"RR_Mdn";;"Mdn";"0";"2023-07-04"
35032;"RR_Mdn";;"Mdn";"0";"2023-07-04"
35033;"RR_Mdn";;"Mdn";"0";"2023-07-04"
35034;"RR_Mdn";;"Mdn";"0";"2023-07-04"
35041;"RR_Mdn";;"Mdn";"0";"2023-07-04"
35051;"RR_Mdn";;"Mdn";"0";"2023-07-04"
35052;"RR_Mdn";;"Mdn";"0";"2023-07-04"
35061;"RR_Mdn";;"Mdn";"0";"2023-07-04"
35062;"RR_Mdn";;"Mdn";"0";"2023-07-04"
35063;"RR_Mdn";;"Mdn";"0";"2023-07-04"
35064;"RR_Mdn";;"Mdn";"0";"2023-07-04"
35065;"RR_Mdn";;"Mdn";"0";"2023-07-04"
35071;"RR_Mdn";;"Mdn";"0";"2023-07-04"
35072;"RR_Mdn";;"Mdn";"0";"2023-07-04"
35073;"RR_Mdn";;"Mdn";"0";"2023-07-04"
35074;"RR_Mdn";;"Mdn";"0";"2023-07-04"
35081;"RR_Mdn";;"Mdn";"0";"2023-07-04"
35082;"RR_Mdn";;"Mdn";"0";"2023-07-04"
35083;"RR_Mdn";;"Mdn";"0";"2023-07-04"
35091;"RR_Mdn";;"Mdn";"0";"2023-07-04"
35092;"RR_Mdn";;"Mdn";"0";"2023-07-04"
35093;"RR_Mdn";3.664920181;"Mdn";">3";"2023-07-04"
35094;"RR_Mdn";;"Mdn";"0";"2023-07-04"
35095;"RR_Mdn";;"Mdn";"0";"2023-07-04"
35101;"RR_Mdn";;"Mdn";"0";"2023-07-04"
35102;"RR_Mdn";;"Mdn";"0";"2023-07-04"
35103;"RR_Mdn";;"Mdn";"0";"2023-07-04"
35104;"RR_Mdn";;"Mdn";"0";"2023-07-04"
35111;"RR_Mdn";;"Mdn";"0";"2023-07-04"
35112;"RR_Mdn";;"Mdn";"0";"2023-07-04"
35113;"RR_Mdn";;"Mdn";"0";"2023-07-04"
35114;"RR_Mdn";;"Mdn";"0";"2023-07-04"
35115;"RR_Mdn";;"Mdn";"0";"2023-07-04"
35121;"RR_Mdn";;"Mdn";"0";"2023-07-04"
35131;"RR_Mdn";;"Mdn";"0";"2023-07-04"
35132;"RR_Mdn";;"Mdn";"0";"2023-07-04"
35133;"RR_Mdn";;"Mdn";"0";"2023-07-04"
35141;"RR_Mdn";;"Mdn";"0";"2023-07-04"
35142;"RR_Mdn";;"Mdn";"0";"2023-07-04"
35143;"RR_Mdn";;"Mdn";"0";"2023-07-04"
35151;"RR_Mdn";;"Mdn";"0";"2023-07-04"
35152;"RR_Mdn";;"Mdn";"0";"2023-07-04"
35153;"RR_Mdn";;"Mdn";"0";"2023-07-04"
35154;"RR_Mdn";;"Mdn";"0";"2023-07-04"
35155;"RR_Mdn";;"Mdn";"0";"2023-07-04"
35156;"RR_Mdn";;"Mdn";"0";"2023-07-04"
35157;"RR_Mdn";;"Mdn";"0";"2023-07-04"
35161;"RR_Mdn";;"Mdn";"0";"2023-07-04"
35162;"RR_Mdn";;"Mdn";"0";"2023-07-04"
35163;"RR_Mdn";;"Mdn";"0";"2023-07-04"
35171;"RR_Mdn";;"Mdn";"0";"2023-07-04"
35172;"RR_Mdn";;"Mdn";"0";"2023-07-04"
35173;"RR_Mdn";;"Mdn";"0";"2023-07-04"
35174;"RR_Mdn";;"Mdn";"0";"2023-07-04"
35011;"RR_Mdn_mv";;"Mdn_mv";"0";"2023-07-04"
35012;"RR_Mdn_mv";;"Mdn_mv";"0";"2023-07-04"
35013;"RR_Mdn_mv";;"Mdn_mv";"0";"2023-07-04"
35014;"RR_Mdn_mv";;"Mdn_mv";"0";"2023-07-04"
35015;"RR_Mdn_mv";;"Mdn_mv";"0";"2023-07-04"
35016;"RR_Mdn_mv";;"Mdn_mv";"0";"2023-07-04"
35021;"RR_Mdn_mv";;"Mdn_mv";"0";"2023-07-04"
35022;"RR_Mdn_mv";;"Mdn_mv";"0";"2023-07-04"
35023;"RR_Mdn_mv";;"Mdn_mv";"0";"2023-07-04"
35031;"RR_Mdn_mv";;"Mdn_mv";"0";"2023-07-04"
35032;"RR_Mdn_mv";;"Mdn_mv";"0";"2023-07-04"
35033;"RR_Mdn_mv";;"Mdn_mv";"0";"2023-07-04"
35034;"RR_Mdn_mv";;"Mdn_mv";"0";"2023-07-04"
35041;"RR_Mdn_mv";;"Mdn_mv";"0";"2023-07-04"
35051;"RR_Mdn_mv";;"Mdn_mv";"0";"2023-07-04"
35052;"RR_Mdn_mv";;"Mdn_mv";"0";"2023-07-04"
35061;"RR_Mdn_mv";;"Mdn_mv";"0";"2023-07-04"
35062;"RR_Mdn_mv";;"Mdn_mv";"0";"2023-07-04"
35063;"RR_Mdn_mv";2.6789655914;"Mdn_mv";"2.0-3.0";"2023-07-04"
35064;"RR_Mdn_mv";;"Mdn_mv";"0";"2023-07-04"
35065;"RR_Mdn_mv";;"Mdn_mv";"0";"2023-07-04"
35071;"RR_Mdn_mv";;"Mdn_mv";"0";"2023-07-04"
35072;"RR_Mdn_mv";;"Mdn_mv";"0";"2023-07-04"
35073;"RR_Mdn_mv";;"Mdn_mv";"0";"2023-07-04"
35074;"RR_Mdn_mv";;"Mdn_mv";"0";"2023-07-04"
35081;"RR_Mdn_mv";;"Mdn_mv";"0";"2023-07-04"
35082;"RR_Mdn_mv";;"Mdn_mv";"0";"2023-07-04"
35083;"RR_Mdn_mv";;"Mdn_mv";"0";"2023-07-04"
35091;"RR_Mdn_mv";;"Mdn_mv";"0";"2023-07-04"
35092;"RR_Mdn_mv";;"Mdn_mv";"0";"2023-07-04"
35093;"RR_Mdn_mv";4.4230112367;"Mdn_mv";">3";"2023-07-04"
35094;"RR_Mdn_mv";;"Mdn_mv";"0";"2023-07-04"
35095;"RR_Mdn_mv";;"Mdn_mv";"0";"2023-07-04"
35101;"RR_Mdn_mv";;"Mdn_mv";"0";"2023-07-04"
35102;"RR_Mdn_mv";;"Mdn_mv";"0";"2023-07-04"
35103;"RR_Mdn_mv";;"Mdn_mv";"0";"2023-07-04"
35104;"RR_Mdn_mv";;"Mdn_mv";"0";"2023-07-04"
35111;"RR_Mdn_mv";;"Mdn_mv";"0";"2023-07-04"
35112;"RR_Mdn_mv";;"Mdn_mv";"0";"2023-07-04"
35113;"RR_Mdn_mv";;"Mdn_mv";"0";"2023-07-04"
35114;"RR_Mdn_mv";;"Mdn_mv";"0";"2023-07-04"
35115;"RR_Mdn_mv";;"Mdn_mv";"0";"2023-07-04"
35121;"RR_Mdn_mv";;"Mdn_mv";"0";"2023-07-04"
35131;"RR_Mdn_mv";;"Mdn_mv";"0";"2023-07-04"
35132;"RR_Mdn_mv";;"Mdn_mv";"0";"2023-07-04"
35133;"RR_Mdn_mv";;"Mdn_mv";"0";"2023-07-04"
35141;"RR_Mdn_mv";;"Mdn_mv";"0";"2023-07-04"
35142;"RR_Mdn_mv";;"Mdn_mv";"0";"2023-07-04"
35143;"RR_Mdn_mv";;"Mdn_mv";"0";"2023-07-04"
35151;"RR_Mdn_mv";;"Mdn_mv";"0";"2023-07-04"
35152;"RR_Mdn_mv";;"Mdn_mv";"0";"2023-07-04"
35153;"RR_Mdn_mv";;"Mdn_mv";"0";"2023-07-04"
35154;"RR_Mdn_mv";;"Mdn_mv";"0";"2023-07-04"
35155;"RR_Mdn_mv";2.4977074609;"Mdn_mv";"2.0-3.0";"2023-07-04"
35156;"RR_Mdn_mv";2.4977074609;"Mdn_mv";"2.0-3.0";"2023-07-04"
35157;"RR_Mdn_mv";;"Mdn_mv";"0";"2023-07-04"
35161;"RR_Mdn_mv";;"Mdn_mv";"0";"2023-07-04"
35162;"RR_Mdn_mv";;"Mdn_mv";"0";"2023-07-04"
35163;"RR_Mdn_mv";;"Mdn_mv";"0";"2023-07-04"
35171;"RR_Mdn_mv";;"Mdn_mv";"0";"2023-07-04"
35172;"RR_Mdn_mv";;"Mdn_mv";"0";"2023-07-04"
35173;"RR_Mdn_mv";;"Mdn_mv";"0";"2023-07-04"
35174;"RR_Mdn_mv";;"Mdn_mv";"0";"2023-07-04"
35011;"RR_obs";;"obs";"0";"2023-07-04"
35012;"RR_obs";;"obs";"0";"2023-07-04"
35013;"RR_obs";;"obs";"0";"2023-07-04"
35014;"RR_obs";;"obs";"0";"2023-07-04"
35015;"RR_obs";;"obs";"0";"2023-07-04"
35016;"RR_obs";;"obs";"0";"2023-07-04"
35021;"RR_obs";;"obs";"0";"2023-07-04"
35022;"RR_obs";;"obs";"0";"2023-07-04"
35023;"RR_obs";;"obs";"0";"2023-07-04"
35031;"RR_obs";;"obs";"0";"2023-07-04"
35032;"RR_obs";;"obs";"0";"2023-07-04"
35033;"RR_obs";;"obs";"0";"2023-07-04"
35034;"RR_obs";;"obs";"0";"2023-07-04"
35041;"RR_obs";;"obs";"0";"2023-07-04"
35051;"RR_obs";;"obs";"0";"2023-07-04"
35052;"RR_obs";;"obs";"0";"2023-07-04"
35061;"RR_obs";;"obs";"0";"2023-07-04"
35062;"RR_obs";;"obs";"0";"2023-07-04"
35063;"RR_obs";;"obs";"0";"2023-07-04"
35064;"RR_obs";;"obs";"0";"2023-07-04"
35065;"RR_obs";;"obs";"0";"2023-07-04"
35071;"RR_obs";;"obs";"0";"2023-07-04"
35072;"RR_obs";;"obs";"0";"2023-07-04"
35073;"RR_obs";;"obs";"0";"2023-07-04"
35074;"RR_obs";;"obs";"0";"2023-07-04"
35081;"RR_obs";;"obs";"0";"2023-07-04"
35082;"RR_obs";;"obs";"0";"2023-07-04"
35083;"RR_obs";;"obs";"0";"2023-07-04"
35091;"RR_obs";;"obs";"0";"2023-07-04"
35092;"RR_obs";;"obs";"0";"2023-07-04"
35093;"RR_obs";;"obs";"0";"2023-07-04"
35094;"RR_obs";;"obs";"0";"2023-07-04"
35095;"RR_obs";;"obs";"0";"2023-07-04"
35101;"RR_obs";;"obs";"0";"2023-07-04"
35102;"RR_obs";;"obs";"0";"2023-07-04"
35103;"RR_obs";;"obs";"0";"2023-07-04"
35104;"RR_obs";;"obs";"0";"2023-07-04"
35111;"RR_obs";;"obs";"0";"2023-07-04"
35112;"RR_obs";;"obs";"0";"2023-07-04"
35113;"RR_obs";;"obs";"0";"2023-07-04"
35114;"RR_obs";;"obs";"0";"2023-07-04"
35115;"RR_obs";;"obs";"0";"2023-07-04"
35121;"RR_obs";;"obs";"0";"2023-07-04"
35131;"RR_obs";;"obs";"0";"2023-07-04"
35132;"RR_obs";;"obs";"0";"2023-07-04"
35133;"RR_obs";;"obs";"0";"2023-07-04"
35141;"RR_obs";;"obs";"0";"2023-07-04"
35142;"RR_obs";;"obs";"0";"2023-07-04"
35143;"RR_obs";;"obs";"0";"2023-07-04"
35151;"RR_obs";;"obs";"0";"2023-07-04"
35152;"RR_obs";;"obs";"0";"2023-07-04"
35153;"RR_obs";;"obs";"0";"2023-07-04"
35154;"RR_obs";;"obs";"0";"2023-07-04"
35155;"RR_obs";;"obs";"0";"2023-07-04"
35156;"RR_obs";;"obs";"0";"2023-07-04"
35157;"RR_obs";;"obs";"0";"2023-07-04"
35161;"RR_obs";;"obs";"0";"2023-07-04"
35162;"RR_obs";;"obs";"0";"2023-07-04"
35163;"RR_obs";;"obs";"0";"2023-07-04"
35171;"RR_obs";;"obs";"0";"2023-07-04"
35172;"RR_obs";;"obs";"0";"2023-07-04"
35173;"RR_obs";;"obs";"0";"2023-07-04"
35174;"RR_obs";;"obs";"0";"2023-07-04"
35011;"RR_casos";;"casos";"0";"2023-06-20"
35012;"RR_casos";;"casos";"0";"2023-06-20"
35013;"RR_casos";;"casos";"0";"2023-06-20"
35014;"RR_casos";;"casos";"0";"2023-06-20"
35015;"RR_casos";;"casos";"0";"2023-06-20"
35016;"RR_casos";;"casos";"0";"2023-06-20"
35021;"RR_casos";;"casos";"0";"2023-06-20"
35022;"RR_casos";;"casos";"0";"2023-06-20"
35023;"RR_casos";;"casos";"0";"2023-06-20"
35031;"RR_casos";;"casos";"0";"2023-06-20"
35032;"RR_casos";1.7267429462;"casos";"1.1-2.0";"2023-06-20"
35033;"RR_casos";1.7267429462;"casos";"1.1-2.0";"2023-06-20"
35034;"RR_casos";;"casos";"0";"2023-06-20"
35041;"RR_casos";;"casos";"0";"2023-06-20"
35051;"RR_casos";;"casos";"0";"2023-06-20"
35052;"RR_casos";;"casos";"0";"2023-06-20"
35061;"RR_casos";;"casos";"0";"2023-06-20"
35062;"RR_casos";;"casos";"0";"2023-06-20"
35063;"RR_casos";4.3146284634;"casos";">3";"2023-06-20"
35064;"RR_casos";;"casos";"0";"2023-06-20"
35065;"RR_casos";;"casos";"0";"2023-06-20"
35071;"RR_casos";;"casos";"0";"2023-06-20"
35072;"RR_casos";1.6342859612;"casos";"1.1-2.0";"2023-06-20"
35073;"RR_casos";;"casos";"0";"2023-06-20"
35074;"RR_casos";;"casos";"0";"2023-06-20"
35081;"RR_casos";;"casos";"0";"2023-06-20"
35082;"RR_casos";;"casos";"0";"2023-06-20"
35083;"RR_casos";;"casos";"0";"2023-06-20"
35091;"RR_casos";;"casos";"0";"2023-06-20"
35092;"RR_casos";;"casos";"0";"2023-06-20"
35093;"RR_casos";4.5431902248;"casos";">3";"2023-06-20"
35094;"RR_casos";;"casos";"0";"2023-06-20"
35095;"RR_casos";;"casos";"0";"2023-06-20"
35101;"RR_casos";;"casos";"0";"2023-06-20"
35102;"RR_casos";;"casos";"0";"2023-06-20"
35103;"RR_casos";;"casos";"0";"2023-06-20"
35104;"RR_casos";;"casos";"0";"2023-06-20"
35111;"RR_casos";;"casos";"0";"2023-06-20"
35112;"RR_casos";;"casos";"0";"2023-06-20"
35113;"RR_casos";;"casos";"0";"2023-06-20"
35114;"RR_casos";;"casos";"0";"2023-06-20"
35115;"RR_casos";;"casos";"0";"2023-06-20"
35121;"RR_casos";;"casos";"0";"2023-06-20"
35131;"RR_casos";;"casos";"0";"2023-06-20"
35132;"RR_casos";;"casos";"0";"2023-06-20"
35133;"RR_casos";;"casos";"0";"2023-06-20"
35141;"RR_casos";;"casos";"0";"2023-06-20"
35142;"RR_casos";;"casos";"0";"2023-06-20"
35143;"RR_casos";;"casos";"0";"2023-06-20"
35151;"RR_casos";1.7267429462;"casos";"1.1-2.0";"2023-06-20"
35152;"RR_casos";;"casos";"0";"2023-06-20"
35153;"RR_casos";;"casos";"0";"2023-06-20"
35154;"RR_casos";;"casos";"0";"2023-06-20"
35155;"RR_casos";2.8927225198;"casos";"2.0-3.0";"2023-06-20"
35156;"RR_casos";2.8927225198;"casos";"2.0-3.0";"2023-06-20"
35157;"RR_casos";;"casos";"0";"2023-06-20"
35161;"RR_casos";;"casos";"0";"2023-06-20"
35162;"RR_casos";;"casos";"0";"2023-06-20"
35163;"RR_casos";;"casos";"0";"2023-06-20"
35171;"RR_casos";;"casos";"0";"2023-06-20"
35172;"RR_casos";;"casos";"0";"2023-06-20"
35173;"RR_casos";;"casos";"0";"2023-06-20"
35174;"RR_casos";;"casos";"0";"2023-06-20"
35011;"RR_Mdn";;"Mdn";"0";"2023-06-20"
35012;"RR_Mdn";;"Mdn";"0";"2023-06-20"
35013;"RR_Mdn";;"Mdn";"0";"2023-06-20"
35014;"RR_Mdn";;"Mdn";"0";"2023-06-20"
35015;"RR_Mdn";;"Mdn";"0";"2023-06-20"
35016;"RR_Mdn";;"Mdn";"0";"2023-06-20"
35021;"RR_Mdn";;"Mdn";"0";"2023-06-20"
35022;"RR_Mdn";;"Mdn";"0";"2023-06-20"
35023;"RR_Mdn";;"Mdn";"0";"2023-06-20"
35031;"RR_Mdn";;"Mdn";"0";"2023-06-20"
35032;"RR_Mdn";3.3715656973;"Mdn";">3";"2023-06-20"
35033;"RR_Mdn";;"Mdn";"0";"2023-06-20"
35034;"RR_Mdn";;"Mdn";"0";"2023-06-20"
35041;"RR_Mdn";;"Mdn";"0";"2023-06-20"
35051;"RR_Mdn";;"Mdn";"0";"2023-06-20"
35052;"RR_Mdn";;"Mdn";"0";"2023-06-20"
35061;"RR_Mdn";;"Mdn";"0";"2023-06-20"
35062;"RR_Mdn";;"Mdn";"0";"2023-06-20"
35063;"RR_Mdn";3.1203450302;"Mdn";">3";"2023-06-20"
35064;"RR_Mdn";;"Mdn";"0";"2023-06-20"
35065;"RR_Mdn";;"Mdn";"0";"2023-06-20"
35071;"RR_Mdn";;"Mdn";"0";"2023-06-20"
35072;"RR_Mdn";;"Mdn";"0";"2023-06-20"
35073;"RR_Mdn";;"Mdn";"0";"2023-06-20"
35074;"RR_Mdn";;"Mdn";"0";"2023-06-20"
35081;"RR_Mdn";;"Mdn";"0";"2023-06-20"
35082;"RR_Mdn";;"Mdn";"0";"2023-06-20"
35083;"RR_Mdn";;"Mdn";"0";"2023-06-20"
35091;"RR_Mdn";;"Mdn";"0";"2023-06-20"
35092;"RR_Mdn";;"Mdn";"0";"2023-06-20"
35093;"RR_Mdn";;"Mdn";"0";"2023-06-20"
35094;"RR_Mdn";;"Mdn";"0";"2023-06-20"
35095;"RR_Mdn";;"Mdn";"0";"2023-06-20"
35101;"RR_Mdn";;"Mdn";"0";"2023-06-20"
35102;"RR_Mdn";;"Mdn";"0";"2023-06-20"
35103;"RR_Mdn";;"Mdn";"0";"2023-06-20"
35104;"RR_Mdn";;"Mdn";"0";"2023-06-20"
35111;"RR_Mdn";;"Mdn";"0";"2023-06-20"
35112;"RR_Mdn";;"Mdn";"0";"2023-06-20"
35113;"RR_Mdn";;"Mdn";"0";"2023-06-20"
35114;"RR_Mdn";;"Mdn";"0";"2023-06-20"
35115;"RR_Mdn";;"Mdn";"0";"2023-06-20"
35121;"RR_Mdn";;"Mdn";"0";"2023-06-20"
35131;"RR_Mdn";;"Mdn";"0";"2023-06-20"
35132;"RR_Mdn";;"Mdn";"0";"2023-06-20"
35133;"RR_Mdn";;"Mdn";"0";"2023-06-20"
35141;"RR_Mdn";;"Mdn";"0";"2023-06-20"
35142;"RR_Mdn";;"Mdn";"0";"2023-06-20"
35143;"RR_Mdn";;"Mdn";"0";"2023-06-20"
35151;"RR_Mdn";;"Mdn";"0";"2023-06-20"
35152;"RR_Mdn";;"Mdn";"0";"2023-06-20"
35153;"RR_Mdn";;"Mdn";"0";"2023-06-20"
35154;"RR_Mdn";;"Mdn";"0";"2023-06-20"
35155;"RR_Mdn";;"Mdn";"0";"2023-06-20"
35156;"RR_Mdn";;"Mdn";"0";"2023-06-20"
35157;"RR_Mdn";;"Mdn";"0";"2023-06-20"
35161;"RR_Mdn";;"Mdn";"0";"2023-06-20"
35162;"RR_Mdn";;"Mdn";"0";"2023-06-20"
35163;"RR_Mdn";;"Mdn";"0";"2023-06-20"
35171;"RR_Mdn";;"Mdn";"0";"2023-06-20"
35172;"RR_Mdn";;"Mdn";"0";"2023-06-20"
35173;"RR_Mdn";;"Mdn";"0";"2023-06-20"
35174;"RR_Mdn";;"Mdn";"0";"2023-06-20"
35011;"RR_Mdn_mv";;"Mdn_mv";"0";"2023-06-20"
35012;"RR_Mdn_mv";;"Mdn_mv";"0";"2023-06-20"
35013;"RR_Mdn_mv";;"Mdn_mv";"0";"2023-06-20"
35014;"RR_Mdn_mv";;"Mdn_mv";"0";"2023-06-20"
35015;"RR_Mdn_mv";;"Mdn_mv";"0";"2023-06-20"
35016;"RR_Mdn_mv";;"Mdn_mv";"0";"2023-06-20"
35021;"RR_Mdn_mv";;"Mdn_mv";"0";"2023-06-20"
35022;"RR_Mdn_mv";;"Mdn_mv";"0";"2023-06-20"
35023;"RR_Mdn_mv";;"Mdn_mv";"0";"2023-06-20"
35031;"RR_Mdn_mv";;"Mdn_mv";"0";"2023-06-20"
35032;"RR_Mdn_mv";;"Mdn_mv";"0";"2023-06-20"
35033;"RR_Mdn_mv";;"Mdn_mv";"0";"2023-06-20"
35034;"RR_Mdn_mv";;"Mdn_mv";"0";"2023-06-20"
35041;"RR_Mdn_mv";;"Mdn_mv";"0";"2023-06-20"
35051;"RR_Mdn_mv";;"Mdn_mv";"0";"2023-06-20"
35052;"RR_Mdn_mv";;"Mdn_mv";"0";"2023-06-20"
35061;"RR_Mdn_mv";;"Mdn_mv";"0";"2023-06-20"
35062;"RR_Mdn_mv";;"Mdn_mv";"0";"2023-06-20"
35063;"RR_Mdn_mv";3.4105791428;"Mdn_mv";">3";"2023-06-20"
35064;"RR_Mdn_mv";;"Mdn_mv";"0";"2023-06-20"
35065;"RR_Mdn_mv";;"Mdn_mv";"0";"2023-06-20"
35071;"RR_Mdn_mv";;"Mdn_mv";"0";"2023-06-20"
35072;"RR_Mdn_mv";;"Mdn_mv";"0";"2023-06-20"
35073;"RR_Mdn_mv";;"Mdn_mv";"0";"2023-06-20"
35074;"RR_Mdn_mv";;"Mdn_mv";"0";"2023-06-20"
35081;"RR_Mdn_mv";;"Mdn_mv";"0";"2023-06-20"
35082;"RR_Mdn_mv";;"Mdn_mv";"0";"2023-06-20"
35083;"RR_Mdn_mv";;"Mdn_mv";"0";"2023-06-20"
35091;"RR_Mdn_mv";;"Mdn_mv";"0";"2023-06-20"
35092;"RR_Mdn_mv";;"Mdn_mv";"0";"2023-06-20"
35093;"RR_Mdn_mv";;"Mdn_mv";"0";"2023-06-20"
35094;"RR_Mdn_mv";;"Mdn_mv";"0";"2023-06-20"
35095;"RR_Mdn_mv";;"Mdn_mv";"0";"2023-06-20"
35101;"RR_Mdn_mv";;"Mdn_mv";"0";"2023-06-20"
35102;"RR_Mdn_mv";;"Mdn_mv";"0";"2023-06-20"
35103;"RR_Mdn_mv";;"Mdn_mv";"0";"2023-06-20"
35104;"RR_Mdn_mv";;"Mdn_mv";"0";"2023-06-20"
35111;"RR_Mdn_mv";;"Mdn_mv";"0";"2023-06-20"
35112;"RR_Mdn_mv";;"Mdn_mv";"0";"2023-06-20"
35113;"RR_Mdn_mv";;"Mdn_mv";"0";"2023-06-20"
35114;"RR_Mdn_mv";;"Mdn_mv";"0";"2023-06-20"
35115;"RR_Mdn_mv";;"Mdn_mv";"0";"2023-06-20"
35121;"RR_Mdn_mv";;"Mdn_mv";"0";"2023-06-20"
35131;"RR_Mdn_mv";;"Mdn_mv";"0";"2023-06-20"
35132;"RR_Mdn_mv";;"Mdn_mv";"0";"2023-06-20"
35133;"RR_Mdn_mv";;"Mdn_mv";"0";"2023-06-20"
35141;"RR_Mdn_mv";;"Mdn_mv";"0";"2023-06-20"
35142;"RR_Mdn_mv";;"Mdn_mv";"0";"2023-06-20"
35143;"RR_Mdn_mv";;"Mdn_mv";"0";"2023-06-20"
35151;"RR_Mdn_mv";;"Mdn_mv";"0";"2023-06-20"
35152;"RR_Mdn_mv";;"Mdn_mv";"0";"2023-06-20"
35153;"RR_Mdn_mv";;"Mdn_mv";"0";"2023-06-20"
35154;"RR_Mdn_mv";;"Mdn_mv";"0";"2023-06-20"
35155;"RR_Mdn_mv";;"Mdn_mv";"0";"2023-06-20"
35156;"RR_Mdn_mv";;"Mdn_mv";"0";"2023-06-20"
35157;"RR_Mdn_mv";;"Mdn_mv";"0";"2023-06-20"
35161;"RR_Mdn_mv";;"Mdn_mv";"0";"2023-06-20"
35162;"RR_Mdn_mv";;"Mdn_mv";"0";"2023-06-20"
35163;"RR_Mdn_mv";;"Mdn_mv";"0";"2023-06-20"
35171;"RR_Mdn_mv";;"Mdn_mv";"0";"2023-06-20"
35172;"RR_Mdn_mv";;"Mdn_mv";"0";"2023-06-20"
35173;"RR_Mdn_mv";;"Mdn_mv";"0";"2023-06-20"
35174;"RR_Mdn_mv";;"Mdn_mv";"0";"2023-06-20"
35011;"RR_obs";;"obs";"0";"2023-06-20"
35012;"RR_obs";;"obs";"0";"2023-06-20"
35013;"RR_obs";;"obs";"0";"2023-06-20"
35014;"RR_obs";;"obs";"0";"2023-06-20"
35015;"RR_obs";;"obs";"0";"2023-06-20"
35016;"RR_obs";;"obs";"0";"2023-06-20"
35021;"RR_obs";;"obs";"0";"2023-06-20"
35022;"RR_obs";;"obs";"0";"2023-06-20"
35023;"RR_obs";;"obs";"0";"2023-06-20"
35031;"RR_obs";;"obs";"0";"2023-06-20"
35032;"RR_obs";;"obs";"0";"2023-06-20"
35033;"RR_obs";;"obs";"0";"2023-06-20"
35034;"RR_obs";;"obs";"0";"2023-06-20"
35041;"RR_obs";;"obs";"0";"2023-06-20"
35051;"RR_obs";;"obs";"0";"2023-06-20"
35052;"RR_obs";;"obs";"0";"2023-06-20"
35061;"RR_obs";;"obs";"0";"2023-06-20"
35062;"RR_obs";;"obs";"0";"2023-06-20"
35063;"RR_obs";;"obs";"0";"2023-06-20"
35064;"RR_obs";;"obs";"0";"2023-06-20"
35065;"RR_obs";;"obs";"0";"2023-06-20"
35071;"RR_obs";;"obs";"0";"2023-06-20"
35072;"RR_obs";;"obs";"0";"2023-06-20"
35073;"RR_obs";;"obs";"0";"2023-06-20"
35074;"RR_obs";;"obs";"0";"2023-06-20"
35081;"RR_obs";;"obs";"0";"2023-06-20"
35082;"RR_obs";;"obs";"0";"2023-06-20"
35083;"RR_obs";;"obs";"0";"2023-06-20"
35091;"RR_obs";;"obs";"0";"2023-06-20"
35092;"RR_obs";;"obs";"0";"2023-06-20"
35093;"RR_obs";;"obs";"0";"2023-06-20"
35094;"RR_obs";;"obs";"0";"2023-06-20"
35095;"RR_obs";;"obs";"0";"2023-06-20"
35101;"RR_obs";;"obs";"0";"2023-06-20"
35102;"RR_obs";;"obs";"0";"2023-06-20"
35103;"RR_obs";;"obs";"0";"2023-06-20"
35104;"RR_obs";;"obs";"0";"2023-06-20"
35111;"RR_obs";;"obs";"0";"2023-06-20"
35112;"RR_obs";;"obs";"0";"2023-06-20"
35113;"RR_obs";;"obs";"0";"2023-06-20"
35114;"RR_obs";;"obs";"0";"2023-06-20"
35115;"RR_obs";;"obs";"0";"2023-06-20"
35121;"RR_obs";;"obs";"0";"2023-06-20"
35131;"RR_obs";;"obs";"0";"2023-06-20"
35132;"RR_obs";;"obs";"0";"2023-06-20"
35133;"RR_obs";;"obs";"0";"2023-06-20"
35141;"RR_obs";;"obs";"0";"2023-06-20"
35142;"RR_obs";;"obs";"0";"2023-06-20"
35143;"RR_obs";;"obs";"0";"2023-06-20"
35151;"RR_obs";;"obs";"0";"2023-06-20"
35152;"RR_obs";;"obs";"0";"2023-06-20"
35153;"RR_obs";;"obs";"0";"2023-06-20"
35154;"RR_obs";;"obs";"0";"2023-06-20"
35155;"RR_obs";;"obs";"0";"2023-06-20"
35156;"RR_obs";;"obs";"0";"2023-06-20"
35157;"RR_obs";;"obs";"0";"2023-06-20"
35161;"RR_obs";;"obs";"0";"2023-06-20"
35162;"RR_obs";;"obs";"0";"2023-06-20"
35163;"RR_obs";;"obs";"0";"2023-06-20"
35171;"RR_obs";;"obs";"0";"2023-06-20"
35172;"RR_obs";;"obs";"0";"2023-06-20"
35173;"RR_obs";;"obs";"0";"2023-06-20"
35174;"RR_obs";;"obs";"0";"2023-06-20"
35011;"RR_casos";;"casos";"0";"2023-06-14"
35012;"RR_casos";;"casos";"0";"2023-06-14"
35013;"RR_casos";;"casos";"0";"2023-06-14"
35014;"RR_casos";;"casos";"0";"2023-06-14"
35015;"RR_casos";;"casos";"0";"2023-06-14"
35016;"RR_casos";;"casos";"0";"2023-06-14"
35021;"RR_casos";;"casos";"0";"2023-06-14"
35022;"RR_casos";;"casos";"0";"2023-06-14"
35023;"RR_casos";;"casos";"0";"2023-06-14"
35031;"RR_casos";;"casos";"0";"2023-06-14"
35032;"RR_casos";;"casos";"0";"2023-06-14"
35033;"RR_casos";;"casos";"0";"2023-06-14"
35034;"RR_casos";;"casos";"0";"2023-06-14"
35041;"RR_casos";;"casos";"0";"2023-06-14"
35051;"RR_casos";;"casos";"0";"2023-06-14"
35052;"RR_casos";;"casos";"0";"2023-06-14"
35061;"RR_casos";;"casos";"0";"2023-06-14"
35062;"RR_casos";;"casos";"0";"2023-06-14"
35063;"RR_casos";4.3962657629;"casos";">3";"2023-06-14"
35064;"RR_casos";;"casos";"0";"2023-06-14"
35065;"RR_casos";;"casos";"0";"2023-06-14"
35071;"RR_casos";;"casos";"0";"2023-06-14"
35072;"RR_casos";1.4522128715;"casos";"1.1-2.0";"2023-06-14"
35073;"RR_casos";;"casos";"0";"2023-06-14"
35074;"RR_casos";;"casos";"0";"2023-06-14"
35081;"RR_casos";;"casos";"0";"2023-06-14"
35082;"RR_casos";;"casos";"0";"2023-06-14"
35083;"RR_casos";;"casos";"0";"2023-06-14"
35091;"RR_casos";;"casos";"0";"2023-06-14"
35092;"RR_casos";;"casos";"0";"2023-06-14"
35093;"RR_casos";4.5226569749;"casos";">3";"2023-06-14"
35094;"RR_casos";;"casos";"0";"2023-06-14"
35095;"RR_casos";;"casos";"0";"2023-06-14"
35101;"RR_casos";;"casos";"0";"2023-06-14"
35102;"RR_casos";;"casos";"0";"2023-06-14"
35103;"RR_casos";;"casos";"0";"2023-06-14"
35104;"RR_casos";;"casos";"0";"2023-06-14"
35111;"RR_casos";;"casos";"0";"2023-06-14"
35112;"RR_casos";;"casos";"0";"2023-06-14"
35113;"RR_casos";;"casos";"0";"2023-06-14"
35114;"RR_casos";;"casos";"0";"2023-06-14"
35115;"RR_casos";;"casos";"0";"2023-06-14"
35121;"RR_casos";;"casos";"0";"2023-06-14"
35131;"RR_casos";;"casos";"0";"2023-06-14"
35132;"RR_casos";;"casos";"0";"2023-06-14"
35133;"RR_casos";;"casos";"0";"2023-06-14"
35141;"RR_casos";;"casos";"0";"2023-06-14"
35142;"RR_casos";;"casos";"0";"2023-06-14"
35143;"RR_casos";;"casos";"0";"2023-06-14"
35151;"RR_casos";;"casos";"0";"2023-06-14"
35152;"RR_casos";;"casos";"0";"2023-06-14"
35153;"RR_casos";;"casos";"0";"2023-06-14"
35154;"RR_casos";;"casos";"0";"2023-06-14"
35155;"RR_casos";2.1311403372;"casos";"2.0-3.0";"2023-06-14"
35156;"RR_casos";;"casos";"0";"2023-06-14"
35157;"RR_casos";;"casos";"0";"2023-06-14"
35161;"RR_casos";;"casos";"0";"2023-06-14"
35162;"RR_casos";;"casos";"0";"2023-06-14"
35163;"RR_casos";;"casos";"0";"2023-06-14"
35171;"RR_casos";;"casos";"0";"2023-06-14"
35172;"RR_casos";;"casos";"0";"2023-06-14"
35173;"RR_casos";;"casos";"0";"2023-06-14"
35174;"RR_casos";;"casos";"0";"2023-06-14"
35011;"RR_Mdn";;"Mdn";"0";"2023-06-14"
35012;"RR_Mdn";;"Mdn";"0";"2023-06-14"
35013;"RR_Mdn";;"Mdn";"0";"2023-06-14"
35014;"RR_Mdn";;"Mdn";"0";"2023-06-14"
35015;"RR_Mdn";;"Mdn";"0";"2023-06-14"
35016;"RR_Mdn";;"Mdn";"0";"2023-06-14"
35021;"RR_Mdn";;"Mdn";"0";"2023-06-14"
35022;"RR_Mdn";;"Mdn";"0";"2023-06-14"
35023;"RR_Mdn";;"Mdn";"0";"2023-06-14"
35031;"RR_Mdn";;"Mdn";"0";"2023-06-14"
35032;"RR_Mdn";;"Mdn";"0";"2023-06-14"
35033;"RR_Mdn";;"Mdn";"0";"2023-06-14"
35034;"RR_Mdn";;"Mdn";"0";"2023-06-14"
35041;"RR_Mdn";;"Mdn";"0";"2023-06-14"
35051;"RR_Mdn";;"Mdn";"0";"2023-06-14"
35052;"RR_Mdn";;"Mdn";"0";"2023-06-14"
35061;"RR_Mdn";;"Mdn";"0";"2023-06-14"
35062;"RR_Mdn";;"Mdn";"0";"2023-06-14"
35063;"RR_Mdn";3.7238759684;"Mdn";">3";"2023-06-14"
35064;"RR_Mdn";;"Mdn";"0";"2023-06-14"
35065;"RR_Mdn";;"Mdn";"0";"2023-06-14"
35071;"RR_Mdn";;"Mdn";"0";"2023-06-14"
35072;"RR_Mdn";;"Mdn";"0";"2023-06-14"
35073;"RR_Mdn";;"Mdn";"0";"2023-06-14"
35074;"RR_Mdn";;"Mdn";"0";"2023-06-14"
35081;"RR_Mdn";;"Mdn";"0";"2023-06-14"
35082;"RR_Mdn";;"Mdn";"0";"2023-06-14"
35083;"RR_Mdn";;"Mdn";"0";"2023-06-14"
35091;"RR_Mdn";;"Mdn";"0";"2023-06-14"
35092;"RR_Mdn";;"Mdn";"0";"2023-06-14"
35093;"RR_Mdn";;"Mdn";"0";"2023-06-14"
35094;"RR_Mdn";;"Mdn";"0";"2023-06-14"
35095;"RR_Mdn";;"Mdn";"0";"2023-06-14"
35101;"RR_Mdn";;"Mdn";"0";"2023-06-14"
35102;"RR_Mdn";;"Mdn";"0";"2023-06-14"
35103;"RR_Mdn";;"Mdn";"0";"2023-06-14"
35104;"RR_Mdn";;"Mdn";"0";"2023-06-14"
35111;"RR_Mdn";3.1630904693;"Mdn";">3";"2023-06-14"
35112;"RR_Mdn";;"Mdn";"0";"2023-06-14"
35113;"RR_Mdn";5.5618533545;"Mdn";">3";"2023-06-14"
35114;"RR_Mdn";;"Mdn";"0";"2023-06-14"
35115;"RR_Mdn";;"Mdn";"0";"2023-06-14"
35121;"RR_Mdn";;"Mdn";"0";"2023-06-14"
35131;"RR_Mdn";;"Mdn";"0";"2023-06-14"
35132;"RR_Mdn";;"Mdn";"0";"2023-06-14"
35133;"RR_Mdn";;"Mdn";"0";"2023-06-14"
35141;"RR_Mdn";;"Mdn";"0";"2023-06-14"
35142;"RR_Mdn";;"Mdn";"0";"2023-06-14"
35143;"RR_Mdn";;"Mdn";"0";"2023-06-14"
35151;"RR_Mdn";;"Mdn";"0";"2023-06-14"
35152;"RR_Mdn";5.1688458149;"Mdn";">3";"2023-06-14"
35153;"RR_Mdn";;"Mdn";"0";"2023-06-14"
35154;"RR_Mdn";;"Mdn";"0";"2023-06-14"
35155;"RR_Mdn";;"Mdn";"0";"2023-06-14"
35156;"RR_Mdn";;"Mdn";"0";"2023-06-14"
35157;"RR_Mdn";;"Mdn";"0";"2023-06-14"
35161;"RR_Mdn";;"Mdn";"0";"2023-06-14"
35162;"RR_Mdn";;"Mdn";"0";"2023-06-14"
35163;"RR_Mdn";;"Mdn";"0";"2023-06-14"
35171;"RR_Mdn";;"Mdn";"0";"2023-06-14"
35172;"RR_Mdn";;"Mdn";"0";"2023-06-14"
35173;"RR_Mdn";;"Mdn";"0";"2023-06-14"
35174;"RR_Mdn";;"Mdn";"0";"2023-06-14"
35011;"RR_Mdn_mv";;"Mdn_mv";"0";"2023-06-14"
35012;"RR_Mdn_mv";;"Mdn_mv";"0";"2023-06-14"
35013;"RR_Mdn_mv";;"Mdn_mv";"0";"2023-06-14"
35014;"RR_Mdn_mv";;"Mdn_mv";"0";"2023-06-14"
35015;"RR_Mdn_mv";;"Mdn_mv";"0";"2023-06-14"
35016;"RR_Mdn_mv";;"Mdn_mv";"0";"2023-06-14"
35021;"RR_Mdn_mv";;"Mdn_mv";"0";"2023-06-14"
35022;"RR_Mdn_mv";;"Mdn_mv";"0";"2023-06-14"
35023;"RR_Mdn_mv";;"Mdn_mv";"0";"2023-06-14"
35031;"RR_Mdn_mv";;"Mdn_mv";"0";"2023-06-14"
35032;"RR_Mdn_mv";;"Mdn_mv";"0";"2023-06-14"
35033;"RR_Mdn_mv";;"Mdn_mv";"0";"2023-06-14"
35034;"RR_Mdn_mv";;"Mdn_mv";"0";"2023-06-14"
35041;"RR_Mdn_mv";;"Mdn_mv";"0";"2023-06-14"
35051;"RR_Mdn_mv";;"Mdn_mv";"0";"2023-06-14"
35052;"RR_Mdn_mv";;"Mdn_mv";"0";"2023-06-14"
35061;"RR_Mdn_mv";;"Mdn_mv";"0";"2023-06-14"
35062;"RR_Mdn_mv";;"Mdn_mv";"0";"2023-06-14"
35063;"RR_Mdn_mv";3.7408461547;"Mdn_mv";">3";"2023-06-14"
35064;"RR_Mdn_mv";;"Mdn_mv";"0";"2023-06-14"
35065;"RR_Mdn_mv";;"Mdn_mv";"0";"2023-06-14"
35071;"RR_Mdn_mv";;"Mdn_mv";"0";"2023-06-14"
35072;"RR_Mdn_mv";;"Mdn_mv";"0";"2023-06-14"
35073;"RR_Mdn_mv";;"Mdn_mv";"0";"2023-06-14"
35074;"RR_Mdn_mv";;"Mdn_mv";"0";"2023-06-14"
35081;"RR_Mdn_mv";;"Mdn_mv";"0";"2023-06-14"
35082;"RR_Mdn_mv";;"Mdn_mv";"0";"2023-06-14"
35083;"RR_Mdn_mv";;"Mdn_mv";"0";"2023-06-14"
35091;"RR_Mdn_mv";;"Mdn_mv";"0";"2023-06-14"
35092;"RR_Mdn_mv";;"Mdn_mv";"0";"2023-06-14"
35093;"RR_Mdn_mv";;"Mdn_mv";"0";"2023-06-14"
35094;"RR_Mdn_mv";;"Mdn_mv";"0";"2023-06-14"
35095;"RR_Mdn_mv";;"Mdn_mv";"0";"2023-06-14"
35101;"RR_Mdn_mv";;"Mdn_mv";"0";"2023-06-14"
35102;"RR_Mdn_mv";;"Mdn_mv";"0";"2023-06-14"
35103;"RR_Mdn_mv";;"Mdn_mv";"0";"2023-06-14"
35104;"RR_Mdn_mv";;"Mdn_mv";"0";"2023-06-14"
35111;"RR_Mdn_mv";;"Mdn_mv";"0";"2023-06-14"
35112;"RR_Mdn_mv";;"Mdn_mv";"0";"2023-06-14"
35113;"RR_Mdn_mv";;"Mdn_mv";"0";"2023-06-14"
35114;"RR_Mdn_mv";;"Mdn_mv";"0";"2023-06-14"
35115;"RR_Mdn_mv";;"Mdn_mv";"0";"2023-06-14"
35121;"RR_Mdn_mv";;"Mdn_mv";"0";"2023-06-14"
35131;"RR_Mdn_mv";;"Mdn_mv";"0";"2023-06-14"
35132;"RR_Mdn_mv";;"Mdn_mv";"0";"2023-06-14"
35133;"RR_Mdn_mv";;"Mdn_mv";"0";"2023-06-14"
35141;"RR_Mdn_mv";;"Mdn_mv";"0";"2023-06-14"
35142;"RR_Mdn_mv";;"Mdn_mv";"0";"2023-06-14"
35143;"RR_Mdn_mv";;"Mdn_mv";"0";"2023-06-14"
35151;"RR_Mdn_mv";;"Mdn_mv";"0";"2023-06-14"
35152;"RR_Mdn_mv";;"Mdn_mv";"0";"2023-06-14"
35153;"RR_Mdn_mv";;"Mdn_mv";"0";"2023-06-14"
35154;"RR_Mdn_mv";;"Mdn_mv";"0";"2023-06-14"
35155;"RR_Mdn_mv";1.8258949088;"Mdn_mv";"1.1-2.0";"2023-06-14"
35156;"RR_Mdn_mv";1.8258949088;"Mdn_mv";"1.1-2.0";"2023-06-14"
35157;"RR_Mdn_mv";;"Mdn_mv";"0";"2023-06-14"
35161;"RR_Mdn_mv";;"Mdn_mv";"0";"2023-06-14"
35162;"RR_Mdn_mv";;"Mdn_mv";"0";"2023-06-14"
35163;"RR_Mdn_mv";;"Mdn_mv";"0";"2023-06-14"
35171;"RR_Mdn_mv";;"Mdn_mv";"0";"2023-06-14"
35172;"RR_Mdn_mv";;"Mdn_mv";"0";"2023-06-14"
35173;"RR_Mdn_mv";;"Mdn_mv";"0";"2023-06-14"
35174;"RR_Mdn_mv";;"Mdn_mv";"0";"2023-06-14"
35011;"RR_obs";;"obs";"0";"2023-06-14"
35012;"RR_obs";;"obs";"0";"2023-06-14"
35013;"RR_obs";;"obs";"0";"2023-06-14"
35014;"RR_obs";;"obs";"0";"2023-06-14"
35015;"RR_obs";;"obs";"0";"2023-06-14"
35016;"RR_obs";;"obs";"0";"2023-06-14"
35021;"RR_obs";;"obs";"0";"2023-06-14"
35022;"RR_obs";;"obs";"0";"2023-06-14"
35023;"RR_obs";;"obs";"0";"2023-06-14"
35031;"RR_obs";;"obs";"0";"2023-06-14"
35032;"RR_obs";;"obs";"0";"2023-06-14"
35033;"RR_obs";;"obs";"0";"2023-06-14"
35034;"RR_obs";;"obs";"0";"2023-06-14"
35041;"RR_obs";;"obs";"0";"2023-06-14"
35051;"RR_obs";;"obs";"0";"2023-06-14"
35052;"RR_obs";;"obs";"0";"2023-06-14"
35061;"RR_obs";;"obs";"0";"2023-06-14"
35062;"RR_obs";;"obs";"0";"2023-06-14"
35063;"RR_obs";;"obs";"0";"2023-06-14"
35064;"RR_obs";;"obs";"0";"2023-06-14"
35065;"RR_obs";;"obs";"0";"2023-06-14"
35071;"RR_obs";;"obs";"0";"2023-06-14"
35072;"RR_obs";;"obs";"0";"2023-06-14"
35073;"RR_obs";;"obs";"0";"2023-06-14"
35074;"RR_obs";;"obs";"0";"2023-06-14"
35081;"RR_obs";;"obs";"0";"2023-06-14"
35082;"RR_obs";;"obs";"0";"2023-06-14"
35083;"RR_obs";;"obs";"0";"2023-06-14"
35091;"RR_obs";;"obs";"0";"2023-06-14"
35092;"RR_obs";;"obs";"0";"2023-06-14"
35093;"RR_obs";;"obs";"0";"2023-06-14"
35094;"RR_obs";;"obs";"0";"2023-06-14"
35095;"RR_obs";;"obs";"0";"2023-06-14"
35101;"RR_obs";;"obs";"0";"2023-06-14"
35102;"RR_obs";;"obs";"0";"2023-06-14"
35103;"RR_obs";;"obs";"0";"2023-06-14"
35104;"RR_obs";;"obs";"0";"2023-06-14"
35111;"RR_obs";;"obs";"0";"2023-06-14"
35112;"RR_obs";;"obs";"0";"2023-06-14"
35113;"RR_obs";;"obs";"0";"2023-06-14"
35114;"RR_obs";;"obs";"0";"2023-06-14"
35115;"RR_obs";;"obs";"0";"2023-06-14"
35121;"RR_obs";;"obs";"0";"2023-06-14"
35131;"RR_obs";;"obs";"0";"2023-06-14"
35132;"RR_obs";;"obs";"0";"2023-06-14"
35133;"RR_obs";;"obs";"0";"2023-06-14"
35141;"RR_obs";;"obs";"0";"2023-06-14"
35142;"RR_obs";;"obs";"0";"2023-06-14"
35143;"RR_obs";;"obs";"0";"2023-06-14"
35151;"RR_obs";;"obs";"0";"2023-06-14"
35152;"RR_obs";;"obs";"0";"2023-06-14"
35153;"RR_obs";;"obs";"0";"2023-06-14"
35154;"RR_obs";;"obs";"0";"2023-06-14"
35155;"RR_obs";;"obs";"0";"2023-06-14"
35156;"RR_obs";;"obs";"0";"2023-06-14"
35157;"RR_obs";;"obs";"0";"2023-06-14"
35161;"RR_obs";;"obs";"0";"2023-06-14"
35162;"RR_obs";;"obs";"0";"2023-06-14"
35163;"RR_obs";;"obs";"0";"2023-06-14"
35171;"RR_obs";;"obs";"0";"2023-06-14"
35172;"RR_obs";;"obs";"0";"2023-06-14"
35173;"RR_obs";;"obs";"0";"2023-06-14"
35174;"RR_obs";;"obs";"0";"2023-06-14"
35011;"RR_casos";;"casos";"0";"2023-06-06"
35012;"RR_casos";;"casos";"0";"2023-06-06"
35013;"RR_casos";;"casos";"0";"2023-06-06"
35014;"RR_casos";;"casos";"0";"2023-06-06"
35015;"RR_casos";;"casos";"0";"2023-06-06"
35016;"RR_casos";;"casos";"0";"2023-06-06"
35021;"RR_casos";;"casos";"0";"2023-06-06"
35022;"RR_casos";;"casos";"0";"2023-06-06"
35023;"RR_casos";;"casos";"0";"2023-06-06"
35031;"RR_casos";;"casos";"0";"2023-06-06"
35032;"RR_casos";;"casos";"0";"2023-06-06"
35033;"RR_casos";;"casos";"0";"2023-06-06"
35034;"RR_casos";;"casos";"0";"2023-06-06"
35041;"RR_casos";;"casos";"0";"2023-06-06"
35051;"RR_casos";1.6996038959;"casos";"1.1-2.0";"2023-06-06"
35052;"RR_casos";;"casos";"0";"2023-06-06"
35061;"RR_casos";;"casos";"0";"2023-06-06"
35062;"RR_casos";;"casos";"0";"2023-06-06"
35063;"RR_casos";2.7024612793;"casos";"2.0-3.0";"2023-06-06"
35064;"RR_casos";;"casos";"0";"2023-06-06"
35065;"RR_casos";;"casos";"0";"2023-06-06"
35071;"RR_casos";;"casos";"0";"2023-06-06"
35072;"RR_casos";1.5802137866;"casos";"1.1-2.0";"2023-06-06"
35073;"RR_casos";;"casos";"0";"2023-06-06"
35074;"RR_casos";;"casos";"0";"2023-06-06"
35081;"RR_casos";;"casos";"0";"2023-06-06"
35082;"RR_casos";;"casos";"0";"2023-06-06"
35083;"RR_casos";;"casos";"0";"2023-06-06"
35091;"RR_casos";;"casos";"0";"2023-06-06"
35092;"RR_casos";;"casos";"0";"2023-06-06"
35093;"RR_casos";4.0007969386;"casos";">3";"2023-06-06"
35094;"RR_casos";;"casos";"0";"2023-06-06"
35095;"RR_casos";;"casos";"0";"2023-06-06"
35101;"RR_casos";;"casos";"0";"2023-06-06"
35102;"RR_casos";;"casos";"0";"2023-06-06"
35103;"RR_casos";2.7024612793;"casos";"2.0-3.0";"2023-06-06"
35104;"RR_casos";;"casos";"0";"2023-06-06"
35111;"RR_casos";;"casos";"0";"2023-06-06"
35112;"RR_casos";;"casos";"0";"2023-06-06"
35113;"RR_casos";;"casos";"0";"2023-06-06"
35114;"RR_casos";;"casos";"0";"2023-06-06"
35115;"RR_casos";;"casos";"0";"2023-06-06"
35121;"RR_casos";;"casos";"0";"2023-06-06"
35131;"RR_casos";;"casos";"0";"2023-06-06"
35132;"RR_casos";;"casos";"0";"2023-06-06"
35133;"RR_casos";;"casos";"0";"2023-06-06"
35141;"RR_casos";;"casos";"0";"2023-06-06"
35142;"RR_casos";;"casos";"0";"2023-06-06"
35143;"RR_casos";;"casos";"0";"2023-06-06"
35151;"RR_casos";1.6996038959;"casos";"1.1-2.0";"2023-06-06"
35152;"RR_casos";;"casos";"0";"2023-06-06"
35153;"RR_casos";;"casos";"0";"2023-06-06"
35154;"RR_casos";;"casos";"0";"2023-06-06"
35155;"RR_casos";1.6996038959;"casos";"1.1-2.0";"2023-06-06"
35156;"RR_casos";1.6996038959;"casos";"1.1-2.0";"2023-06-06"
35157;"RR_casos";1.6996038959;"casos";"1.1-2.0";"2023-06-06"
35161;"RR_casos";;"casos";"0";"2023-06-06"
35162;"RR_casos";;"casos";"0";"2023-06-06"
35163;"RR_casos";;"casos";"0";"2023-06-06"
35171;"RR_casos";;"casos";"0";"2023-06-06"
35172;"RR_casos";;"casos";"0";"2023-06-06"
35173;"RR_casos";;"casos";"0";"2023-06-06"
35174;"RR_casos";;"casos";"0";"2023-06-06"
35011;"RR_Mdn";;"Mdn";"0";"2023-06-06"
35012;"RR_Mdn";;"Mdn";"0";"2023-06-06"
35013;"RR_Mdn";;"Mdn";"0";"2023-06-06"
35014;"RR_Mdn";;"Mdn";"0";"2023-06-06"
35015;"RR_Mdn";;"Mdn";"0";"2023-06-06"
35016;"RR_Mdn";;"Mdn";"0";"2023-06-06"
35021;"RR_Mdn";;"Mdn";"0";"2023-06-06"
35022;"RR_Mdn";;"Mdn";"0";"2023-06-06"
35023;"RR_Mdn";2.781906438;"Mdn";"2.0-3.0";"2023-06-06"
35031;"RR_Mdn";;"Mdn";"0";"2023-06-06"
35032;"RR_Mdn";;"Mdn";"0";"2023-06-06"
35033;"RR_Mdn";;"Mdn";"0";"2023-06-06"
35034;"RR_Mdn";;"Mdn";"0";"2023-06-06"
35041;"RR_Mdn";;"Mdn";"0";"2023-06-06"
35051;"RR_Mdn";;"Mdn";"0";"2023-06-06"
35052;"RR_Mdn";;"Mdn";"0";"2023-06-06"
35061;"RR_Mdn";;"Mdn";"0";"2023-06-06"
35062;"RR_Mdn";;"Mdn";"0";"2023-06-06"
35063;"RR_Mdn";2.3388224254;"Mdn";"2.0-3.0";"2023-06-06"
35064;"RR_Mdn";;"Mdn";"0";"2023-06-06"
35065;"RR_Mdn";;"Mdn";"0";"2023-06-06"
35071;"RR_Mdn";;"Mdn";"0";"2023-06-06"
35072;"RR_Mdn";;"Mdn";"0";"2023-06-06"
35073;"RR_Mdn";;"Mdn";"0";"2023-06-06"
35074;"RR_Mdn";;"Mdn";"0";"2023-06-06"
35081;"RR_Mdn";;"Mdn";"0";"2023-06-06"
35082;"RR_Mdn";;"Mdn";"0";"2023-06-06"
35083;"RR_Mdn";6.0194095001;"Mdn";">3";"2023-06-06"
35091;"RR_Mdn";2.781906438;"Mdn";"2.0-3.0";"2023-06-06"
35092;"RR_Mdn";;"Mdn";"0";"2023-06-06"
35093;"RR_Mdn";2.781906438;"Mdn";"2.0-3.0";"2023-06-06"
35094;"RR_Mdn";;"Mdn";"0";"2023-06-06"
35095;"RR_Mdn";2.781906438;"Mdn";"2.0-3.0";"2023-06-06"
35101;"RR_Mdn";;"Mdn";"0";"2023-06-06"
35102;"RR_Mdn";;"Mdn";"0";"2023-06-06"
35103;"RR_Mdn";2.3388224254;"Mdn";"2.0-3.0";"2023-06-06"
35104;"RR_Mdn";;"Mdn";"0";"2023-06-06"
35111;"RR_Mdn";;"Mdn";"0";"2023-06-06"
35112;"RR_Mdn";;"Mdn";"0";"2023-06-06"
35113;"RR_Mdn";2.781906438;"Mdn";"2.0-3.0";"2023-06-06"
35114;"RR_Mdn";;"Mdn";"0";"2023-06-06"
35115;"RR_Mdn";;"Mdn";"0";"2023-06-06"
35121;"RR_Mdn";;"Mdn";"0";"2023-06-06"
35131;"RR_Mdn";;"Mdn";"0";"2023-06-06"
35132;"RR_Mdn";;"Mdn";"0";"2023-06-06"
35133;"RR_Mdn";;"Mdn";"0";"2023-06-06"
35141;"RR_Mdn";;"Mdn";"0";"2023-06-06"
35142;"RR_Mdn";;"Mdn";"0";"2023-06-06"
35143;"RR_Mdn";;"Mdn";"0";"2023-06-06"
35151;"RR_Mdn";;"Mdn";"0";"2023-06-06"
35152;"RR_Mdn";;"Mdn";"0";"2023-06-06"
35153;"RR_Mdn";;"Mdn";"0";"2023-06-06"
35154;"RR_Mdn";;"Mdn";"0";"2023-06-06"
35155;"RR_Mdn";1.7969134666;"Mdn";"1.1-2.0";"2023-06-06"
35156;"RR_Mdn";1.7969134666;"Mdn";"1.1-2.0";"2023-06-06"
35157;"RR_Mdn";;"Mdn";"0";"2023-06-06"
35161;"RR_Mdn";;"Mdn";"0";"2023-06-06"
35162;"RR_Mdn";;"Mdn";"0";"2023-06-06"
35163;"RR_Mdn";;"Mdn";"0";"2023-06-06"
35171;"RR_Mdn";;"Mdn";"0";"2023-06-06"
35172;"RR_Mdn";;"Mdn";"0";"2023-06-06"
35173;"RR_Mdn";;"Mdn";"0";"2023-06-06"
35174;"RR_Mdn";;"Mdn";"0";"2023-06-06"
35011;"RR_Mdn_mv";;"Mdn_mv";"0";"2023-06-06"
35012;"RR_Mdn_mv";;"Mdn_mv";"0";"2023-06-06"
35013;"RR_Mdn_mv";;"Mdn_mv";"0";"2023-06-06"
35014;"RR_Mdn_mv";;"Mdn_mv";"0";"2023-06-06"
35015;"RR_Mdn_mv";;"Mdn_mv";"0";"2023-06-06"
35016;"RR_Mdn_mv";;"Mdn_mv";"0";"2023-06-06"
35021;"RR_Mdn_mv";;"Mdn_mv";"0";"2023-06-06"
35022;"RR_Mdn_mv";;"Mdn_mv";"0";"2023-06-06"
35023;"RR_Mdn_mv";;"Mdn_mv";"0";"2023-06-06"
35031;"RR_Mdn_mv";;"Mdn_mv";"0";"2023-06-06"
35032;"RR_Mdn_mv";;"Mdn_mv";"0";"2023-06-06"
35033;"RR_Mdn_mv";;"Mdn_mv";"0";"2023-06-06"
35034;"RR_Mdn_mv";;"Mdn_mv";"0";"2023-06-06"
35041;"RR_Mdn_mv";;"Mdn_mv";"0";"2023-06-06"
35051;"RR_Mdn_mv";;"Mdn_mv";"0";"2023-06-06"
35052;"RR_Mdn_mv";;"Mdn_mv";"0";"2023-06-06"
35061;"RR_Mdn_mv";;"Mdn_mv";"0";"2023-06-06"
35062;"RR_Mdn_mv";;"Mdn_mv";"0";"2023-06-06"
35063;"RR_Mdn_mv";2.5957140695;"Mdn_mv";"2.0-3.0";"2023-06-06"
35064;"RR_Mdn_mv";;"Mdn_mv";"0";"2023-06-06"
35065;"RR_Mdn_mv";;"Mdn_mv";"0";"2023-06-06"
35071;"RR_Mdn_mv";;"Mdn_mv";"0";"2023-06-06"
35072;"RR_Mdn_mv";;"Mdn_mv";"0";"2023-06-06"
35073;"RR_Mdn_mv";;"Mdn_mv";"0";"2023-06-06"
35074;"RR_Mdn_mv";;"Mdn_mv";"0";"2023-06-06"
35081;"RR_Mdn_mv";;"Mdn_mv";"0";"2023-06-06"
35082;"RR_Mdn_mv";;"Mdn_mv";"0";"2023-06-06"
35083;"RR_Mdn_mv";3.2109616027;"Mdn_mv";">3";"2023-06-06"
35091;"RR_Mdn_mv";;"Mdn_mv";"0";"2023-06-06"
35092;"RR_Mdn_mv";;"Mdn_mv";"0";"2023-06-06"
35093;"RR_Mdn_mv";3.6451022427;"Mdn_mv";">3";"2023-06-06"
35094;"RR_Mdn_mv";;"Mdn_mv";"0";"2023-06-06"
35095;"RR_Mdn_mv";;"Mdn_mv";"0";"2023-06-06"
35101;"RR_Mdn_mv";;"Mdn_mv";"0";"2023-06-06"
35102;"RR_Mdn_mv";;"Mdn_mv";"0";"2023-06-06"
35103;"RR_Mdn_mv";2.5957140695;"Mdn_mv";"2.0-3.0";"2023-06-06"
35104;"RR_Mdn_mv";;"Mdn_mv";"0";"2023-06-06"
35111;"RR_Mdn_mv";;"Mdn_mv";"0";"2023-06-06"
35112;"RR_Mdn_mv";;"Mdn_mv";"0";"2023-06-06"
35113;"RR_Mdn_mv";;"Mdn_mv";"0";"2023-06-06"
35114;"RR_Mdn_mv";;"Mdn_mv";"0";"2023-06-06"
35115;"RR_Mdn_mv";;"Mdn_mv";"0";"2023-06-06"
35121;"RR_Mdn_mv";;"Mdn_mv";"0";"2023-06-06"
35131;"RR_Mdn_mv";;"Mdn_mv";"0";"2023-06-06"
35132;"RR_Mdn_mv";;"Mdn_mv";"0";"2023-06-06"
35133;"RR_Mdn_mv";;"Mdn_mv";"0";"2023-06-06"
35141;"RR_Mdn_mv";;"Mdn_mv";"0";"2023-06-06"
35142;"RR_Mdn_mv";;"Mdn_mv";"0";"2023-06-06"
35143;"RR_Mdn_mv";;"Mdn_mv";"0";"2023-06-06"
35151;"RR_Mdn_mv";;"Mdn_mv";"0";"2023-06-06"
35152;"RR_Mdn_mv";;"Mdn_mv";"0";"2023-06-06"
35153;"RR_Mdn_mv";;"Mdn_mv";"0";"2023-06-06"
35154;"RR_Mdn_mv";;"Mdn_mv";"0";"2023-06-06"
35155;"RR_Mdn_mv";1.8993616137;"Mdn_mv";"1.1-2.0";"2023-06-06"
35156;"RR_Mdn_mv";1.8993616137;"Mdn_mv";"1.1-2.0";"2023-06-06"
35157;"RR_Mdn_mv";;"Mdn_mv";"0";"2023-06-06"
35161;"RR_Mdn_mv";;"Mdn_mv";"0";"2023-06-06"
35162;"RR_Mdn_mv";;"Mdn_mv";"0";"2023-06-06"
35163;"RR_Mdn_mv";;"Mdn_mv";"0";"2023-06-06"
35171;"RR_Mdn_mv";;"Mdn_mv";"0";"2023-06-06"
35172;"RR_Mdn_mv";;"Mdn_mv";"0";"2023-06-06"
35173;"RR_Mdn_mv";;"Mdn_mv";"0";"2023-06-06"
35174;"RR_Mdn_mv";;"Mdn_mv";"0";"2023-06-06"
35011;"RR_obs";;"obs";"0";"2023-06-06"
35012;"RR_obs";;"obs";"0";"2023-06-06"
35013;"RR_obs";;"obs";"0";"2023-06-06"
35014;"RR_obs";;"obs";"0";"2023-06-06"
35015;"RR_obs";;"obs";"0";"2023-06-06"
35016;"RR_obs";;"obs";"0";"2023-06-06"
35021;"RR_obs";;"obs";"0";"2023-06-06"
35022;"RR_obs";;"obs";"0";"2023-06-06"
35023;"RR_obs";;"obs";"0";"2023-06-06"
35031;"RR_obs";;"obs";"0";"2023-06-06"
35032;"RR_obs";;"obs";"0";"2023-06-06"
35033;"RR_obs";;"obs";"0";"2023-06-06"
35034;"RR_obs";;"obs";"0";"2023-06-06"
35041;"RR_obs";;"obs";"0";"2023-06-06"
35051;"RR_obs";;"obs";"0";"2023-06-06"
35052;"RR_obs";;"obs";"0";"2023-06-06"
35061;"RR_obs";;"obs";"0";"2023-06-06"
35062;"RR_obs";;"obs";"0";"2023-06-06"
35063;"RR_obs";;"obs";"0";"2023-06-06"
35064;"RR_obs";;"obs";"0";"2023-06-06"
35065;"RR_obs";;"obs";"0";"2023-06-06"
35071;"RR_obs";;"obs";"0";"2023-06-06"
35072;"RR_obs";;"obs";"0";"2023-06-06"
35073;"RR_obs";;"obs";"0";"2023-06-06"
35074;"RR_obs";;"obs";"0";"2023-06-06"
35081;"RR_obs";;"obs";"0";"2023-06-06"
35082;"RR_obs";;"obs";"0";"2023-06-06"
35083;"RR_obs";;"obs";"0";"2023-06-06"
35091;"RR_obs";;"obs";"0";"2023-06-06"
35092;"RR_obs";;"obs";"0";"2023-06-06"
35093;"RR_obs";;"obs";"0";"2023-06-06"
35094;"RR_obs";;"obs";"0";"2023-06-06"
35095;"RR_obs";;"obs";"0";"2023-06-06"
35101;"RR_obs";;"obs";"0";"2023-06-06"
35102;"RR_obs";;"obs";"0";"2023-06-06"
35103;"RR_obs";;"obs";"0";"2023-06-06"
35104;"RR_obs";;"obs";"0";"2023-06-06"
35111;"RR_obs";;"obs";"0";"2023-06-06"
35112;"RR_obs";;"obs";"0";"2023-06-06"
35113;"RR_obs";;"obs";"0";"2023-06-06"
35114;"RR_obs";;"obs";"0";"2023-06-06"
35115;"RR_obs";;"obs";"0";"2023-06-06"
35121;"RR_obs";;"obs";"0";"2023-06-06"
35131;"RR_obs";;"obs";"0";"2023-06-06"
35132;"RR_obs";;"obs";"0";"2023-06-06"
35133;"RR_obs";;"obs";"0";"2023-06-06"
35141;"RR_obs";;"obs";"0";"2023-06-06"
35142;"RR_obs";;"obs";"0";"2023-06-06"
35143;"RR_obs";;"obs";"0";"2023-06-06"
35151;"RR_obs";;"obs";"0";"2023-06-06"
35152;"RR_obs";;"obs";"0";"2023-06-06"
35153;"RR_obs";;"obs";"0";"2023-06-06"
35154;"RR_obs";;"obs";"0";"2023-06-06"
35155;"RR_obs";;"obs";"0";"2023-06-06"
35156;"RR_obs";;"obs";"0";"2023-06-06"
35157;"RR_obs";;"obs";"0";"2023-06-06"
35161;"RR_obs";;"obs";"0";"2023-06-06"
35162;"RR_obs";;"obs";"0";"2023-06-06"
35163;"RR_obs";;"obs";"0";"2023-06-06"
35171;"RR_obs";;"obs";"0";"2023-06-06"
35172;"RR_obs";;"obs";"0";"2023-06-06"
35173;"RR_obs";;"obs";"0";"2023-06-06"
35174;"RR_obs";;"obs";"0";"2023-06-06"
35011;"RR_casos";;"casos";"0";"2023-05-31"
35012;"RR_casos";;"casos";"0";"2023-05-31"
35013;"RR_casos";;"casos";"0";"2023-05-31"
35014;"RR_casos";;"casos";"0";"2023-05-31"
35015;"RR_casos";;"casos";"0";"2023-05-31"
35016;"RR_casos";;"casos";"0";"2023-05-31"
35021;"RR_casos";;"casos";"0";"2023-05-31"
35022;"RR_casos";;"casos";"0";"2023-05-31"
35023;"RR_casos";;"casos";"0";"2023-05-31"
35031;"RR_casos";;"casos";"0";"2023-05-31"
35032;"RR_casos";1.6737025245;"casos";"1.1-2.0";"2023-05-31"
35033;"RR_casos";1.6737025245;"casos";"1.1-2.0";"2023-05-31"
35034;"RR_casos";;"casos";"0";"2023-05-31"
35041;"RR_casos";;"casos";"0";"2023-05-31"
35051;"RR_casos";;"casos";"0";"2023-05-31"
35052;"RR_casos";;"casos";"0";"2023-05-31"
35061;"RR_casos";;"casos";"0";"2023-05-31"
35062;"RR_casos";;"casos";"0";"2023-05-31"
35063;"RR_casos";2.9465097968;"casos";"2.0-3.0";"2023-05-31"
35064;"RR_casos";;"casos";"0";"2023-05-31"
35065;"RR_casos";;"casos";"0";"2023-05-31"
35071;"RR_casos";;"casos";"0";"2023-05-31"
35072;"RR_casos";1.7132281562;"casos";"1.1-2.0";"2023-05-31"
35073;"RR_casos";;"casos";"0";"2023-05-31"
35074;"RR_casos";;"casos";"0";"2023-05-31"
35081;"RR_casos";;"casos";"0";"2023-05-31"
35082;"RR_casos";;"casos";"0";"2023-05-31"
35083;"RR_casos";;"casos";"0";"2023-05-31"
35091;"RR_casos";;"casos";"0";"2023-05-31"
35092;"RR_casos";;"casos";"0";"2023-05-31"
35093;"RR_casos";4.8183249;"casos";">3";"2023-05-31"
35094;"RR_casos";;"casos";"0";"2023-05-31"
35095;"RR_casos";;"casos";"0";"2023-05-31"
35101;"RR_casos";;"casos";"0";"2023-05-31"
35102;"RR_casos";;"casos";"0";"2023-05-31"
35103;"RR_casos";2.9465097968;"casos";"2.0-3.0";"2023-05-31"
35104;"RR_casos";;"casos";"0";"2023-05-31"
35111;"RR_casos";;"casos";"0";"2023-05-31"
35112;"RR_casos";;"casos";"0";"2023-05-31"
35113;"RR_casos";;"casos";"0";"2023-05-31"
35114;"RR_casos";;"casos";"0";"2023-05-31"
35115;"RR_casos";;"casos";"0";"2023-05-31"
35121;"RR_casos";;"casos";"0";"2023-05-31"
35131;"RR_casos";;"casos";"0";"2023-05-31"
35132;"RR_casos";;"casos";"0";"2023-05-31"
35133;"RR_casos";;"casos";"0";"2023-05-31"
35141;"RR_casos";;"casos";"0";"2023-05-31"
35142;"RR_casos";;"casos";"0";"2023-05-31"
35143;"RR_casos";;"casos";"0";"2023-05-31"
35151;"RR_casos";1.6737025245;"casos";"1.1-2.0";"2023-05-31"
35152;"RR_casos";;"casos";"0";"2023-05-31"
35153;"RR_casos";;"casos";"0";"2023-05-31"
35154;"RR_casos";;"casos";"0";"2023-05-31"
35155;"RR_casos";2.4507768574;"casos";"2.0-3.0";"2023-05-31"
35156;"RR_casos";2.4507768574;"casos";"2.0-3.0";"2023-05-31"
35157;"RR_casos";;"casos";"0";"2023-05-31"
35161;"RR_casos";;"casos";"0";"2023-05-31"
35162;"RR_casos";;"casos";"0";"2023-05-31"
35163;"RR_casos";;"casos";"0";"2023-05-31"
35171;"RR_casos";;"casos";"0";"2023-05-31"
35172;"RR_casos";;"casos";"0";"2023-05-31"
35173;"RR_casos";;"casos";"0";"2023-05-31"
35174;"RR_casos";;"casos";"0";"2023-05-31"
35011;"RR_Mdn";;"Mdn";"0";"2023-05-31"
35012;"RR_Mdn";;"Mdn";"0";"2023-05-31"
35013;"RR_Mdn";;"Mdn";"0";"2023-05-31"
35014;"RR_Mdn";;"Mdn";"0";"2023-05-31"
35015;"RR_Mdn";;"Mdn";"0";"2023-05-31"
35016;"RR_Mdn";;"Mdn";"0";"2023-05-31"
35021;"RR_Mdn";;"Mdn";"0";"2023-05-31"
35022;"RR_Mdn";;"Mdn";"0";"2023-05-31"
35023;"RR_Mdn";;"Mdn";"0";"2023-05-31"
35031;"RR_Mdn";;"Mdn";"0";"2023-05-31"
35032;"RR_Mdn";;"Mdn";"0";"2023-05-31"
35033;"RR_Mdn";;"Mdn";"0";"2023-05-31"
35034;"RR_Mdn";;"Mdn";"0";"2023-05-31"
35041;"RR_Mdn";;"Mdn";"0";"2023-05-31"
35051;"RR_Mdn";;"Mdn";"0";"2023-05-31"
35052;"RR_Mdn";;"Mdn";"0";"2023-05-31"
35061;"RR_Mdn";;"Mdn";"0";"2023-05-31"
35062;"RR_Mdn";;"Mdn";"0";"2023-05-31"
35063;"RR_Mdn";2.4395906256;"Mdn";"2.0-3.0";"2023-05-31"
35064;"RR_Mdn";;"Mdn";"0";"2023-05-31"
35065;"RR_Mdn";;"Mdn";"0";"2023-05-31"
35071;"RR_Mdn";;"Mdn";"0";"2023-05-31"
35072;"RR_Mdn";;"Mdn";"0";"2023-05-31"
35073;"RR_Mdn";;"Mdn";"0";"2023-05-31"
35074;"RR_Mdn";;"Mdn";"0";"2023-05-31"
35081;"RR_Mdn";;"Mdn";"0";"2023-05-31"
35082;"RR_Mdn";;"Mdn";"0";"2023-05-31"
35083;"RR_Mdn";15.2564211245;"Mdn";">3";"2023-05-31"
35091;"RR_Mdn";;"Mdn";"0";"2023-05-31"
35092;"RR_Mdn";;"Mdn";"0";"2023-05-31"
35093;"RR_Mdn";3.3935514081;"Mdn";">3";"2023-05-31"
35094;"RR_Mdn";;"Mdn";"0";"2023-05-31"
35095;"RR_Mdn";;"Mdn";"0";"2023-05-31"
35101;"RR_Mdn";;"Mdn";"0";"2023-05-31"
35102;"RR_Mdn";;"Mdn";"0";"2023-05-31"
35103;"RR_Mdn";2.4395906256;"Mdn";"2.0-3.0";"2023-05-31"
35104;"RR_Mdn";;"Mdn";"0";"2023-05-31"
35111;"RR_Mdn";;"Mdn";"0";"2023-05-31"
35112;"RR_Mdn";;"Mdn";"0";"2023-05-31"
35113;"RR_Mdn";;"Mdn";"0";"2023-05-31"
35114;"RR_Mdn";;"Mdn";"0";"2023-05-31"
35115;"RR_Mdn";;"Mdn";"0";"2023-05-31"
35121;"RR_Mdn";;"Mdn";"0";"2023-05-31"
35131;"RR_Mdn";;"Mdn";"0";"2023-05-31"
35132;"RR_Mdn";;"Mdn";"0";"2023-05-31"
35133;"RR_Mdn";;"Mdn";"0";"2023-05-31"
35141;"RR_Mdn";;"Mdn";"0";"2023-05-31"
35142;"RR_Mdn";;"Mdn";"0";"2023-05-31"
35143;"RR_Mdn";;"Mdn";"0";"2023-05-31"
35151;"RR_Mdn";;"Mdn";"0";"2023-05-31"
35152;"RR_Mdn";;"Mdn";"0";"2023-05-31"
35153;"RR_Mdn";;"Mdn";"0";"2023-05-31"
35154;"RR_Mdn";;"Mdn";"0";"2023-05-31"
35155;"RR_Mdn";2.0346451231;"Mdn";"2.0-3.0";"2023-05-31"
35156;"RR_Mdn";;"Mdn";"0";"2023-05-31"
35157;"RR_Mdn";;"Mdn";"0";"2023-05-31"
35161;"RR_Mdn";;"Mdn";"0";"2023-05-31"
35162;"RR_Mdn";;"Mdn";"0";"2023-05-31"
35163;"RR_Mdn";;"Mdn";"0";"2023-05-31"
35171;"RR_Mdn";;"Mdn";"0";"2023-05-31"
35172;"RR_Mdn";;"Mdn";"0";"2023-05-31"
35173;"RR_Mdn";;"Mdn";"0";"2023-05-31"
35174;"RR_Mdn";;"Mdn";"0";"2023-05-31"
35011;"RR_Mdn_mv";;"Mdn_mv";"0";"2023-05-31"
35012;"RR_Mdn_mv";;"Mdn_mv";"0";"2023-05-31"
35013;"RR_Mdn_mv";;"Mdn_mv";"0";"2023-05-31"
35014;"RR_Mdn_mv";;"Mdn_mv";"0";"2023-05-31"
35015;"RR_Mdn_mv";;"Mdn_mv";"0";"2023-05-31"
35016;"RR_Mdn_mv";;"Mdn_mv";"0";"2023-05-31"
35021;"RR_Mdn_mv";1.800475044;"Mdn_mv";"1.1-2.0";"2023-05-31"
35022;"RR_Mdn_mv";1.800475044;"Mdn_mv";"1.1-2.0";"2023-05-31"
35023;"RR_Mdn_mv";1.800475044;"Mdn_mv";"1.1-2.0";"2023-05-31"
35031;"RR_Mdn_mv";;"Mdn_mv";"0";"2023-05-31"
35032;"RR_Mdn_mv";;"Mdn_mv";"0";"2023-05-31"
35033;"RR_Mdn_mv";;"Mdn_mv";"0";"2023-05-31"
35034;"RR_Mdn_mv";;"Mdn_mv";"0";"2023-05-31"
35041;"RR_Mdn_mv";;"Mdn_mv";"0";"2023-05-31"
35051;"RR_Mdn_mv";;"Mdn_mv";"0";"2023-05-31"
35052;"RR_Mdn_mv";;"Mdn_mv";"0";"2023-05-31"
35061;"RR_Mdn_mv";;"Mdn_mv";"0";"2023-05-31"
35062;"RR_Mdn_mv";;"Mdn_mv";"0";"2023-05-31"
35063;"RR_Mdn_mv";2.8314357742;"Mdn_mv";"2.0-3.0";"2023-05-31"
35064;"RR_Mdn_mv";;"Mdn_mv";"0";"2023-05-31"
35065;"RR_Mdn_mv";1.800475044;"Mdn_mv";"1.1-2.0";"2023-05-31"
35071;"RR_Mdn_mv";;"Mdn_mv";"0";"2023-05-31"
35072;"RR_Mdn_mv";1.4507465981;"Mdn_mv";"1.1-2.0";"2023-05-31"
35073;"RR_Mdn_mv";;"Mdn_mv";"0";"2023-05-31"
35074;"RR_Mdn_mv";;"Mdn_mv";"0";"2023-05-31"
35081;"RR_Mdn_mv";;"Mdn_mv";"0";"2023-05-31"
35082;"RR_Mdn_mv";;"Mdn_mv";"0";"2023-05-31"
35083;"RR_Mdn_mv";8.176486028;"Mdn_mv";">3";"2023-05-31"
35091;"RR_Mdn_mv";1.800475044;"Mdn_mv";"1.1-2.0";"2023-05-31"
35092;"RR_Mdn_mv";;"Mdn_mv";"0";"2023-05-31"
35093;"RR_Mdn_mv";1.800475044;"Mdn_mv";"1.1-2.0";"2023-05-31"
35094;"RR_Mdn_mv";;"Mdn_mv";"0";"2023-05-31"
35095;"RR_Mdn_mv";1.800475044;"Mdn_mv";"1.1-2.0";"2023-05-31"
35101;"RR_Mdn_mv";;"Mdn_mv";"0";"2023-05-31"
35102;"RR_Mdn_mv";;"Mdn_mv";"0";"2023-05-31"
35103;"RR_Mdn_mv";2.8314357742;"Mdn_mv";"2.0-3.0";"2023-05-31"
35104;"RR_Mdn_mv";;"Mdn_mv";"0";"2023-05-31"
35111;"RR_Mdn_mv";;"Mdn_mv";"0";"2023-05-31"
35112;"RR_Mdn_mv";;"Mdn_mv";"0";"2023-05-31"
35113;"RR_Mdn_mv";1.800475044;"Mdn_mv";"1.1-2.0";"2023-05-31"
35114;"RR_Mdn_mv";;"Mdn_mv";"0";"2023-05-31"
35115;"RR_Mdn_mv";;"Mdn_mv";"0";"2023-05-31"
35121;"RR_Mdn_mv";;"Mdn_mv";"0";"2023-05-31"
35131;"RR_Mdn_mv";;"Mdn_mv";"0";"2023-05-31"
35132;"RR_Mdn_mv";;"Mdn_mv";"0";"2023-05-31"
35133;"RR_Mdn_mv";;"Mdn_mv";"0";"2023-05-31"
35141;"RR_Mdn_mv";;"Mdn_mv";"0";"2023-05-31"
35142;"RR_Mdn_mv";;"Mdn_mv";"0";"2023-05-31"
35143;"RR_Mdn_mv";;"Mdn_mv";"0";"2023-05-31"
35151;"RR_Mdn_mv";1.800475044;"Mdn_mv";"1.1-2.0";"2023-05-31"
35152;"RR_Mdn_mv";;"Mdn_mv";"0";"2023-05-31"
35153;"RR_Mdn_mv";1.800475044;"Mdn_mv";"1.1-2.0";"2023-05-31"
35154;"RR_Mdn_mv";1.800475044;"Mdn_mv";"1.1-2.0";"2023-05-31"
35155;"RR_Mdn_mv";1.800475044;"Mdn_mv";"1.1-2.0";"2023-05-31"
35156;"RR_Mdn_mv";1.800475044;"Mdn_mv";"1.1-2.0";"2023-05-31"
35157;"RR_Mdn_mv";1.800475044;"Mdn_mv";"1.1-2.0";"2023-05-31"
35161;"RR_Mdn_mv";;"Mdn_mv";"0";"2023-05-31"
35162;"RR_Mdn_mv";;"Mdn_mv";"0";"2023-05-31"
35163;"RR_Mdn_mv";;"Mdn_mv";"0";"2023-05-31"
35171;"RR_Mdn_mv";;"Mdn_mv";"0";"2023-05-31"
35172;"RR_Mdn_mv";;"Mdn_mv";"0";"2023-05-31"
35173;"RR_Mdn_mv";;"Mdn_mv";"0";"2023-05-31"
35174;"RR_Mdn_mv";;"Mdn_mv";"0";"2023-05-31"
35011;"RR_obs";;"obs";"0";"2023-05-31"
35012;"RR_obs";;"obs";"0";"2023-05-31"
35013;"RR_obs";;"obs";"0";"2023-05-31"
35014;"RR_obs";;"obs";"0";"2023-05-31"
35015;"RR_obs";;"obs";"0";"2023-05-31"
35016;"RR_obs";;"obs";"0";"2023-05-31"
35021;"RR_obs";;"obs";"0";"2023-05-31"
35022;"RR_obs";;"obs";"0";"2023-05-31"
35023;"RR_obs";;"obs";"0";"2023-05-31"
35031;"RR_obs";;"obs";"0";"2023-05-31"
35032;"RR_obs";;"obs";"0";"2023-05-31"
35033;"RR_obs";;"obs";"0";"2023-05-31"
35034;"RR_obs";;"obs";"0";"2023-05-31"
35041;"RR_obs";;"obs";"0";"2023-05-31"
35051;"RR_obs";;"obs";"0";"2023-05-31"
35052;"RR_obs";;"obs";"0";"2023-05-31"
35061;"RR_obs";;"obs";"0";"2023-05-31"
35062;"RR_obs";;"obs";"0";"2023-05-31"
35063;"RR_obs";;"obs";"0";"2023-05-31"
35064;"RR_obs";;"obs";"0";"2023-05-31"
35065;"RR_obs";;"obs";"0";"2023-05-31"
35071;"RR_obs";;"obs";"0";"2023-05-31"
35072;"RR_obs";;"obs";"0";"2023-05-31"
35073;"RR_obs";;"obs";"0";"2023-05-31"
35074;"RR_obs";;"obs";"0";"2023-05-31"
35081;"RR_obs";;"obs";"0";"2023-05-31"
35082;"RR_obs";;"obs";"0";"2023-05-31"
35083;"RR_obs";;"obs";"0";"2023-05-31"
35091;"RR_obs";;"obs";"0";"2023-05-31"
35092;"RR_obs";;"obs";"0";"2023-05-31"
35093;"RR_obs";;"obs";"0";"2023-05-31"
35094;"RR_obs";;"obs";"0";"2023-05-31"
35095;"RR_obs";;"obs";"0";"2023-05-31"
35101;"RR_obs";;"obs";"0";"2023-05-31"
35102;"RR_obs";;"obs";"0";"2023-05-31"
35103;"RR_obs";;"obs";"0";"2023-05-31"
35104;"RR_obs";;"obs";"0";"2023-05-31"
35111;"RR_obs";;"obs";"0";"2023-05-31"
35112;"RR_obs";;"obs";"0";"2023-05-31"
35113;"RR_obs";;"obs";"0";"2023-05-31"
35114;"RR_obs";;"obs";"0";"2023-05-31"
35115;"RR_obs";;"obs";"0";"2023-05-31"
35121;"RR_obs";;"obs";"0";"2023-05-31"
35131;"RR_obs";;"obs";"0";"2023-05-31"
35132;"RR_obs";;"obs";"0";"2023-05-31"
35133;"RR_obs";;"obs";"0";"2023-05-31"
35141;"RR_obs";;"obs";"0";"2023-05-31"
35142;"RR_obs";;"obs";"0";"2023-05-31"
35143;"RR_obs";;"obs";"0";"2023-05-31"
35151;"RR_obs";;"obs";"0";"2023-05-31"
35152;"RR_obs";;"obs";"0";"2023-05-31"
35153;"RR_obs";;"obs";"0";"2023-05-31"
35154;"RR_obs";;"obs";"0";"2023-05-31"
35155;"RR_obs";;"obs";"0";"2023-05-31"
35156;"RR_obs";;"obs";"0";"2023-05-31"
35157;"RR_obs";;"obs";"0";"2023-05-31"
35161;"RR_obs";;"obs";"0";"2023-05-31"
35162;"RR_obs";;"obs";"0";"2023-05-31"
35163;"RR_obs";;"obs";"0";"2023-05-31"
35171;"RR_obs";;"obs";"0";"2023-05-31"
35172;"RR_obs";;"obs";"0";"2023-05-31"
35173;"RR_obs";;"obs";"0";"2023-05-31"
35174;"RR_obs";;"obs";"0";"2023-05-31"
35011;"RR_casos";;"casos";"0";"2023-04-28"
35012;"RR_casos";;"casos";"0";"2023-04-28"
35013;"RR_casos";;"casos";"0";"2023-04-28"
35014;"RR_casos";;"casos";"0";"2023-04-28"
35015;"RR_casos";;"casos";"0";"2023-04-28"
35016;"RR_casos";;"casos";"0";"2023-04-28"
35021;"RR_casos";1.878702202;"casos";"1.1-2.0";"2023-04-28"
35022;"RR_casos";1.878702202;"casos";"1.1-2.0";"2023-04-28"
35023;"RR_casos";1.878702202;"casos";"1.1-2.0";"2023-04-28"
35031;"RR_casos";;"casos";"0";"2023-04-28"
35032;"RR_casos";;"casos";"0";"2023-04-28"
35033;"RR_casos";;"casos";"0";"2023-04-28"
35034;"RR_casos";;"casos";"0";"2023-04-28"
35041;"RR_casos";;"casos";"0";"2023-04-28"
35051;"RR_casos";;"casos";"0";"2023-04-28"
35052;"RR_casos";;"casos";"0";"2023-04-28"
35061;"RR_casos";;"casos";"0";"2023-04-28"
35062;"RR_casos";;"casos";"0";"2023-04-28"
35063;"RR_casos";2.8758264974;"casos";"2.0-3.0";"2023-04-28"
35064;"RR_casos";;"casos";"0";"2023-04-28"
35065;"RR_casos";1.878702202;"casos";"1.1-2.0";"2023-04-28"
35071;"RR_casos";;"casos";"0";"2023-04-28"
35072;"RR_casos";1.6567704064;"casos";"1.1-2.0";"2023-04-28"
35073;"RR_casos";;"casos";"0";"2023-04-28"
35074;"RR_casos";;"casos";"0";"2023-04-28"
35081;"RR_casos";;"casos";"0";"2023-04-28"
35082;"RR_casos";;"casos";"0";"2023-04-28"
35083;"RR_casos";;"casos";"0";"2023-04-28"
35091;"RR_casos";1.878702202;"casos";"1.1-2.0";"2023-04-28"
35092;"RR_casos";;"casos";"0";"2023-04-28"
35093;"RR_casos";1.878702202;"casos";"1.1-2.0";"2023-04-28"
35094;"RR_casos";;"casos";"0";"2023-04-28"
35095;"RR_casos";1.878702202;"casos";"1.1-2.0";"2023-04-28"
35101;"RR_casos";;"casos";"0";"2023-04-28"
35102;"RR_casos";;"casos";"0";"2023-04-28"
35103;"RR_casos";2.8758264974;"casos";"2.0-3.0";"2023-04-28"
35104;"RR_casos";;"casos";"0";"2023-04-28"
35111;"RR_casos";;"casos";"0";"2023-04-28"
35112;"RR_casos";;"casos";"0";"2023-04-28"
35113;"RR_casos";1.878702202;"casos";"1.1-2.0";"2023-04-28"
35114;"RR_casos";;"casos";"0";"2023-04-28"
35115;"RR_casos";;"casos";"0";"2023-04-28"
35121;"RR_casos";;"casos";"0";"2023-04-28"
35131;"RR_casos";;"casos";"0";"2023-04-28"
35132;"RR_casos";;"casos";"0";"2023-04-28"
35133;"RR_casos";;"casos";"0";"2023-04-28"
35141;"RR_casos";;"casos";"0";"2023-04-28"
35142;"RR_casos";;"casos";"0";"2023-04-28"
35143;"RR_casos";;"casos";"0";"2023-04-28"
35151;"RR_casos";1.878702202;"casos";"1.1-2.0";"2023-04-28"
35152;"RR_casos";;"casos";"0";"2023-04-28"
35153;"RR_casos";1.878702202;"casos";"1.1-2.0";"2023-04-28"
35154;"RR_casos";1.878702202;"casos";"1.1-2.0";"2023-04-28"
35155;"RR_casos";1.878702202;"casos";"1.1-2.0";"2023-04-28"
35156;"RR_casos";1.878702202;"casos";"1.1-2.0";"2023-04-28"
35157;"RR_casos";1.878702202;"casos";"1.1-2.0";"2023-04-28"
35161;"RR_casos";;"casos";"0";"2023-04-28"
35162;"RR_casos";;"casos";"0";"2023-04-28"
35163;"RR_casos";;"casos";"0";"2023-04-28"
35171;"RR_casos";;"casos";"0";"2023-04-28"
35172;"RR_casos";;"casos";"0";"2023-04-28"
35173;"RR_casos";;"casos";"0";"2023-04-28"
35174;"RR_casos";;"casos";"0";"2023-04-28"
35011;"RR_Mdn";;"Mdn";"0";"2023-04-28"
35012;"RR_Mdn";;"Mdn";"0";"2023-04-28"
35013;"RR_Mdn";;"Mdn";"0";"2023-04-28"
35014;"RR_Mdn";;"Mdn";"0";"2023-04-28"
35015;"RR_Mdn";;"Mdn";"0";"2023-04-28"
35016;"RR_Mdn";;"Mdn";"0";"2023-04-28"
35021;"RR_Mdn";1.9891374544;"Mdn";"1.1-2.0";"2023-04-28"
35022;"RR_Mdn";1.9891374544;"Mdn";"1.1-2.0";"2023-04-28"
35023;"RR_Mdn";1.9891374544;"Mdn";"1.1-2.0";"2023-04-28"
35031;"RR_Mdn";5.7624430328;"Mdn";">3";"2023-04-28"
35032;"RR_Mdn";;"Mdn";"0";"2023-04-28"
35033;"RR_Mdn";;"Mdn";"0";"2023-04-28"
35034;"RR_Mdn";;"Mdn";"0";"2023-04-28"
35041;"RR_Mdn";;"Mdn";"0";"2023-04-28"
35051;"RR_Mdn";;"Mdn";"0";"2023-04-28"
35052;"RR_Mdn";;"Mdn";"0";"2023-04-28"
35061;"RR_Mdn";;"Mdn";"0";"2023-04-28"
35062;"RR_Mdn";;"Mdn";"0";"2023-04-28"
35063;"RR_Mdn";2.7929680695;"Mdn";"2.0-3.0";"2023-04-28"
35064;"RR_Mdn";;"Mdn";"0";"2023-04-28"
35065;"RR_Mdn";1.9891374544;"Mdn";"1.1-2.0";"2023-04-28"
35071;"RR_Mdn";;"Mdn";"0";"2023-04-28"
35072;"RR_Mdn";1.5010418023;"Mdn";"1.1-2.0";"2023-04-28"
35073;"RR_Mdn";;"Mdn";"0";"2023-04-28"
35074;"RR_Mdn";;"Mdn";"0";"2023-04-28"
35081;"RR_Mdn";;"Mdn";"0";"2023-04-28"
35082;"RR_Mdn";;"Mdn";"0";"2023-04-28"
35083;"RR_Mdn";;"Mdn";"0";"2023-04-28"
35091;"RR_Mdn";1.9891374544;"Mdn";"1.1-2.0";"2023-04-28"
35092;"RR_Mdn";;"Mdn";"0";"2023-04-28"
35093;"RR_Mdn";1.9891374544;"Mdn";"1.1-2.0";"2023-04-28"
35094;"RR_Mdn";;"Mdn";"0";"2023-04-28"
35095;"RR_Mdn";1.9891374544;"Mdn";"1.1-2.0";"2023-04-28"
35101;"RR_Mdn";;"Mdn";"0";"2023-04-28"
35102;"RR_Mdn";;"Mdn";"0";"2023-04-28"
35103;"RR_Mdn";2.7929680695;"Mdn";"2.0-3.0";"2023-04-28"
35104;"RR_Mdn";;"Mdn";"0";"2023-04-28"
35111;"RR_Mdn";;"Mdn";"0";"2023-04-28"
35112;"RR_Mdn";;"Mdn";"0";"2023-04-28"
35113;"RR_Mdn";1.9891374544;"Mdn";"1.1-2.0";"2023-04-28"
35114;"RR_Mdn";;"Mdn";"0";"2023-04-28"
35115;"RR_Mdn";;"Mdn";"0";"2023-04-28"
35121;"RR_Mdn";2.3667498955;"Mdn";"2.0-3.0";"2023-04-28"
35131;"RR_Mdn";;"Mdn";"0";"2023-04-28"
35132;"RR_Mdn";;"Mdn";"0";"2023-04-28"
35133;"RR_Mdn";;"Mdn";"0";"2023-04-28"
35141;"RR_Mdn";;"Mdn";"0";"2023-04-28"
35142;"RR_Mdn";;"Mdn";"0";"2023-04-28"
35143;"RR_Mdn";;"Mdn";"0";"2023-04-28"
35151;"RR_Mdn";1.9891374544;"Mdn";"1.1-2.0";"2023-04-28"
35152;"RR_Mdn";;"Mdn";"0";"2023-04-28"
35153;"RR_Mdn";1.9891374544;"Mdn";"1.1-2.0";"2023-04-28"
35154;"RR_Mdn";1.9891374544;"Mdn";"1.1-2.0";"2023-04-28"
35155;"RR_Mdn";1.9891374544;"Mdn";"1.1-2.0";"2023-04-28"
35156;"RR_Mdn";1.9891374544;"Mdn";"1.1-2.0";"2023-04-28"
35157;"RR_Mdn";1.9891374544;"Mdn";"1.1-2.0";"2023-04-28"
35161;"RR_Mdn";;"Mdn";"0";"2023-04-28"
35162;"RR_Mdn";;"Mdn";"0";"2023-04-28"
35163;"RR_Mdn";;"Mdn";"0";"2023-04-28"
35171;"RR_Mdn";;"Mdn";"0";"2023-04-28"
35172;"RR_Mdn";;"Mdn";"0";"2023-04-28"
35173;"RR_Mdn";;"Mdn";"0";"2023-04-28"
35174;"RR_Mdn";;"Mdn";"0";"2023-04-28"
35011;"RR_Mdn_mv";;"Mdn_mv";"0";"2023-04-28"
35012;"RR_Mdn_mv";;"Mdn_mv";"0";"2023-04-28"
35013;"RR_Mdn_mv";;"Mdn_mv";"0";"2023-04-28"
35014;"RR_Mdn_mv";;"Mdn_mv";"0";"2023-04-28"
35015;"RR_Mdn_mv";;"Mdn_mv";"0";"2023-04-28"
35016;"RR_Mdn_mv";;"Mdn_mv";"0";"2023-04-28"
35021;"RR_Mdn_mv";1.9994543372;"Mdn_mv";"1.1-2.0";"2023-04-28"
35022;"RR_Mdn_mv";1.9994543372;"Mdn_mv";"1.1-2.0";"2023-04-28"
35023;"RR_Mdn_mv";1.9994543372;"Mdn_mv";"1.1-2.0";"2023-04-28"
35031;"RR_Mdn_mv";4.0401654363;"Mdn_mv";">3";"2023-04-28"
35032;"RR_Mdn_mv";;"Mdn_mv";"0";"2023-04-28"
35033;"RR_Mdn_mv";;"Mdn_mv";"0";"2023-04-28"
35034;"RR_Mdn_mv";;"Mdn_mv";"0";"2023-04-28"
35041;"RR_Mdn_mv";;"Mdn_mv";"0";"2023-04-28"
35051;"RR_Mdn_mv";;"Mdn_mv";"0";"2023-04-28"
35052;"RR_Mdn_mv";;"Mdn_mv";"0";"2023-04-28"
35061;"RR_Mdn_mv";;"Mdn_mv";"0";"2023-04-28"
35062;"RR_Mdn_mv";;"Mdn_mv";"0";"2023-04-28"
35063;"RR_Mdn_mv";3.018246334;"Mdn_mv";">3";"2023-04-28"
35064;"RR_Mdn_mv";;"Mdn_mv";"0";"2023-04-28"
35065;"RR_Mdn_mv";1.9994543372;"Mdn_mv";"1.1-2.0";"2023-04-28"
35071;"RR_Mdn_mv";;"Mdn_mv";"0";"2023-04-28"
35072;"RR_Mdn_mv";1.6622711159;"Mdn_mv";"1.1-2.0";"2023-04-28"
35073;"RR_Mdn_mv";;"Mdn_mv";"0";"2023-04-28"
35074;"RR_Mdn_mv";;"Mdn_mv";"0";"2023-04-28"
35081;"RR_Mdn_mv";;"Mdn_mv";"0";"2023-04-28"
35082;"RR_Mdn_mv";;"Mdn_mv";"0";"2023-04-28"
35083;"RR_Mdn_mv";;"Mdn_mv";"0";"2023-04-28"
35091;"RR_Mdn_mv";1.9994543372;"Mdn_mv";"1.1-2.0";"2023-04-28"
35092;"RR_Mdn_mv";;"Mdn_mv";"0";"2023-04-28"
35093;"RR_Mdn_mv";1.9994543372;"Mdn_mv";"1.1-2.0";"2023-04-28"
35094;"RR_Mdn_mv";;"Mdn_mv";"0";"2023-04-28"
35095;"RR_Mdn_mv";1.9994543372;"Mdn_mv";"1.1-2.0";"2023-04-28"
35101;"RR_Mdn_mv";;"Mdn_mv";"0";"2023-04-28"
35102;"RR_Mdn_mv";;"Mdn_mv";"0";"2023-04-28"
35103;"RR_Mdn_mv";3.018246334;"Mdn_mv";">3";"2023-04-28"
35104;"RR_Mdn_mv";;"Mdn_mv";"0";"2023-04-28"
35111;"RR_Mdn_mv";;"Mdn_mv";"0";"2023-04-28"
35112;"RR_Mdn_mv";;"Mdn_mv";"0";"2023-04-28"
35113;"RR_Mdn_mv";1.9994543372;"Mdn_mv";"1.1-2.0";"2023-04-28"
35114;"RR_Mdn_mv";;"Mdn_mv";"0";"2023-04-28"
35115;"RR_Mdn_mv";;"Mdn_mv";"0";"2023-04-28"
35121;"RR_Mdn_mv";;"Mdn_mv";"0";"2023-04-28"
35131;"RR_Mdn_mv";;"Mdn_mv";"0";"2023-04-28"
35132;"RR_Mdn_mv";;"Mdn_mv";"0";"2023-04-28"
35133;"RR_Mdn_mv";;"Mdn_mv";"0";"2023-04-28"
35141;"RR_Mdn_mv";;"Mdn_mv";"0";"2023-04-28"
35142;"RR_Mdn_mv";;"Mdn_mv";"0";"2023-04-28"
35143;"RR_Mdn_mv";;"Mdn_mv";"0";"2023-04-28"
35151;"RR_Mdn_mv";1.9994543372;"Mdn_mv";"1.1-2.0";"2023-04-28"
35152;"RR_Mdn_mv";;"Mdn_mv";"0";"2023-04-28"
35153;"RR_Mdn_mv";1.9994543372;"Mdn_mv";"1.1-2.0";"2023-04-28"
35154;"RR_Mdn_mv";1.9994543372;"Mdn_mv";"1.1-2.0";"2023-04-28"
35155;"RR_Mdn_mv";1.9994543372;"Mdn_mv";"1.1-2.0";"2023-04-28"
35156;"RR_Mdn_mv";1.9994543372;"Mdn_mv";"1.1-2.0";"2023-04-28"
35157;"RR_Mdn_mv";1.9994543372;"Mdn_mv";"1.1-2.0";"2023-04-28"
35161;"RR_Mdn_mv";;"Mdn_mv";"0";"2023-04-28"
35162;"RR_Mdn_mv";;"Mdn_mv";"0";"2023-04-28"
35163;"RR_Mdn_mv";;"Mdn_mv";"0";"2023-04-28"
35171;"RR_Mdn_mv";;"Mdn_mv";"0";"2023-04-28"
35172;"RR_Mdn_mv";;"Mdn_mv";"0";"2023-04-28"
35173;"RR_Mdn_mv";;"Mdn_mv";"0";"2023-04-28"
35174;"RR_Mdn_mv";;"Mdn_mv";"0";"2023-04-28"
35011;"RR_obs";;"obs";"0";"2023-04-28"
35012;"RR_obs";;"obs";"0";"2023-04-28"
35013;"RR_obs";;"obs";"0";"2023-04-28"
35014;"RR_obs";;"obs";"0";"2023-04-28"
35015;"RR_obs";;"obs";"0";"2023-04-28"
35016;"RR_obs";;"obs";"0";"2023-04-28"
35021;"RR_obs";;"obs";"0";"2023-04-28"
35022;"RR_obs";;"obs";"0";"2023-04-28"
35023;"RR_obs";;"obs";"0";"2023-04-28"
35031;"RR_obs";;"obs";"0";"2023-04-28"
35032;"RR_obs";;"obs";"0";"2023-04-28"
35033;"RR_obs";;"obs";"0";"2023-04-28"
35034;"RR_obs";;"obs";"0";"2023-04-28"
35041;"RR_obs";;"obs";"0";"2023-04-28"
35051;"RR_obs";;"obs";"0";"2023-04-28"
35052;"RR_obs";;"obs";"0";"2023-04-28"
35061;"RR_obs";;"obs";"0";"2023-04-28"
35062;"RR_obs";;"obs";"0";"2023-04-28"
35063;"RR_obs";;"obs";"0";"2023-04-28"
35064;"RR_obs";;"obs";"0";"2023-04-28"
35065;"RR_obs";;"obs";"0";"2023-04-28"
35071;"RR_obs";;"obs";"0";"2023-04-28"
35072;"RR_obs";;"obs";"0";"2023-04-28"
35073;"RR_obs";;"obs";"0";"2023-04-28"
35074;"RR_obs";;"obs";"0";"2023-04-28"
35081;"RR_obs";;"obs";"0";"2023-04-28"
35082;"RR_obs";;"obs";"0";"2023-04-28"
35083;"RR_obs";;"obs";"0";"2023-04-28"
35091;"RR_obs";;"obs";"0";"2023-04-28"
35092;"RR_obs";;"obs";"0";"2023-04-28"
35093;"RR_obs";;"obs";"0";"2023-04-28"
35094;"RR_obs";;"obs";"0";"2023-04-28"
35095;"RR_obs";;"obs";"0";"2023-04-28"
35101;"RR_obs";;"obs";"0";"2023-04-28"
35102;"RR_obs";;"obs";"0";"2023-04-28"
35103;"RR_obs";;"obs";"0";"2023-04-28"
35104;"RR_obs";;"obs";"0";"2023-04-28"
35111;"RR_obs";;"obs";"0";"2023-04-28"
35112;"RR_obs";;"obs";"0";"2023-04-28"
35113;"RR_obs";;"obs";"0";"2023-04-28"
35114;"RR_obs";;"obs";"0";"2023-04-28"
35115;"RR_obs";;"obs";"0";"2023-04-28"
35121;"RR_obs";;"obs";"0";"2023-04-28"
35131;"RR_obs";;"obs";"0";"2023-04-28"
35132;"RR_obs";;"obs";"0";"2023-04-28"
35133;"RR_obs";;"obs";"0";"2023-04-28"
35141;"RR_obs";;"obs";"0";"2023-04-28"
35142;"RR_obs";;"obs";"0";"2023-04-28"
35143;"RR_obs";;"obs";"0";"2023-04-28"
35151;"RR_obs";;"obs";"0";"2023-04-28"
35152;"RR_obs";;"obs";"0";"2023-04-28"
35153;"RR_obs";;"obs";"0";"2023-04-28"
35154;"RR_obs";;"obs";"0";"2023-04-28"
35155;"RR_obs";;"obs";"0";"2023-04-28"
35156;"RR_obs";;"obs";"0";"2023-04-28"
35157;"RR_obs";;"obs";"0";"2023-04-28"
35161;"RR_obs";;"obs";"0";"2023-04-28"
35162;"RR_obs";;"obs";"0";"2023-04-28"
35163;"RR_obs";;"obs";"0";"2023-04-28"
35171;"RR_obs";;"obs";"0";"2023-04-28"
35172;"RR_obs";;"obs";"0";"2023-04-28"
35173;"RR_obs";;"obs";"0";"2023-04-28"
35174;"RR_obs";;"obs";"0";"2023-04-28"
35011;"RR_casos";;"casos";"0";"2023-03-10"
35012;"RR_casos";;"casos";"0";"2023-03-10"
35013;"RR_casos";;"casos";"0";"2023-03-10"
35014;"RR_casos";;"casos";"0";"2023-03-10"
35015;"RR_casos";;"casos";"0";"2023-03-10"
35016;"RR_casos";;"casos";"0";"2023-03-10"
35021;"RR_casos";;"casos";"0";"2023-03-10"
35022;"RR_casos";;"casos";"0";"2023-03-10"
35023;"RR_casos";;"casos";"0";"2023-03-10"
35031;"RR_casos";;"casos";"0";"2023-03-10"
35032;"RR_casos";;"casos";"0";"2023-03-10"
35033;"RR_casos";;"casos";"0";"2023-03-10"
35034;"RR_casos";;"casos";"0";"2023-03-10"
35041;"RR_casos";;"casos";"0";"2023-03-10"
35051;"RR_casos";;"casos";"0";"2023-03-10"
35052;"RR_casos";;"casos";"0";"2023-03-10"
35061;"RR_casos";;"casos";"0";"2023-03-10"
35062;"RR_casos";;"casos";"0";"2023-03-10"
35063;"RR_casos";3.3769627963;"casos";">3";"2023-03-10"
35064;"RR_casos";;"casos";"0";"2023-03-10"
35065;"RR_casos";;"casos";"0";"2023-03-10"
35071;"RR_casos";;"casos";"0";"2023-03-10"
35072;"RR_casos";2.0214570857;"casos";"2.0-3.0";"2023-03-10"
35073;"RR_casos";;"casos";"0";"2023-03-10"
35074;"RR_casos";;"casos";"0";"2023-03-10"
35081;"RR_casos";;"casos";"0";"2023-03-10"
35082;"RR_casos";;"casos";"0";"2023-03-10"
35083;"RR_casos";;"casos";"0";"2023-03-10"
35091;"RR_casos";;"casos";"0";"2023-03-10"
35092;"RR_casos";;"casos";"0";"2023-03-10"
35093;"RR_casos";4.015320108;"casos";">3";"2023-03-10"
35094;"RR_casos";;"casos";"0";"2023-03-10"
35095;"RR_casos";;"casos";"0";"2023-03-10"
35101;"RR_casos";;"casos";"0";"2023-03-10"
35102;"RR_casos";;"casos";"0";"2023-03-10"
35103;"RR_casos";3.3769627963;"casos";">3";"2023-03-10"
35104;"RR_casos";;"casos";"0";"2023-03-10"
35111;"RR_casos";;"casos";"0";"2023-03-10"
35112;"RR_casos";;"casos";"0";"2023-03-10"
35113;"RR_casos";;"casos";"0";"2023-03-10"
35114;"RR_casos";;"casos";"0";"2023-03-10"
35115;"RR_casos";;"casos";"0";"2023-03-10"
35121;"RR_casos";;"casos";"0";"2023-03-10"
35131;"RR_casos";;"casos";"0";"2023-03-10"
35132;"RR_casos";;"casos";"0";"2023-03-10"
35133;"RR_casos";;"casos";"0";"2023-03-10"
35141;"RR_casos";;"casos";"0";"2023-03-10"
35142;"RR_casos";;"casos";"0";"2023-03-10"
35143;"RR_casos";;"casos";"0";"2023-03-10"
35151;"RR_casos";;"casos";"0";"2023-03-10"
35152;"RR_casos";;"casos";"0";"2023-03-10"
35153;"RR_casos";;"casos";"0";"2023-03-10"
35154;"RR_casos";;"casos";"0";"2023-03-10"
35155;"RR_casos";2.539840902;"casos";"2.0-3.0";"2023-03-10"
35156;"RR_casos";2.539840902;"casos";"2.0-3.0";"2023-03-10"
35157;"RR_casos";;"casos";"0";"2023-03-10"
35161;"RR_casos";;"casos";"0";"2023-03-10"
35162;"RR_casos";;"casos";"0";"2023-03-10"
35163;"RR_casos";;"casos";"0";"2023-03-10"
35171;"RR_casos";;"casos";"0";"2023-03-10"
35172;"RR_casos";;"casos";"0";"2023-03-10"
35173;"RR_casos";;"casos";"0";"2023-03-10"
35174;"RR_casos";;"casos";"0";"2023-03-10"
35011;"RR_Mdn";;"Mdn";"0";"2023-03-10"
35012;"RR_Mdn";;"Mdn";"0";"2023-03-10"
35013;"RR_Mdn";;"Mdn";"0";"2023-03-10"
35014;"RR_Mdn";;"Mdn";"0";"2023-03-10"
35015;"RR_Mdn";1.302988087;"Mdn";"1.1-2.0";"2023-03-10"
35016;"RR_Mdn";;"Mdn";"0";"2023-03-10"
35021;"RR_Mdn";;"Mdn";"0";"2023-03-10"
35022;"RR_Mdn";;"Mdn";"0";"2023-03-10"
35023;"RR_Mdn";;"Mdn";"0";"2023-03-10"
35031;"RR_Mdn";;"Mdn";"0";"2023-03-10"
35032;"RR_Mdn";;"Mdn";"0";"2023-03-10"
35033;"RR_Mdn";;"Mdn";"0";"2023-03-10"
35034;"RR_Mdn";;"Mdn";"0";"2023-03-10"
35041;"RR_Mdn";;"Mdn";"0";"2023-03-10"
35051;"RR_Mdn";;"Mdn";"0";"2023-03-10"
35052;"RR_Mdn";;"Mdn";"0";"2023-03-10"
35061;"RR_Mdn";;"Mdn";"0";"2023-03-10"
35062;"RR_Mdn";;"Mdn";"0";"2023-03-10"
35063;"RR_Mdn";3.720995256;"Mdn";">3";"2023-03-10"
35064;"RR_Mdn";3.720995256;"Mdn";">3";"2023-03-10"
35065;"RR_Mdn";;"Mdn";"0";"2023-03-10"
35071;"RR_Mdn";1.6693731025;"Mdn";"1.1-2.0";"2023-03-10"
35072;"RR_Mdn";1.2826256636;"Mdn";"1.1-2.0";"2023-03-10"
35073;"RR_Mdn";;"Mdn";"0";"2023-03-10"
35074;"RR_Mdn";;"Mdn";"0";"2023-03-10"
35081;"RR_Mdn";;"Mdn";"0";"2023-03-10"
35082;"RR_Mdn";;"Mdn";"0";"2023-03-10"
35083;"RR_Mdn";;"Mdn";"0";"2023-03-10"
35091;"RR_Mdn";;"Mdn";"0";"2023-03-10"
35092;"RR_Mdn";;"Mdn";"0";"2023-03-10"
35093;"RR_Mdn";4.2256104563;"Mdn";">3";"2023-03-10"
35094;"RR_Mdn";;"Mdn";"0";"2023-03-10"
35095;"RR_Mdn";;"Mdn";"0";"2023-03-10"
35101;"RR_Mdn";;"Mdn";"0";"2023-03-10"
35102;"RR_Mdn";;"Mdn";"0";"2023-03-10"
35103;"RR_Mdn";3.720995256;"Mdn";">3";"2023-03-10"
35104;"RR_Mdn";;"Mdn";"0";"2023-03-10"
35111;"RR_Mdn";;"Mdn";"0";"2023-03-10"
35112;"RR_Mdn";;"Mdn";"0";"2023-03-10"
35113;"RR_Mdn";;"Mdn";"0";"2023-03-10"
35114;"RR_Mdn";;"Mdn";"0";"2023-03-10"
35115;"RR_Mdn";;"Mdn";"0";"2023-03-10"
35121;"RR_Mdn";;"Mdn";"0";"2023-03-10"
35131;"RR_Mdn";;"Mdn";"0";"2023-03-10"
35132;"RR_Mdn";;"Mdn";"0";"2023-03-10"
35133;"RR_Mdn";;"Mdn";"0";"2023-03-10"
35141;"RR_Mdn";;"Mdn";"0";"2023-03-10"
35142;"RR_Mdn";;"Mdn";"0";"2023-03-10"
35143;"RR_Mdn";;"Mdn";"0";"2023-03-10"
35151;"RR_Mdn";2.7009042091;"Mdn";"2.0-3.0";"2023-03-10"
35152;"RR_Mdn";;"Mdn";"0";"2023-03-10"
35153;"RR_Mdn";;"Mdn";"0";"2023-03-10"
35154;"RR_Mdn";;"Mdn";"0";"2023-03-10"
35155;"RR_Mdn";;"Mdn";"0";"2023-03-10"
35156;"RR_Mdn";;"Mdn";"0";"2023-03-10"
35157;"RR_Mdn";;"Mdn";"0";"2023-03-10"
35161;"RR_Mdn";;"Mdn";"0";"2023-03-10"
35162;"RR_Mdn";;"Mdn";"0";"2023-03-10"
35163;"RR_Mdn";;"Mdn";"0";"2023-03-10"
35171;"RR_Mdn";;"Mdn";"0";"2023-03-10"
35172;"RR_Mdn";;"Mdn";"0";"2023-03-10"
35173;"RR_Mdn";;"Mdn";"0";"2023-03-10"
35174;"RR_Mdn";1.8923381424;"Mdn";"1.1-2.0";"2023-03-10"
35011;"RR_Mdn_mv";;"Mdn_mv";"0";"2023-03-10"
35012;"RR_Mdn_mv";;"Mdn_mv";"0";"2023-03-10"
35013;"RR_Mdn_mv";;"Mdn_mv";"0";"2023-03-10"
35014;"RR_Mdn_mv";;"Mdn_mv";"0";"2023-03-10"
35015;"RR_Mdn_mv";1.30895825;"Mdn_mv";"1.1-2.0";"2023-03-10"
35016;"RR_Mdn_mv";;"Mdn_mv";"0";"2023-03-10"
35021;"RR_Mdn_mv";;"Mdn_mv";"0";"2023-03-10"
35022;"RR_Mdn_mv";;"Mdn_mv";"0";"2023-03-10"
35023;"RR_Mdn_mv";;"Mdn_mv";"0";"2023-03-10"
35031;"RR_Mdn_mv";;"Mdn_mv";"0";"2023-03-10"
35032;"RR_Mdn_mv";;"Mdn_mv";"0";"2023-03-10"
35033;"RR_Mdn_mv";;"Mdn_mv";"0";"2023-03-10"
35034;"RR_Mdn_mv";;"Mdn_mv";"0";"2023-03-10"
35041;"RR_Mdn_mv";;"Mdn_mv";"0";"2023-03-10"
35051;"RR_Mdn_mv";;"Mdn_mv";"0";"2023-03-10"
35052;"RR_Mdn_mv";;"Mdn_mv";"0";"2023-03-10"
35061;"RR_Mdn_mv";;"Mdn_mv";"0";"2023-03-10"
35062;"RR_Mdn_mv";;"Mdn_mv";"0";"2023-03-10"
35063;"RR_Mdn_mv";3.6554199368;"Mdn_mv";">3";"2023-03-10"
35064;"RR_Mdn_mv";;"Mdn_mv";"0";"2023-03-10"
35065;"RR_Mdn_mv";;"Mdn_mv";"0";"2023-03-10"
35071;"RR_Mdn_mv";;"Mdn_mv";"0";"2023-03-10"
35072;"RR_Mdn_mv";1.4974982245;"Mdn_mv";"1.1-2.0";"2023-03-10"
35073;"RR_Mdn_mv";;"Mdn_mv";"0";"2023-03-10"
35074;"RR_Mdn_mv";;"Mdn_mv";"0";"2023-03-10"
35081;"RR_Mdn_mv";;"Mdn_mv";"0";"2023-03-10"
35082;"RR_Mdn_mv";;"Mdn_mv";"0";"2023-03-10"
35083;"RR_Mdn_mv";;"Mdn_mv";"0";"2023-03-10"
35091;"RR_Mdn_mv";;"Mdn_mv";"0";"2023-03-10"
35092;"RR_Mdn_mv";;"Mdn_mv";"0";"2023-03-10"
35093;"RR_Mdn_mv";4.3796506608;"Mdn_mv";">3";"2023-03-10"
35094;"RR_Mdn_mv";;"Mdn_mv";"0";"2023-03-10"
35095;"RR_Mdn_mv";;"Mdn_mv";"0";"2023-03-10"
35101;"RR_Mdn_mv";;"Mdn_mv";"0";"2023-03-10"
35102;"RR_Mdn_mv";;"Mdn_mv";"0";"2023-03-10"
35103;"RR_Mdn_mv";3.6554199368;"Mdn_mv";">3";"2023-03-10"
35104;"RR_Mdn_mv";;"Mdn_mv";"0";"2023-03-10"
35111;"RR_Mdn_mv";;"Mdn_mv";"0";"2023-03-10"
35112;"RR_Mdn_mv";;"Mdn_mv";"0";"2023-03-10"
35113;"RR_Mdn_mv";;"Mdn_mv";"0";"2023-03-10"
35114;"RR_Mdn_mv";;"Mdn_mv";"0";"2023-03-10"
35115;"RR_Mdn_mv";;"Mdn_mv";"0";"2023-03-10"
35121;"RR_Mdn_mv";;"Mdn_mv";"0";"2023-03-10"
35131;"RR_Mdn_mv";;"Mdn_mv";"0";"2023-03-10"
35132;"RR_Mdn_mv";;"Mdn_mv";"0";"2023-03-10"
35133;"RR_Mdn_mv";;"Mdn_mv";"0";"2023-03-10"
35141;"RR_Mdn_mv";;"Mdn_mv";"0";"2023-03-10"
35142;"RR_Mdn_mv";;"Mdn_mv";"0";"2023-03-10"
35143;"RR_Mdn_mv";;"Mdn_mv";"0";"2023-03-10"
35151;"RR_Mdn_mv";;"Mdn_mv";"0";"2023-03-10"
35152;"RR_Mdn_mv";;"Mdn_mv";"0";"2023-03-10"
35153;"RR_Mdn_mv";;"Mdn_mv";"0";"2023-03-10"
35154;"RR_Mdn_mv";;"Mdn_mv";"0";"2023-03-10"
35155;"RR_Mdn_mv";1.7875954992;"Mdn_mv";"1.1-2.0";"2023-03-10"
35156;"RR_Mdn_mv";1.7875954992;"Mdn_mv";"1.1-2.0";"2023-03-10"
35157;"RR_Mdn_mv";;"Mdn_mv";"0";"2023-03-10"
35161;"RR_Mdn_mv";;"Mdn_mv";"0";"2023-03-10"
35162;"RR_Mdn_mv";;"Mdn_mv";"0";"2023-03-10"
35163;"RR_Mdn_mv";;"Mdn_mv";"0";"2023-03-10"
35171;"RR_Mdn_mv";;"Mdn_mv";"0";"2023-03-10"
35172;"RR_Mdn_mv";;"Mdn_mv";"0";"2023-03-10"
35173;"RR_Mdn_mv";;"Mdn_mv";"0";"2023-03-10"
35174;"RR_Mdn_mv";;"Mdn_mv";"0";"2023-03-10"
35011;"RR_obs";;"obs";"0";"2023-03-10"
35012;"RR_obs";;"obs";"0";"2023-03-10"
35013;"RR_obs";;"obs";"0";"2023-03-10"
35014;"RR_obs";;"obs";"0";"2023-03-10"
35015;"RR_obs";;"obs";"0";"2023-03-10"
35016;"RR_obs";;"obs";"0";"2023-03-10"
35021;"RR_obs";;"obs";"0";"2023-03-10"
35022;"RR_obs";;"obs";"0";"2023-03-10"
35023;"RR_obs";;"obs";"0";"2023-03-10"
35031;"RR_obs";;"obs";"0";"2023-03-10"
35032;"RR_obs";;"obs";"0";"2023-03-10"
35033;"RR_obs";;"obs";"0";"2023-03-10"
35034;"RR_obs";;"obs";"0";"2023-03-10"
35041;"RR_obs";;"obs";"0";"2023-03-10"
35051;"RR_obs";;"obs";"0";"2023-03-10"
35052;"RR_obs";;"obs";"0";"2023-03-10"
35061;"RR_obs";;"obs";"0";"2023-03-10"
35062;"RR_obs";;"obs";"0";"2023-03-10"
35063;"RR_obs";;"obs";"0";"2023-03-10"
35064;"RR_obs";;"obs";"0";"2023-03-10"
35065;"RR_obs";;"obs";"0";"2023-03-10"
35071;"RR_obs";;"obs";"0";"2023-03-10"
35072;"RR_obs";;"obs";"0";"2023-03-10"
35073;"RR_obs";;"obs";"0";"2023-03-10"
35074;"RR_obs";;"obs";"0";"2023-03-10"
35081;"RR_obs";;"obs";"0";"2023-03-10"
35082;"RR_obs";;"obs";"0";"2023-03-10"
35083;"RR_obs";;"obs";"0";"2023-03-10"
35091;"RR_obs";;"obs";"0";"2023-03-10"
35092;"RR_obs";;"obs";"0";"2023-03-10"
35093;"RR_obs";;"obs";"0";"2023-03-10"
35094;"RR_obs";;"obs";"0";"2023-03-10"
35095;"RR_obs";;"obs";"0";"2023-03-10"
35101;"RR_obs";;"obs";"0";"2023-03-10"
35102;"RR_obs";;"obs";"0";"2023-03-10"
35103;"RR_obs";2.6281359099;"obs";"2.0-3.0";"2023-03-10"
35104;"RR_obs";;"obs";"0";"2023-03-10"
35111;"RR_obs";;"obs";"0";"2023-03-10"
35112;"RR_obs";;"obs";"0";"2023-03-10"
35113;"RR_obs";;"obs";"0";"2023-03-10"
35114;"RR_obs";;"obs";"0";"2023-03-10"
35115;"RR_obs";;"obs";"0";"2023-03-10"
35121;"RR_obs";;"obs";"0";"2023-03-10"
35131;"RR_obs";;"obs";"0";"2023-03-10"
35132;"RR_obs";;"obs";"0";"2023-03-10"
35133;"RR_obs";;"obs";"0";"2023-03-10"
35141;"RR_obs";;"obs";"0";"2023-03-10"
35142;"RR_obs";;"obs";"0";"2023-03-10"
35143;"RR_obs";;"obs";"0";"2023-03-10"
35151;"RR_obs";;"obs";"0";"2023-03-10"
35152;"RR_obs";;"obs";"0";"2023-03-10"
35153;"RR_obs";;"obs";"0";"2023-03-10"
35154;"RR_obs";;"obs";"0";"2023-03-10"
35155;"RR_obs";;"obs";"0";"2023-03-10"
35156;"RR_obs";;"obs";"0";"2023-03-10"
35157;"RR_obs";;"obs";"0";"2023-03-10"
35161;"RR_obs";;"obs";"0";"2023-03-10"
35162;"RR_obs";;"obs";"0";"2023-03-10"
35163;"RR_obs";;"obs";"0";"2023-03-10"
35171;"RR_obs";;"obs";"0";"2023-03-10"
35172;"RR_obs";;"obs";"0";"2023-03-10"
35173;"RR_obs";;"obs";"0";"2023-03-10"
35174;"RR_obs";;"obs";"0";"2023-03-10"
35011;"RR_casos";;"casos";"0";"2023-02-18"
35012;"RR_casos";;"casos";"0";"2023-02-18"
35013;"RR_casos";;"casos";"0";"2023-02-18"
35014;"RR_casos";;"casos";"0";"2023-02-18"
35015;"RR_casos";1.2941930519;"casos";"1.1-2.0";"2023-02-18"
35016;"RR_casos";;"casos";"0";"2023-02-18"
35021;"RR_casos";;"casos";"0";"2023-02-18"
35022;"RR_casos";;"casos";"0";"2023-02-18"
35023;"RR_casos";;"casos";"0";"2023-02-18"
35031;"RR_casos";;"casos";"0";"2023-02-18"
35032;"RR_casos";;"casos";"0";"2023-02-18"
35033;"RR_casos";;"casos";"0";"2023-02-18"
35034;"RR_casos";;"casos";"0";"2023-02-18"
35041;"RR_casos";;"casos";"0";"2023-02-18"
35051;"RR_casos";;"casos";"0";"2023-02-18"
35052;"RR_casos";;"casos";"0";"2023-02-18"
35061;"RR_casos";;"casos";"0";"2023-02-18"
35062;"RR_casos";;"casos";"0";"2023-02-18"
35063;"RR_casos";3.517597251;"casos";">3";"2023-02-18"
35064;"RR_casos";;"casos";"0";"2023-02-18"
35065;"RR_casos";;"casos";"0";"2023-02-18"
35071;"RR_casos";;"casos";"0";"2023-02-18"
35072;"RR_casos";2.0404814;"casos";"2.0-3.0";"2023-02-18"
35073;"RR_casos";;"casos";"0";"2023-02-18"
35074;"RR_casos";;"casos";"0";"2023-02-18"
35081;"RR_casos";;"casos";"0";"2023-02-18"
35082;"RR_casos";;"casos";"0";"2023-02-18"
35083;"RR_casos";;"casos";"0";"2023-02-18"
35091;"RR_casos";;"casos";"0";"2023-02-18"
35092;"RR_casos";;"casos";"0";"2023-02-18"
35093;"RR_casos";4.632368663;"casos";">3";"2023-02-18"
35094;"RR_casos";;"casos";"0";"2023-02-18"
35095;"RR_casos";;"casos";"0";"2023-02-18"
35101;"RR_casos";;"casos";"0";"2023-02-18"
35102;"RR_casos";;"casos";"0";"2023-02-18"
35103;"RR_casos";3.517597251;"casos";">3";"2023-02-18"
35104;"RR_casos";;"casos";"0";"2023-02-18"
35111;"RR_casos";;"casos";"0";"2023-02-18"
35112;"RR_casos";;"casos";"0";"2023-02-18"
35113;"RR_casos";;"casos";"0";"2023-02-18"
35114;"RR_casos";;"casos";"0";"2023-02-18"
35115;"RR_casos";;"casos";"0";"2023-02-18"
35121;"RR_casos";;"casos";"0";"2023-02-18"
35131;"RR_casos";;"casos";"0";"2023-02-18"
35132;"RR_casos";1.596674021;"casos";"1.1-2.0";"2023-02-18"
35133;"RR_casos";;"casos";"0";"2023-02-18"
35141;"RR_casos";;"casos";"0";"2023-02-18"
35142;"RR_casos";;"casos";"0";"2023-02-18"
35143;"RR_casos";;"casos";"0";"2023-02-18"
35151;"RR_casos";;"casos";"0";"2023-02-18"
35152;"RR_casos";;"casos";"0";"2023-02-18"
35153;"RR_casos";;"casos";"0";"2023-02-18"
35154;"RR_casos";;"casos";"0";"2023-02-18"
35155;"RR_casos";2.284207898;"casos";"2.0-3.0";"2023-02-18"
35156;"RR_casos";2.284207898;"casos";"2.0-3.0";"2023-02-18"
35157;"RR_casos";;"casos";"0";"2023-02-18"
35161;"RR_casos";;"casos";"0";"2023-02-18"
35162;"RR_casos";;"casos";"0";"2023-02-18"
35163;"RR_casos";;"casos";"0";"2023-02-18"
35171;"RR_casos";;"casos";"0";"2023-02-18"
35172;"RR_casos";;"casos";"0";"2023-02-18"
35173;"RR_casos";;"casos";"0";"2023-02-18"
35174;"RR_casos";;"casos";"0";"2023-02-18"
35011;"RR_Mdn";;"Mdn";"0";"2023-02-18"
35012;"RR_Mdn";;"Mdn";"0";"2023-02-18"
35013;"RR_Mdn";;"Mdn";"0";"2023-02-18"
35014;"RR_Mdn";1.3276773989;"Mdn";"1.1-2.0";"2023-02-18"
35015;"RR_Mdn";1.7367452306;"Mdn";"1.1-2.0";"2023-02-18"
35016;"RR_Mdn";;"Mdn";"0";"2023-02-18"
35021;"RR_Mdn";;"Mdn";"0";"2023-02-18"
35022;"RR_Mdn";;"Mdn";"0";"2023-02-18"
35023;"RR_Mdn";;"Mdn";"0";"2023-02-18"
35031;"RR_Mdn";;"Mdn";"0";"2023-02-18"
35032;"RR_Mdn";1.6884638086;"Mdn";"1.1-2.0";"2023-02-18"
35033;"RR_Mdn";1.6884638086;"Mdn";"1.1-2.0";"2023-02-18"
35034;"RR_Mdn";;"Mdn";"0";"2023-02-18"
35041;"RR_Mdn";;"Mdn";"0";"2023-02-18"
35051;"RR_Mdn";;"Mdn";"0";"2023-02-18"
35052;"RR_Mdn";;"Mdn";"0";"2023-02-18"
35061;"RR_Mdn";;"Mdn";"0";"2023-02-18"
35062;"RR_Mdn";;"Mdn";"0";"2023-02-18"
35063;"RR_Mdn";3.8636572583;"Mdn";">3";"2023-02-18"
35064;"RR_Mdn";;"Mdn";"0";"2023-02-18"
35065;"RR_Mdn";;"Mdn";"0";"2023-02-18"
35071;"RR_Mdn";;"Mdn";"0";"2023-02-18"
35072;"RR_Mdn";2.5460699104;"Mdn";"2.0-3.0";"2023-02-18"
35073;"RR_Mdn";;"Mdn";"0";"2023-02-18"
35074;"RR_Mdn";;"Mdn";"0";"2023-02-18"
35081;"RR_Mdn";;"Mdn";"0";"2023-02-18"
35082;"RR_Mdn";;"Mdn";"0";"2023-02-18"
35083;"RR_Mdn";;"Mdn";"0";"2023-02-18"
35091;"RR_Mdn";;"Mdn";"0";"2023-02-18"
35092;"RR_Mdn";;"Mdn";"0";"2023-02-18"
35093;"RR_Mdn";5.0139497415;"Mdn";">3";"2023-02-18"
35094;"RR_Mdn";;"Mdn";"0";"2023-02-18"
35095;"RR_Mdn";;"Mdn";"0";"2023-02-18"
35101;"RR_Mdn";;"Mdn";"0";"2023-02-18"
35102;"RR_Mdn";;"Mdn";"0";"2023-02-18"
35103;"RR_Mdn";3.8636572583;"Mdn";">3";"2023-02-18"
35104;"RR_Mdn";;"Mdn";"0";"2023-02-18"
35111;"RR_Mdn";;"Mdn";"0";"2023-02-18"
35112;"RR_Mdn";;"Mdn";"0";"2023-02-18"
35113;"RR_Mdn";;"Mdn";"0";"2023-02-18"
35114;"RR_Mdn";;"Mdn";"0";"2023-02-18"
35115;"RR_Mdn";;"Mdn";"0";"2023-02-18"
35121;"RR_Mdn";;"Mdn";"0";"2023-02-18"
35131;"RR_Mdn";;"Mdn";"0";"2023-02-18"
35132;"RR_Mdn";;"Mdn";"0";"2023-02-18"
35133;"RR_Mdn";;"Mdn";"0";"2023-02-18"
35141;"RR_Mdn";;"Mdn";"0";"2023-02-18"
35142;"RR_Mdn";2.3421243931;"Mdn";"2.0-3.0";"2023-02-18"
35143;"RR_Mdn";;"Mdn";"0";"2023-02-18"
35151;"RR_Mdn";1.6884638086;"Mdn";"1.1-2.0";"2023-02-18"
35152;"RR_Mdn";;"Mdn";"0";"2023-02-18"
35153;"RR_Mdn";;"Mdn";"0";"2023-02-18"
35154;"RR_Mdn";;"Mdn";"0";"2023-02-18"
35155;"RR_Mdn";3.007128531;"Mdn";">3";"2023-02-18"
35156;"RR_Mdn";3.007128531;"Mdn";">3";"2023-02-18"
35157;"RR_Mdn";;"Mdn";"0";"2023-02-18"
35161;"RR_Mdn";;"Mdn";"0";"2023-02-18"
35162;"RR_Mdn";;"Mdn";"0";"2023-02-18"
35163;"RR_Mdn";1.3276773989;"Mdn";"1.1-2.0";"2023-02-18"
35171;"RR_Mdn";;"Mdn";"0";"2023-02-18"
35172;"RR_Mdn";;"Mdn";"0";"2023-02-18"
35173;"RR_Mdn";;"Mdn";"0";"2023-02-18"
35174;"RR_Mdn";;"Mdn";"0";"2023-02-18"
35011;"RR_Mdn_mv";;"Mdn_mv";"0";"2023-02-18"
35012;"RR_Mdn_mv";;"Mdn_mv";"0";"2023-02-18"
35013;"RR_Mdn_mv";;"Mdn_mv";"0";"2023-02-18"
35014;"RR_Mdn_mv";1.3021715268;"Mdn_mv";"1.1-2.0";"2023-02-18"
35015;"RR_Mdn_mv";1.4446912039;"Mdn_mv";"1.1-2.0";"2023-02-18"
35016;"RR_Mdn_mv";;"Mdn_mv";"0";"2023-02-18"
35021;"RR_Mdn_mv";;"Mdn_mv";"0";"2023-02-18"
35022;"RR_Mdn_mv";;"Mdn_mv";"0";"2023-02-18"
35023;"RR_Mdn_mv";;"Mdn_mv";"0";"2023-02-18"
35031;"RR_Mdn_mv";;"Mdn_mv";"0";"2023-02-18"
35032;"RR_Mdn_mv";1.7483504893;"Mdn_mv";"1.1-2.0";"2023-02-18"
35033;"RR_Mdn_mv";1.7483504893;"Mdn_mv";"1.1-2.0";"2023-02-18"
35034;"RR_Mdn_mv";;"Mdn_mv";"0";"2023-02-18"
35041;"RR_Mdn_mv";1.4446912039;"Mdn_mv";"1.1-2.0";"2023-02-18"
35051;"RR_Mdn_mv";;"Mdn_mv";"0";"2023-02-18"
35052;"RR_Mdn_mv";;"Mdn_mv";"0";"2023-02-18"
35061;"RR_Mdn_mv";;"Mdn_mv";"0";"2023-02-18"
35062;"RR_Mdn_mv";;"Mdn_mv";"0";"2023-02-18"
35063;"RR_Mdn_mv";2.5603356604;"Mdn_mv";"2.0-3.0";"2023-02-18"
35064;"RR_Mdn_mv";;"Mdn_mv";"0";"2023-02-18"
35065;"RR_Mdn_mv";;"Mdn_mv";"0";"2023-02-18"
35071;"RR_Mdn_mv";;"Mdn_mv";"0";"2023-02-18"
35072;"RR_Mdn_mv";2.5603356604;"Mdn_mv";"2.0-3.0";"2023-02-18"
35073;"RR_Mdn_mv";;"Mdn_mv";"0";"2023-02-18"
35074;"RR_Mdn_mv";;"Mdn_mv";"0";"2023-02-18"
35081;"RR_Mdn_mv";;"Mdn_mv";"0";"2023-02-18"
35082;"RR_Mdn_mv";;"Mdn_mv";"0";"2023-02-18"
35083;"RR_Mdn_mv";;"Mdn_mv";"0";"2023-02-18"
35091;"RR_Mdn_mv";;"Mdn_mv";"0";"2023-02-18"
35092;"RR_Mdn_mv";;"Mdn_mv";"0";"2023-02-18"
35093;"RR_Mdn_mv";4.5696569045;"Mdn_mv";">3";"2023-02-18"
35094;"RR_Mdn_mv";;"Mdn_mv";"0";"2023-02-18"
35095;"RR_Mdn_mv";;"Mdn_mv";"0";"2023-02-18"
35101;"RR_Mdn_mv";;"Mdn_mv";"0";"2023-02-18"
35102;"RR_Mdn_mv";2.5603356604;"Mdn_mv";"2.0-3.0";"2023-02-18"
35103;"RR_Mdn_mv";2.5603356604;"Mdn_mv";"2.0-3.0";"2023-02-18"
35104;"RR_Mdn_mv";2.5603356604;"Mdn_mv";"2.0-3.0";"2023-02-18"
35111;"RR_Mdn_mv";;"Mdn_mv";"0";"2023-02-18"
35112;"RR_Mdn_mv";;"Mdn_mv";"0";"2023-02-18"
35113;"RR_Mdn_mv";;"Mdn_mv";"0";"2023-02-18"
35114;"RR_Mdn_mv";;"Mdn_mv";"0";"2023-02-18"
35115;"RR_Mdn_mv";;"Mdn_mv";"0";"2023-02-18"
35121;"RR_Mdn_mv";;"Mdn_mv";"0";"2023-02-18"
35131;"RR_Mdn_mv";;"Mdn_mv";"0";"2023-02-18"
35132;"RR_Mdn_mv";;"Mdn_mv";"0";"2023-02-18"
35133;"RR_Mdn_mv";;"Mdn_mv";"0";"2023-02-18"
35141;"RR_Mdn_mv";;"Mdn_mv";"0";"2023-02-18"
35142;"RR_Mdn_mv";;"Mdn_mv";"0";"2023-02-18"
35143;"RR_Mdn_mv";;"Mdn_mv";"0";"2023-02-18"
35151;"RR_Mdn_mv";1.7483504893;"Mdn_mv";"1.1-2.0";"2023-02-18"
35152;"RR_Mdn_mv";;"Mdn_mv";"0";"2023-02-18"
35153;"RR_Mdn_mv";;"Mdn_mv";"0";"2023-02-18"
35154;"RR_Mdn_mv";;"Mdn_mv";"0";"2023-02-18"
35155;"RR_Mdn_mv";2.9445169144;"Mdn_mv";"2.0-3.0";"2023-02-18"
35156;"RR_Mdn_mv";2.9445169144;"Mdn_mv";"2.0-3.0";"2023-02-18"
35157;"RR_Mdn_mv";;"Mdn_mv";"0";"2023-02-18"
35161;"RR_Mdn_mv";;"Mdn_mv";"0";"2023-02-18"
35162;"RR_Mdn_mv";;"Mdn_mv";"0";"2023-02-18"
35163;"RR_Mdn_mv";1.3021715268;"Mdn_mv";"1.1-2.0";"2023-02-18"
35171;"RR_Mdn_mv";;"Mdn_mv";"0";"2023-02-18"
35172;"RR_Mdn_mv";;"Mdn_mv";"0";"2023-02-18"
35173;"RR_Mdn_mv";;"Mdn_mv";"0";"2023-02-18"
35174;"RR_Mdn_mv";;"Mdn_mv";"0";"2023-02-18"
35011;"RR_obs";;"obs";"0";"2023-02-18"
35012;"RR_obs";;"obs";"0";"2023-02-18"
35013;"RR_obs";;"obs";"0";"2023-02-18"
35014;"RR_obs";;"obs";"0";"2023-02-18"
35015;"RR_obs";;"obs";"0";"2023-02-18"
35016;"RR_obs";;"obs";"0";"2023-02-18"
35021;"RR_obs";;"obs";"0";"2023-02-18"
35022;"RR_obs";;"obs";"0";"2023-02-18"
35023;"RR_obs";;"obs";"0";"2023-02-18"
35031;"RR_obs";;"obs";"0";"2023-02-18"
35032;"RR_obs";;"obs";"0";"2023-02-18"
35033;"RR_obs";;"obs";"0";"2023-02-18"
35034;"RR_obs";;"obs";"0";"2023-02-18"
35041;"RR_obs";;"obs";"0";"2023-02-18"
35051;"RR_obs";;"obs";"0";"2023-02-18"
35052;"RR_obs";;"obs";"0";"2023-02-18"
35061;"RR_obs";;"obs";"0";"2023-02-18"
35062;"RR_obs";;"obs";"0";"2023-02-18"
35063;"RR_obs";3.6180478861;"obs";">3";"2023-02-18"
35064;"RR_obs";;"obs";"0";"2023-02-18"
35065;"RR_obs";;"obs";"0";"2023-02-18"
35071;"RR_obs";;"obs";"0";"2023-02-18"
35072;"RR_obs";;"obs";"0";"2023-02-18"
35073;"RR_obs";;"obs";"0";"2023-02-18"
35074;"RR_obs";;"obs";"0";"2023-02-18"
35081;"RR_obs";;"obs";"0";"2023-02-18"
35082;"RR_obs";;"obs";"0";"2023-02-18"
35083;"RR_obs";;"obs";"0";"2023-02-18"
35091;"RR_obs";;"obs";"0";"2023-02-18"
35092;"RR_obs";;"obs";"0";"2023-02-18"
35093;"RR_obs";2.835526099;"obs";"2.0-3.0";"2023-02-18"
35094;"RR_obs";;"obs";"0";"2023-02-18"
35095;"RR_obs";;"obs";"0";"2023-02-18"
35101;"RR_obs";;"obs";"0";"2023-02-18"
35102;"RR_obs";;"obs";"0";"2023-02-18"
35103;"RR_obs";;"obs";"0";"2023-02-18"
35104;"RR_obs";;"obs";"0";"2023-02-18"
35111;"RR_obs";;"obs";"0";"2023-02-18"
35112;"RR_obs";;"obs";"0";"2023-02-18"
35113;"RR_obs";;"obs";"0";"2023-02-18"
35114;"RR_obs";;"obs";"0";"2023-02-18"
35115;"RR_obs";;"obs";"0";"2023-02-18"
35121;"RR_obs";;"obs";"0";"2023-02-18"
35131;"RR_obs";;"obs";"0";"2023-02-18"
35132;"RR_obs";;"obs";"0";"2023-02-18"
35133;"RR_obs";;"obs";"0";"2023-02-18"
35141;"RR_obs";;"obs";"0";"2023-02-18"
35142;"RR_obs";;"obs";"0";"2023-02-18"
35143;"RR_obs";;"obs";"0";"2023-02-18"
35151;"RR_obs";;"obs";"0";"2023-02-18"
35152;"RR_obs";;"obs";"0";"2023-02-18"
35153;"RR_obs";;"obs";"0";"2023-02-18"
35154;"RR_obs";;"obs";"0";"2023-02-18"
35155;"RR_obs";2.4091728169;"obs";"2.0-3.0";"2023-02-18"
35156;"RR_obs";2.4091728169;"obs";"2.0-3.0";"2023-02-18"
35157;"RR_obs";;"obs";"0";"2023-02-18"
35161;"RR_obs";;"obs";"0";"2023-02-18"
35162;"RR_obs";;"obs";"0";"2023-02-18"
35163;"RR_obs";;"obs";"0";"2023-02-18"
35171;"RR_obs";;"obs";"0";"2023-02-18"
35172;"RR_obs";;"obs";"0";"2023-02-18"
35173;"RR_obs";;"obs";"0";"2023-02-18"
35174;"RR_obs";;"obs";"0";"2023-02-18"
35011;"RR_casos";;"casos";"0";"2023-01-28"
35012;"RR_casos";;"casos";"0";"2023-01-28"
35013;"RR_casos";;"casos";"0";"2023-01-28"
35014;"RR_casos";;"casos";"0";"2023-01-28"
35015;"RR_casos";;"casos";"0";"2023-01-28"
35016;"RR_casos";;"casos";"0";"2023-01-28"
35021;"RR_casos";;"casos";"0";"2023-01-28"
35022;"RR_casos";;"casos";"0";"2023-01-28"
35023;"RR_casos";;"casos";"0";"2023-01-28"
35031;"RR_casos";;"casos";"0";"2023-01-28"
35032;"RR_casos";;"casos";"0";"2023-01-28"
35033;"RR_casos";;"casos";"0";"2023-01-28"
35034;"RR_casos";;"casos";"0";"2023-01-28"
35041;"RR_casos";;"casos";"0";"2023-01-28"
35051;"RR_casos";;"casos";"0";"2023-01-28"
35052;"RR_casos";;"casos";"0";"2023-01-28"
35061;"RR_casos";;"casos";"0";"2023-01-28"
35062;"RR_casos";;"casos";"0";"2023-01-28"
35063;"RR_casos";2.9646919549;"casos";"2.0-3.0";"2023-01-28"
35064;"RR_casos";;"casos";"0";"2023-01-28"
35065;"RR_casos";;"casos";"0";"2023-01-28"
35071;"RR_casos";;"casos";"0";"2023-01-28"
35072;"RR_casos";1.8131538504;"casos";"1.1-2.0";"2023-01-28"
35073;"RR_casos";;"casos";"0";"2023-01-28"
35074;"RR_casos";;"casos";"0";"2023-01-28"
35081;"RR_casos";;"casos";"0";"2023-01-28"
35082;"RR_casos";;"casos";"0";"2023-01-28"
35083;"RR_casos";;"casos";"0";"2023-01-28"
35091;"RR_casos";;"casos";"0";"2023-01-28"
35092;"RR_casos";;"casos";"0";"2023-01-28"
35093;"RR_casos";2.7252483963;"casos";"2.0-3.0";"2023-01-28"
35094;"RR_casos";;"casos";"0";"2023-01-28"
35095;"RR_casos";;"casos";"0";"2023-01-28"
35101;"RR_casos";;"casos";"0";"2023-01-28"
35102;"RR_casos";;"casos";"0";"2023-01-28"
35103;"RR_casos";2.9646919549;"casos";"2.0-3.0";"2023-01-28"
35104;"RR_casos";;"casos";"0";"2023-01-28"
35111;"RR_casos";;"casos";"0";"2023-01-28"
35112;"RR_casos";;"casos";"0";"2023-01-28"
35113;"RR_casos";;"casos";"0";"2023-01-28"
35114;"RR_casos";;"casos";"0";"2023-01-28"
35115;"RR_casos";;"casos";"0";"2023-01-28"
35121;"RR_casos";;"casos";"0";"2023-01-28"
35131;"RR_casos";;"casos";"0";"2023-01-28"
35132;"RR_casos";1.8626855225;"casos";"1.1-2.0";"2023-01-28"
35133;"RR_casos";;"casos";"0";"2023-01-28"
35141;"RR_casos";;"casos";"0";"2023-01-28"
35142;"RR_casos";;"casos";"0";"2023-01-28"
35143;"RR_casos";;"casos";"0";"2023-01-28"
35151;"RR_casos";2.3718647378;"casos";"2.0-3.0";"2023-01-28"
35152;"RR_casos";;"casos";"0";"2023-01-28"
35153;"RR_casos";;"casos";"0";"2023-01-28"
35154;"RR_casos";;"casos";"0";"2023-01-28"
35155;"RR_casos";2.0773205209;"casos";"2.0-3.0";"2023-01-28"
35156;"RR_casos";;"casos";"0";"2023-01-28"
35157;"RR_casos";;"casos";"0";"2023-01-28"
35161;"RR_casos";;"casos";"0";"2023-01-28"
35162;"RR_casos";;"casos";"0";"2023-01-28"
35163;"RR_casos";;"casos";"0";"2023-01-28"
35171;"RR_casos";;"casos";"0";"2023-01-28"
35172;"RR_casos";;"casos";"0";"2023-01-28"
35173;"RR_casos";;"casos";"0";"2023-01-28"
35174;"RR_casos";;"casos";"0";"2023-01-28"
35011;"RR_Mdn";;"Mdn";"0";"2023-01-28"
35012;"RR_Mdn";;"Mdn";"0";"2023-01-28"
35013;"RR_Mdn";;"Mdn";"0";"2023-01-28"
35014;"RR_Mdn";;"Mdn";"0";"2023-01-28"
35015;"RR_Mdn";;"Mdn";"0";"2023-01-28"
35016;"RR_Mdn";;"Mdn";"0";"2023-01-28"
35021;"RR_Mdn";;"Mdn";"0";"2023-01-28"
35022;"RR_Mdn";;"Mdn";"0";"2023-01-28"
35023;"RR_Mdn";1.5499140418;"Mdn";"1.1-2.0";"2023-01-28"
35031;"RR_Mdn";;"Mdn";"0";"2023-01-28"
35032;"RR_Mdn";;"Mdn";"0";"2023-01-28"
35033;"RR_Mdn";;"Mdn";"0";"2023-01-28"
35034;"RR_Mdn";;"Mdn";"0";"2023-01-28"
35041;"RR_Mdn";1.6767767134;"Mdn";"1.1-2.0";"2023-01-28"
35051;"RR_Mdn";;"Mdn";"0";"2023-01-28"
35052;"RR_Mdn";;"Mdn";"0";"2023-01-28"
35061;"RR_Mdn";;"Mdn";"0";"2023-01-28"
35062;"RR_Mdn";;"Mdn";"0";"2023-01-28"
35063;"RR_Mdn";2.8249479691;"Mdn";"2.0-3.0";"2023-01-28"
35064;"RR_Mdn";2.8249479691;"Mdn";"2.0-3.0";"2023-01-28"
35065;"RR_Mdn";1.5499140418;"Mdn";"1.1-2.0";"2023-01-28"
35071;"RR_Mdn";;"Mdn";"0";"2023-01-28"
35072;"RR_Mdn";;"Mdn";"0";"2023-01-28"
35073;"RR_Mdn";;"Mdn";"0";"2023-01-28"
35074;"RR_Mdn";;"Mdn";"0";"2023-01-28"
35081;"RR_Mdn";;"Mdn";"0";"2023-01-28"
35082;"RR_Mdn";;"Mdn";"0";"2023-01-28"
35083;"RR_Mdn";;"Mdn";"0";"2023-01-28"
35091;"RR_Mdn";;"Mdn";"0";"2023-01-28"
35092;"RR_Mdn";;"Mdn";"0";"2023-01-28"
35093;"RR_Mdn";1.5499140418;"Mdn";"1.1-2.0";"2023-01-28"
35094;"RR_Mdn";;"Mdn";"0";"2023-01-28"
35095;"RR_Mdn";1.5499140418;"Mdn";"1.1-2.0";"2023-01-28"
35101;"RR_Mdn";;"Mdn";"0";"2023-01-28"
35102;"RR_Mdn";;"Mdn";"0";"2023-01-28"
35103;"RR_Mdn";2.8249479691;"Mdn";"2.0-3.0";"2023-01-28"
35104;"RR_Mdn";;"Mdn";"0";"2023-01-28"
35111;"RR_Mdn";2.8231321478;"Mdn";"2.0-3.0";"2023-01-28"
35112;"RR_Mdn";;"Mdn";"0";"2023-01-28"
35113;"RR_Mdn";;"Mdn";"0";"2023-01-28"
35114;"RR_Mdn";;"Mdn";"0";"2023-01-28"
35115;"RR_Mdn";;"Mdn";"0";"2023-01-28"
35121;"RR_Mdn";;"Mdn";"0";"2023-01-28"
35131;"RR_Mdn";;"Mdn";"0";"2023-01-28"
35132;"RR_Mdn";;"Mdn";"0";"2023-01-28"
35133;"RR_Mdn";;"Mdn";"0";"2023-01-28"
35141;"RR_Mdn";;"Mdn";"0";"2023-01-28"
35142;"RR_Mdn";;"Mdn";"0";"2023-01-28"
35143;"RR_Mdn";;"Mdn";"0";"2023-01-28"
35151;"RR_Mdn";1.5499140418;"Mdn";"1.1-2.0";"2023-01-28"
35152;"RR_Mdn";;"Mdn";"0";"2023-01-28"
35153;"RR_Mdn";;"Mdn";"0";"2023-01-28"
35154;"RR_Mdn";;"Mdn";"0";"2023-01-28"
35155;"RR_Mdn";;"Mdn";"0";"2023-01-28"
35156;"RR_Mdn";1.5499140418;"Mdn";"1.1-2.0";"2023-01-28"
35157;"RR_Mdn";;"Mdn";"0";"2023-01-28"
35161;"RR_Mdn";;"Mdn";"0";"2023-01-28"
35162;"RR_Mdn";;"Mdn";"0";"2023-01-28"
35163;"RR_Mdn";;"Mdn";"0";"2023-01-28"
35171;"RR_Mdn";;"Mdn";"0";"2023-01-28"
35172;"RR_Mdn";;"Mdn";"0";"2023-01-28"
35173;"RR_Mdn";;"Mdn";"0";"2023-01-28"
35174;"RR_Mdn";4.1064070869;"Mdn";">3";"2023-01-28"
35011;"RR_Mdn_mv";;"Mdn_mv";"0";"2023-01-28"
35012;"RR_Mdn_mv";;"Mdn_mv";"0";"2023-01-28"
35013;"RR_Mdn_mv";;"Mdn_mv";"0";"2023-01-28"
35014;"RR_Mdn_mv";;"Mdn_mv";"0";"2023-01-28"
35015;"RR_Mdn_mv";;"Mdn_mv";"0";"2023-01-28"
35016;"RR_Mdn_mv";;"Mdn_mv";"0";"2023-01-28"
35021;"RR_Mdn_mv";;"Mdn_mv";"0";"2023-01-28"
35022;"RR_Mdn_mv";;"Mdn_mv";"0";"2023-01-28"
35023;"RR_Mdn_mv";1.5888604903;"Mdn_mv";"1.1-2.0";"2023-01-28"
35031;"RR_Mdn_mv";;"Mdn_mv";"0";"2023-01-28"
35032;"RR_Mdn_mv";1.5888604903;"Mdn_mv";"1.1-2.0";"2023-01-28"
35033;"RR_Mdn_mv";;"Mdn_mv";"0";"2023-01-28"
35034;"RR_Mdn_mv";;"Mdn_mv";"0";"2023-01-28"
35041;"RR_Mdn_mv";1.4974628857;"Mdn_mv";"1.1-2.0";"2023-01-28"
35051;"RR_Mdn_mv";;"Mdn_mv";"0";"2023-01-28"
35052;"RR_Mdn_mv";;"Mdn_mv";"0";"2023-01-28"
35061;"RR_Mdn_mv";;"Mdn_mv";"0";"2023-01-28"
35062;"RR_Mdn_mv";;"Mdn_mv";"0";"2023-01-28"
35063;"RR_Mdn_mv";2.3653701177;"Mdn_mv";"2.0-3.0";"2023-01-28"
35064;"RR_Mdn_mv";2.3653701177;"Mdn_mv";"2.0-3.0";"2023-01-28"
35065;"RR_Mdn_mv";1.5888604903;"Mdn_mv";"1.1-2.0";"2023-01-28"
35071;"RR_Mdn_mv";;"Mdn_mv";"0";"2023-01-28"
35072;"RR_Mdn_mv";;"Mdn_mv";"0";"2023-01-28"
35073;"RR_Mdn_mv";;"Mdn_mv";"0";"2023-01-28"
35074;"RR_Mdn_mv";;"Mdn_mv";"0";"2023-01-28"
35081;"RR_Mdn_mv";;"Mdn_mv";"0";"2023-01-28"
35082;"RR_Mdn_mv";;"Mdn_mv";"0";"2023-01-28"
35083;"RR_Mdn_mv";;"Mdn_mv";"0";"2023-01-28"
35091;"RR_Mdn_mv";;"Mdn_mv";"0";"2023-01-28"
35092;"RR_Mdn_mv";;"Mdn_mv";"0";"2023-01-28"
35093;"RR_Mdn_mv";1.5888604903;"Mdn_mv";"1.1-2.0";"2023-01-28"
35094;"RR_Mdn_mv";;"Mdn_mv";"0";"2023-01-28"
35095;"RR_Mdn_mv";1.5888604903;"Mdn_mv";"1.1-2.0";"2023-01-28"
35101;"RR_Mdn_mv";;"Mdn_mv";"0";"2023-01-28"
35102;"RR_Mdn_mv";;"Mdn_mv";"0";"2023-01-28"
35103;"RR_Mdn_mv";2.3653701177;"Mdn_mv";"2.0-3.0";"2023-01-28"
35104;"RR_Mdn_mv";;"Mdn_mv";"0";"2023-01-28"
35111;"RR_Mdn_mv";;"Mdn_mv";"0";"2023-01-28"
35112;"RR_Mdn_mv";;"Mdn_mv";"0";"2023-01-28"
35113;"RR_Mdn_mv";;"Mdn_mv";"0";"2023-01-28"
35114;"RR_Mdn_mv";;"Mdn_mv";"0";"2023-01-28"
35115;"RR_Mdn_mv";;"Mdn_mv";"0";"2023-01-28"
35121;"RR_Mdn_mv";;"Mdn_mv";"0";"2023-01-28"
35131;"RR_Mdn_mv";;"Mdn_mv";"0";"2023-01-28"
35132;"RR_Mdn_mv";;"Mdn_mv";"0";"2023-01-28"
35133;"RR_Mdn_mv";;"Mdn_mv";"0";"2023-01-28"
35141;"RR_Mdn_mv";;"Mdn_mv";"0";"2023-01-28"
35142;"RR_Mdn_mv";;"Mdn_mv";"0";"2023-01-28"
35143;"RR_Mdn_mv";;"Mdn_mv";"0";"2023-01-28"
35151;"RR_Mdn_mv";1.5888604903;"Mdn_mv";"1.1-2.0";"2023-01-28"
35152;"RR_Mdn_mv";;"Mdn_mv";"0";"2023-01-28"
35153;"RR_Mdn_mv";;"Mdn_mv";"0";"2023-01-28"
35154;"RR_Mdn_mv";;"Mdn_mv";"0";"2023-01-28"
35155;"RR_Mdn_mv";;"Mdn_mv";"0";"2023-01-28"
35156;"RR_Mdn_mv";1.5888604903;"Mdn_mv";"1.1-2.0";"2023-01-28"
35157;"RR_Mdn_mv";;"Mdn_mv";"0";"2023-01-28"
35161;"RR_Mdn_mv";;"Mdn_mv";"0";"2023-01-28"
35162;"RR_Mdn_mv";;"Mdn_mv";"0";"2023-01-28"
35163;"RR_Mdn_mv";;"Mdn_mv";"0";"2023-01-28"
35171;"RR_Mdn_mv";;"Mdn_mv";"0";"2023-01-28"
35172;"RR_Mdn_mv";;"Mdn_mv";"0";"2023-01-28"
35173;"RR_Mdn_mv";;"Mdn_mv";"0";"2023-01-28"
35174;"RR_Mdn_mv";3.8620217196;"Mdn_mv";">3";"2023-01-28"
35011;"RR_obs";;"obs";"0";"2023-01-28"
35012;"RR_obs";;"obs";"0";"2023-01-28"
35013;"RR_obs";;"obs";"0";"2023-01-28"
35014;"RR_obs";;"obs";"0";"2023-01-28"
35015;"RR_obs";;"obs";"0";"2023-01-28"
35016;"RR_obs";;"obs";"0";"2023-01-28"
35021;"RR_obs";;"obs";"0";"2023-01-28"
35022;"RR_obs";;"obs";"0";"2023-01-28"
35023;"RR_obs";;"obs";"0";"2023-01-28"
35031;"RR_obs";;"obs";"0";"2023-01-28"
35032;"RR_obs";;"obs";"0";"2023-01-28"
35033;"RR_obs";;"obs";"0";"2023-01-28"
35034;"RR_obs";;"obs";"0";"2023-01-28"
35041;"RR_obs";;"obs";"0";"2023-01-28"
35051;"RR_obs";;"obs";"0";"2023-01-28"
35052;"RR_obs";;"obs";"0";"2023-01-28"
35061;"RR_obs";;"obs";"0";"2023-01-28"
35062;"RR_obs";;"obs";"0";"2023-01-28"
35063;"RR_obs";2.119813464;"obs";"2.0-3.0";"2023-01-28"
35064;"RR_obs";;"obs";"0";"2023-01-28"
35065;"RR_obs";;"obs";"0";"2023-01-28"
35071;"RR_obs";;"obs";"0";"2023-01-28"
35072;"RR_obs";;"obs";"0";"2023-01-28"
35073;"RR_obs";;"obs";"0";"2023-01-28"
35074;"RR_obs";;"obs";"0";"2023-01-28"
35081;"RR_obs";;"obs";"0";"2023-01-28"
35082;"RR_obs";;"obs";"0";"2023-01-28"
35083;"RR_obs";;"obs";"0";"2023-01-28"
35091;"RR_obs";;"obs";"0";"2023-01-28"
35092;"RR_obs";;"obs";"0";"2023-01-28"
35093;"RR_obs";;"obs";"0";"2023-01-28"
35094;"RR_obs";;"obs";"0";"2023-01-28"
35095;"RR_obs";;"obs";"0";"2023-01-28"
35101;"RR_obs";;"obs";"0";"2023-01-28"
35102;"RR_obs";;"obs";"0";"2023-01-28"
35103;"RR_obs";2.119813464;"obs";"2.0-3.0";"2023-01-28"
35104;"RR_obs";;"obs";"0";"2023-01-28"
35111;"RR_obs";;"obs";"0";"2023-01-28"
35112;"RR_obs";;"obs";"0";"2023-01-28"
35113;"RR_obs";;"obs";"0";"2023-01-28"
35114;"RR_obs";;"obs";"0";"2023-01-28"
35115;"RR_obs";;"obs";"0";"2023-01-28"
35121;"RR_obs";;"obs";"0";"2023-01-28"
35131;"RR_obs";;"obs";"0";"2023-01-28"
35132;"RR_obs";;"obs";"0";"2023-01-28"
35133;"RR_obs";;"obs";"0";"2023-01-28"
35141;"RR_obs";;"obs";"0";"2023-01-28"
35142;"RR_obs";;"obs";"0";"2023-01-28"
35143;"RR_obs";;"obs";"0";"2023-01-28"
35151;"RR_obs";;"obs";"0";"2023-01-28"
35152;"RR_obs";;"obs";"0";"2023-01-28"
35153;"RR_obs";;"obs";"0";"2023-01-28"
35154;"RR_obs";;"obs";"0";"2023-01-28"
35155;"RR_obs";;"obs";"0";"2023-01-28"
35156;"RR_obs";;"obs";"0";"2023-01-28"
35157;"RR_obs";;"obs";"0";"2023-01-28"
35161;"RR_obs";;"obs";"0";"2023-01-28"
35162;"RR_obs";;"obs";"0";"2023-01-28"
35163;"RR_obs";;"obs";"0";"2023-01-28"
35171;"RR_obs";;"obs";"0";"2023-01-28"
35172;"RR_obs";;"obs";"0";"2023-01-28"
35173;"RR_obs";;"obs";"0";"2023-01-28"
35174;"RR_obs";;"obs";"0";"2023-01-28"
35011;"RR_casos";;"casos";"0";"2022-12-10"
35012;"RR_casos";;"casos";"0";"2022-12-10"
35013;"RR_casos";;"casos";"0";"2022-12-10"
35014;"RR_casos";;"casos";"0";"2022-12-10"
35015;"RR_casos";;"casos";"0";"2022-12-10"
35016;"RR_casos";;"casos";"0";"2022-12-10"
35021;"RR_casos";1.9392112866;"casos";"1.1-2.0";"2022-12-10"
35022;"RR_casos";1.9392112866;"casos";"1.1-2.0";"2022-12-10"
35023;"RR_casos";1.9392112866;"casos";"1.1-2.0";"2022-12-10"
35031;"RR_casos";;"casos";"0";"2022-12-10"
35032;"RR_casos";;"casos";"0";"2022-12-10"
35033;"RR_casos";;"casos";"0";"2022-12-10"
35034;"RR_casos";;"casos";"0";"2022-12-10"
35041;"RR_casos";;"casos";"0";"2022-12-10"
35051;"RR_casos";;"casos";"0";"2022-12-10"
35052;"RR_casos";;"casos";"0";"2022-12-10"
35061;"RR_casos";;"casos";"0";"2022-12-10"
35062;"RR_casos";;"casos";"0";"2022-12-10"
35063;"RR_casos";1.5683130107;"casos";"1.1-2.0";"2022-12-10"
35064;"RR_casos";1.5683130107;"casos";"1.1-2.0";"2022-12-10"
35065;"RR_casos";1.9392112866;"casos";"1.1-2.0";"2022-12-10"
35071;"RR_casos";;"casos";"0";"2022-12-10"
35072;"RR_casos";1.4509467273;"casos";"1.1-2.0";"2022-12-10"
35073;"RR_casos";;"casos";"0";"2022-12-10"
35074;"RR_casos";;"casos";"0";"2022-12-10"
35081;"RR_casos";;"casos";"0";"2022-12-10"
35082;"RR_casos";;"casos";"0";"2022-12-10"
35083;"RR_casos";;"casos";"0";"2022-12-10"
35091;"RR_casos";1.9392112866;"casos";"1.1-2.0";"2022-12-10"
35092;"RR_casos";;"casos";"0";"2022-12-10"
35093;"RR_casos";1.9392112866;"casos";"1.1-2.0";"2022-12-10"
35094;"RR_casos";;"casos";"0";"2022-12-10"
35095;"RR_casos";1.9392112866;"casos";"1.1-2.0";"2022-12-10"
35101;"RR_casos";;"casos";"0";"2022-12-10"
35102;"RR_casos";;"casos";"0";"2022-12-10"
35103;"RR_casos";1.5683130107;"casos";"1.1-2.0";"2022-12-10"
35104;"RR_casos";;"casos";"0";"2022-12-10"
35111;"RR_casos";;"casos";"0";"2022-12-10"
35112;"RR_casos";;"casos";"0";"2022-12-10"
35113;"RR_casos";;"casos";"0";"2022-12-10"
35114;"RR_casos";;"casos";"0";"2022-12-10"
35115;"RR_casos";;"casos";"0";"2022-12-10"
35121;"RR_casos";;"casos";"0";"2022-12-10"
35131;"RR_casos";;"casos";"0";"2022-12-10"
35132;"RR_casos";1.6138001699;"casos";"1.1-2.0";"2022-12-10"
35133;"RR_casos";;"casos";"0";"2022-12-10"
35141;"RR_casos";;"casos";"0";"2022-12-10"
35142;"RR_casos";;"casos";"0";"2022-12-10"
35143;"RR_casos";;"casos";"0";"2022-12-10"
35151;"RR_casos";1.9392112866;"casos";"1.1-2.0";"2022-12-10"
35152;"RR_casos";;"casos";"0";"2022-12-10"
35153;"RR_casos";;"casos";"0";"2022-12-10"
35154;"RR_casos";;"casos";"0";"2022-12-10"
35155;"RR_casos";1.9392112866;"casos";"1.1-2.0";"2022-12-10"
35156;"RR_casos";1.9392112866;"casos";"1.1-2.0";"2022-12-10"
35157;"RR_casos";1.9392112866;"casos";"1.1-2.0";"2022-12-10"
35161;"RR_casos";;"casos";"0";"2022-12-10"
35162;"RR_casos";;"casos";"0";"2022-12-10"
35163;"RR_casos";;"casos";"0";"2022-12-10"
35171;"RR_casos";1.4996619095;"casos";"1.1-2.0";"2022-12-10"
35172;"RR_casos";1.4996619095;"casos";"1.1-2.0";"2022-12-10"
35173;"RR_casos";1.4996619095;"casos";"1.1-2.0";"2022-12-10"
35174;"RR_casos";1.4996619095;"casos";"1.1-2.0";"2022-12-10"
35011;"RR_Mdn";;"Mdn";"0";"2022-12-10"
35012;"RR_Mdn";;"Mdn";"0";"2022-12-10"
35013;"RR_Mdn";;"Mdn";"0";"2022-12-10"
35014;"RR_Mdn";;"Mdn";"0";"2022-12-10"
35015;"RR_Mdn";;"Mdn";"0";"2022-12-10"
35016;"RR_Mdn";;"Mdn";"0";"2022-12-10"
35021;"RR_Mdn";3.9563492775;"Mdn";">3";"2022-12-10"
35022;"RR_Mdn";;"Mdn";"0";"2022-12-10"
35023;"RR_Mdn";;"Mdn";"0";"2022-12-10"
35031;"RR_Mdn";1.5896437222;"Mdn";"1.1-2.0";"2022-12-10"
35032;"RR_Mdn";3.0066663466;"Mdn";">3";"2022-12-10"
35033;"RR_Mdn";;"Mdn";"0";"2022-12-10"
35034;"RR_Mdn";1.5896437222;"Mdn";"1.1-2.0";"2022-12-10"
35041;"RR_Mdn";;"Mdn";"0";"2022-12-10"
35051;"RR_Mdn";1.5612322822;"Mdn";"1.1-2.0";"2022-12-10"
35052;"RR_Mdn";1.5612322822;"Mdn";"1.1-2.0";"2022-12-10"
35061;"RR_Mdn";2.2968970241;"Mdn";"2.0-3.0";"2022-12-10"
35062;"RR_Mdn";;"Mdn";"0";"2022-12-10"
35063;"RR_Mdn";2.2968970241;"Mdn";"2.0-3.0";"2022-12-10"
35064;"RR_Mdn";1.5896437222;"Mdn";"1.1-2.0";"2022-12-10"
35065;"RR_Mdn";;"Mdn";"0";"2022-12-10"
35071;"RR_Mdn";;"Mdn";"0";"2022-12-10"
35072;"RR_Mdn";;"Mdn";"0";"2022-12-10"
35073;"RR_Mdn";;"Mdn";"0";"2022-12-10"
35074;"RR_Mdn";2.2155802919;"Mdn";"2.0-3.0";"2022-12-10"
35081;"RR_Mdn";;"Mdn";"0";"2022-12-10"
35082;"RR_Mdn";1.5612322822;"Mdn";"1.1-2.0";"2022-12-10"
35083;"RR_Mdn";;"Mdn";"0";"2022-12-10"
35091;"RR_Mdn";;"Mdn";"0";"2022-12-10"
35092;"RR_Mdn";;"Mdn";"0";"2022-12-10"
35093;"RR_Mdn";;"Mdn";"0";"2022-12-10"
35094;"RR_Mdn";2.2968970241;"Mdn";"2.0-3.0";"2022-12-10"
35095;"RR_Mdn";;"Mdn";"0";"2022-12-10"
35101;"RR_Mdn";;"Mdn";"0";"2022-12-10"
35102;"RR_Mdn";;"Mdn";"0";"2022-12-10"
35103;"RR_Mdn";;"Mdn";"0";"2022-12-10"
35104;"RR_Mdn";6.9193542395;"Mdn";">3";"2022-12-10"
35111;"RR_Mdn";;"Mdn";"0";"2022-12-10"
35112;"RR_Mdn";;"Mdn";"0";"2022-12-10"
35113;"RR_Mdn";;"Mdn";"0";"2022-12-10"
35114;"RR_Mdn";;"Mdn";"0";"2022-12-10"
35115;"RR_Mdn";;"Mdn";"0";"2022-12-10"
35121;"RR_Mdn";;"Mdn";"0";"2022-12-10"
35131;"RR_Mdn";1.5612322822;"Mdn";"1.1-2.0";"2022-12-10"
35132;"RR_Mdn";1.5582527068;"Mdn";"1.1-2.0";"2022-12-10"
35133;"RR_Mdn";1.5582527068;"Mdn";"1.1-2.0";"2022-12-10"
35141;"RR_Mdn";2.2155802919;"Mdn";"2.0-3.0";"2022-12-10"
35142;"RR_Mdn";2.2155802919;"Mdn";"2.0-3.0";"2022-12-10"
35143;"RR_Mdn";8.3109936148;"Mdn";">3";"2022-12-10"
35151;"RR_Mdn";3.0066663466;"Mdn";">3";"2022-12-10"
35152;"RR_Mdn";1.642137323;"Mdn";"1.1-2.0";"2022-12-10"
35153;"RR_Mdn";1.642137323;"Mdn";"1.1-2.0";"2022-12-10"
35154;"RR_Mdn";1.642137323;"Mdn";"1.1-2.0";"2022-12-10"
35155;"RR_Mdn";1.642137323;"Mdn";"1.1-2.0";"2022-12-10"
35156;"RR_Mdn";;"Mdn";"0";"2022-12-10"
35157;"RR_Mdn";1.642137323;"Mdn";"1.1-2.0";"2022-12-10"
35161;"RR_Mdn";;"Mdn";"0";"2022-12-10"
35162;"RR_Mdn";;"Mdn";"0";"2022-12-10"
35163;"RR_Mdn";;"Mdn";"0";"2022-12-10"
35171;"RR_Mdn";2.0020284047;"Mdn";"2.0-3.0";"2022-12-10"
35172;"RR_Mdn";2.4107598866;"Mdn";"2.0-3.0";"2022-12-10"
35173;"RR_Mdn";2.2248645188;"Mdn";"2.0-3.0";"2022-12-10"
35174;"RR_Mdn";;"Mdn";"0";"2022-12-10"
35011;"RR_Mdn_mv";;"Mdn_mv";"0";"2022-12-10"
35012;"RR_Mdn_mv";;"Mdn_mv";"0";"2022-12-10"
35013;"RR_Mdn_mv";;"Mdn_mv";"0";"2022-12-10"
35014;"RR_Mdn_mv";;"Mdn_mv";"0";"2022-12-10"
35015;"RR_Mdn_mv";;"Mdn_mv";"0";"2022-12-10"
35016;"RR_Mdn_mv";;"Mdn_mv";"0";"2022-12-10"
35021;"RR_Mdn_mv";1.5860786763;"Mdn_mv";"1.1-2.0";"2022-12-10"
35022;"RR_Mdn_mv";;"Mdn_mv";"0";"2022-12-10"
35023;"RR_Mdn_mv";1.5860786763;"Mdn_mv";"1.1-2.0";"2022-12-10"
35031;"RR_Mdn_mv";;"Mdn_mv";"0";"2022-12-10"
35032;"RR_Mdn_mv";1.5860786763;"Mdn_mv";"1.1-2.0";"2022-12-10"
35033;"RR_Mdn_mv";;"Mdn_mv";"0";"2022-12-10"
35034;"RR_Mdn_mv";;"Mdn_mv";"0";"2022-12-10"
35041;"RR_Mdn_mv";;"Mdn_mv";"0";"2022-12-10"
35051;"RR_Mdn_mv";1.5860786763;"Mdn_mv";"1.1-2.0";"2022-12-10"
35052;"RR_Mdn_mv";;"Mdn_mv";"0";"2022-12-10"
35061;"RR_Mdn_mv";1.8688327819;"Mdn_mv";"1.1-2.0";"2022-12-10"
35062;"RR_Mdn_mv";;"Mdn_mv";"0";"2022-12-10"
35063;"RR_Mdn_mv";1.8688327819;"Mdn_mv";"1.1-2.0";"2022-12-10"
35064;"RR_Mdn_mv";;"Mdn_mv";"0";"2022-12-10"
35065;"RR_Mdn_mv";1.5860786763;"Mdn_mv";"1.1-2.0";"2022-12-10"
35071;"RR_Mdn_mv";;"Mdn_mv";"0";"2022-12-10"
35072;"RR_Mdn_mv";;"Mdn_mv";"0";"2022-12-10"
35073;"RR_Mdn_mv";;"Mdn_mv";"0";"2022-12-10"
35074;"RR_Mdn_mv";1.5734694211;"Mdn_mv";"1.1-2.0";"2022-12-10"
35081;"RR_Mdn_mv";1.7454136348;"Mdn_mv";"1.1-2.0";"2022-12-10"
35082;"RR_Mdn_mv";1.7454136348;"Mdn_mv";"1.1-2.0";"2022-12-10"
35083;"RR_Mdn_mv";;"Mdn_mv";"0";"2022-12-10"
35091;"RR_Mdn_mv";;"Mdn_mv";"0";"2022-12-10"
35092;"RR_Mdn_mv";;"Mdn_mv";"0";"2022-12-10"
35093;"RR_Mdn_mv";1.5860786763;"Mdn_mv";"1.1-2.0";"2022-12-10"
35094;"RR_Mdn_mv";1.8688327819;"Mdn_mv";"1.1-2.0";"2022-12-10"
35095;"RR_Mdn_mv";1.5860786763;"Mdn_mv";"1.1-2.0";"2022-12-10"
35101;"RR_Mdn_mv";;"Mdn_mv";"0";"2022-12-10"
35102;"RR_Mdn_mv";;"Mdn_mv";"0";"2022-12-10"
35103;"RR_Mdn_mv";;"Mdn_mv";"0";"2022-12-10"
35104;"RR_Mdn_mv";4.6037984018;"Mdn_mv";">3";"2022-12-10"
35111;"RR_Mdn_mv";;"Mdn_mv";"0";"2022-12-10"
35112;"RR_Mdn_mv";;"Mdn_mv";"0";"2022-12-10"
35113;"RR_Mdn_mv";;"Mdn_mv";"0";"2022-12-10"
35114;"RR_Mdn_mv";;"Mdn_mv";"0";"2022-12-10"
35115;"RR_Mdn_mv";;"Mdn_mv";"0";"2022-12-10"
35121;"RR_Mdn_mv";;"Mdn_mv";"0";"2022-12-10"
35131;"RR_Mdn_mv";;"Mdn_mv";"0";"2022-12-10"
35132;"RR_Mdn_mv";1.7454136348;"Mdn_mv";"1.1-2.0";"2022-12-10"
35133;"RR_Mdn_mv";1.7454136348;"Mdn_mv";"1.1-2.0";"2022-12-10"
35141;"RR_Mdn_mv";1.5734694211;"Mdn_mv";"1.1-2.0";"2022-12-10"
35142;"RR_Mdn_mv";1.5734694211;"Mdn_mv";"1.1-2.0";"2022-12-10"
35143;"RR_Mdn_mv";1.7454136348;"Mdn_mv";"1.1-2.0";"2022-12-10"
35151;"RR_Mdn_mv";1.5860786763;"Mdn_mv";"1.1-2.0";"2022-12-10"
35152;"RR_Mdn_mv";;"Mdn_mv";"0";"2022-12-10"
35153;"RR_Mdn_mv";1.5860786763;"Mdn_mv";"1.1-2.0";"2022-12-10"
35154;"RR_Mdn_mv";1.5860786763;"Mdn_mv";"1.1-2.0";"2022-12-10"
35155;"RR_Mdn_mv";1.5860786763;"Mdn_mv";"1.1-2.0";"2022-12-10"
35156;"RR_Mdn_mv";1.5860786763;"Mdn_mv";"1.1-2.0";"2022-12-10"
35157;"RR_Mdn_mv";1.5860786763;"Mdn_mv";"1.1-2.0";"2022-12-10"
35161;"RR_Mdn_mv";;"Mdn_mv";"0";"2022-12-10"
35162;"RR_Mdn_mv";;"Mdn_mv";"0";"2022-12-10"
35163;"RR_Mdn_mv";;"Mdn_mv";"0";"2022-12-10"
35171;"RR_Mdn_mv";1.8529669475;"Mdn_mv";"1.1-2.0";"2022-12-10"
35172;"RR_Mdn_mv";;"Mdn_mv";"0";"2022-12-10"
35173;"RR_Mdn_mv";;"Mdn_mv";"0";"2022-12-10"
35174;"RR_Mdn_mv";;"Mdn_mv";"0";"2022-12-10"
35011;"RR_obs";;"obs";"0";"2022-12-10"
35012;"RR_obs";;"obs";"0";"2022-12-10"
35013;"RR_obs";;"obs";"0";"2022-12-10"
35014;"RR_obs";;"obs";"0";"2022-12-10"
35015;"RR_obs";;"obs";"0";"2022-12-10"
35016;"RR_obs";;"obs";"0";"2022-12-10"
35021;"RR_obs";;"obs";"0";"2022-12-10"
35022;"RR_obs";;"obs";"0";"2022-12-10"
35023;"RR_obs";;"obs";"0";"2022-12-10"
35031;"RR_obs";;"obs";"0";"2022-12-10"
35032;"RR_obs";;"obs";"0";"2022-12-10"
35033;"RR_obs";;"obs";"0";"2022-12-10"
35034;"RR_obs";;"obs";"0";"2022-12-10"
35041;"RR_obs";;"obs";"0";"2022-12-10"
35051;"RR_obs";;"obs";"0";"2022-12-10"
35052;"RR_obs";;"obs";"0";"2022-12-10"
35061;"RR_obs";;"obs";"0";"2022-12-10"
35062;"RR_obs";;"obs";"0";"2022-12-10"
35063;"RR_obs";;"obs";"0";"2022-12-10"
35064;"RR_obs";;"obs";"0";"2022-12-10"
35065;"RR_obs";;"obs";"0";"2022-12-10"
35071;"RR_obs";;"obs";"0";"2022-12-10"
35072;"RR_obs";;"obs";"0";"2022-12-10"
35073;"RR_obs";;"obs";"0";"2022-12-10"
35074;"RR_obs";;"obs";"0";"2022-12-10"
35081;"RR_obs";;"obs";"0";"2022-12-10"
35082;"RR_obs";;"obs";"0";"2022-12-10"
35083;"RR_obs";;"obs";"0";"2022-12-10"
35091;"RR_obs";;"obs";"0";"2022-12-10"
35092;"RR_obs";;"obs";"0";"2022-12-10"
35093;"RR_obs";;"obs";"0";"2022-12-10"
35094;"RR_obs";;"obs";"0";"2022-12-10"
35095;"RR_obs";;"obs";"0";"2022-12-10"
35101;"RR_obs";;"obs";"0";"2022-12-10"
35102;"RR_obs";;"obs";"0";"2022-12-10"
35103;"RR_obs";;"obs";"0";"2022-12-10"
35104;"RR_obs";;"obs";"0";"2022-12-10"
35111;"RR_obs";;"obs";"0";"2022-12-10"
35112;"RR_obs";;"obs";"0";"2022-12-10"
35113;"RR_obs";;"obs";"0";"2022-12-10"
35114;"RR_obs";;"obs";"0";"2022-12-10"
35115;"RR_obs";;"obs";"0";"2022-12-10"
35121;"RR_obs";;"obs";"0";"2022-12-10"
35131;"RR_obs";;"obs";"0";"2022-12-10"
35132;"RR_obs";;"obs";"0";"2022-12-10"
35133;"RR_obs";;"obs";"0";"2022-12-10"
35141;"RR_obs";;"obs";"0";"2022-12-10"
35142;"RR_obs";;"obs";"0";"2022-12-10"
35143;"RR_obs";;"obs";"0";"2022-12-10"
35151;"RR_obs";;"obs";"0";"2022-12-10"
35152;"RR_obs";;"obs";"0";"2022-12-10"
35153;"RR_obs";;"obs";"0";"2022-12-10"
35154;"RR_obs";;"obs";"0";"2022-12-10"
35155;"RR_obs";;"obs";"0";"2022-12-10"
35156;"RR_obs";;"obs";"0";"2022-12-10"
35157;"RR_obs";;"obs";"0";"2022-12-10"
35161;"RR_obs";;"obs";"0";"2022-12-10"
35162;"RR_obs";;"obs";"0";"2022-12-10"
35163;"RR_obs";;"obs";"0";"2022-12-10"
35171;"RR_obs";;"obs";"0";"2022-12-10"
35172;"RR_obs";;"obs";"0";"2022-12-10"
35173;"RR_obs";;"obs";"0";"2022-12-10"
35174;"RR_obs";;"obs";"0";"2022-12-10"
35011;"RR_casos";2.0137796178;"casos";"2.0-3.0";"2022-11-05"
35012;"RR_casos";;"casos";"0";"2022-11-05"
35013;"RR_casos";1.557147518;"casos";"1.1-2.0";"2022-11-05"
35014;"RR_casos";1.557147518;"casos";"1.1-2.0";"2022-11-05"
35015;"RR_casos";2.0137796178;"casos";"2.0-3.0";"2022-11-05"
35016;"RR_casos";2.7407053662;"casos";"2.0-3.0";"2022-11-05"
35021;"RR_casos";;"casos";"0";"2022-11-05"
35022;"RR_casos";;"casos";"0";"2022-11-05"
35023;"RR_casos";;"casos";"0";"2022-11-05"
35031;"RR_casos";;"casos";"0";"2022-11-05"
35032;"RR_casos";;"casos";"0";"2022-11-05"
35033;"RR_casos";;"casos";"0";"2022-11-05"
35034;"RR_casos";;"casos";"0";"2022-11-05"
35041;"RR_casos";;"casos";"0";"2022-11-05"
35051;"RR_casos";;"casos";"0";"2022-11-05"
35052;"RR_casos";;"casos";"0";"2022-11-05"
35061;"RR_casos";;"casos";"0";"2022-11-05"
35062;"RR_casos";;"casos";"0";"2022-11-05"
35063;"RR_casos";3.4222327333;"casos";">3";"2022-11-05"
35064;"RR_casos";;"casos";"0";"2022-11-05"
35065;"RR_casos";;"casos";"0";"2022-11-05"
35071;"RR_casos";;"casos";"0";"2022-11-05"
35072;"RR_casos";1.4303258399;"casos";"1.1-2.0";"2022-11-05"
35073;"RR_casos";;"casos";"0";"2022-11-05"
35074;"RR_casos";;"casos";"0";"2022-11-05"
35081;"RR_casos";;"casos";"0";"2022-11-05"
35082;"RR_casos";;"casos";"0";"2022-11-05"
35083;"RR_casos";;"casos";"0";"2022-11-05"
35091;"RR_casos";;"casos";"0";"2022-11-05"
35092;"RR_casos";;"casos";"0";"2022-11-05"
35093;"RR_casos";2.5063554713;"casos";"2.0-3.0";"2022-11-05"
35094;"RR_casos";;"casos";"0";"2022-11-05"
35095;"RR_casos";;"casos";"0";"2022-11-05"
35101;"RR_casos";;"casos";"0";"2022-11-05"
35102;"RR_casos";;"casos";"0";"2022-11-05"
35103;"RR_casos";;"casos";"0";"2022-11-05"
35104;"RR_casos";;"casos";"0";"2022-11-05"
35111;"RR_casos";;"casos";"0";"2022-11-05"
35112;"RR_casos";;"casos";"0";"2022-11-05"
35113;"RR_casos";;"casos";"0";"2022-11-05"
35114;"RR_casos";;"casos";"0";"2022-11-05"
35115;"RR_casos";;"casos";"0";"2022-11-05"
35121;"RR_casos";;"casos";"0";"2022-11-05"
35131;"RR_casos";;"casos";"0";"2022-11-05"
35132;"RR_casos";;"casos";"0";"2022-11-05"
35133;"RR_casos";;"casos";"0";"2022-11-05"
35141;"RR_casos";;"casos";"0";"2022-11-05"
35142;"RR_casos";;"casos";"0";"2022-11-05"
35143;"RR_casos";;"casos";"0";"2022-11-05"
35151;"RR_casos";;"casos";"0";"2022-11-05"
35152;"RR_casos";;"casos";"0";"2022-11-05"
35153;"RR_casos";;"casos";"0";"2022-11-05"
35154;"RR_casos";;"casos";"0";"2022-11-05"
35155;"RR_casos";1.7615603743;"casos";"1.1-2.0";"2022-11-05"
35156;"RR_casos";1.7615603743;"casos";"1.1-2.0";"2022-11-05"
35157;"RR_casos";;"casos";"0";"2022-11-05"
35161;"RR_casos";;"casos";"0";"2022-11-05"
35162;"RR_casos";;"casos";"0";"2022-11-05"
35163;"RR_casos";;"casos";"0";"2022-11-05"
35171;"RR_casos";2.0137796178;"casos";"2.0-3.0";"2022-11-05"
35172;"RR_casos";;"casos";"0";"2022-11-05"
35173;"RR_casos";;"casos";"0";"2022-11-05"
35174;"RR_casos";;"casos";"0";"2022-11-05"
35011;"RR_Mdn";;"Mdn";"0";"2022-11-05"
35012;"RR_Mdn";;"Mdn";"0";"2022-11-05"
35013;"RR_Mdn";;"Mdn";"0";"2022-11-05"
35014;"RR_Mdn";;"Mdn";"0";"2022-11-05"
35015;"RR_Mdn";;"Mdn";"0";"2022-11-05"
35016;"RR_Mdn";1.5780810341;"Mdn";"1.1-2.0";"2022-11-05"
35021;"RR_Mdn";;"Mdn";"0";"2022-11-05"
35022;"RR_Mdn";;"Mdn";"0";"2022-11-05"
35023;"RR_Mdn";;"Mdn";"0";"2022-11-05"
35031;"RR_Mdn";;"Mdn";"0";"2022-11-05"
35032;"RR_Mdn";;"Mdn";"0";"2022-11-05"
35033;"RR_Mdn";;"Mdn";"0";"2022-11-05"
35034;"RR_Mdn";;"Mdn";"0";"2022-11-05"
35041;"RR_Mdn";;"Mdn";"0";"2022-11-05"
35051;"RR_Mdn";;"Mdn";"0";"2022-11-05"
35052;"RR_Mdn";;"Mdn";"0";"2022-11-05"
35061;"RR_Mdn";;"Mdn";"0";"2022-11-05"
35062;"RR_Mdn";;"Mdn";"0";"2022-11-05"
35063;"RR_Mdn";3.9250131841;"Mdn";">3";"2022-11-05"
35064;"RR_Mdn";;"Mdn";"0";"2022-11-05"
35065;"RR_Mdn";;"Mdn";"0";"2022-11-05"
35071;"RR_Mdn";;"Mdn";"0";"2022-11-05"
35072;"RR_Mdn";;"Mdn";"0";"2022-11-05"
35073;"RR_Mdn";;"Mdn";"0";"2022-11-05"
35074;"RR_Mdn";;"Mdn";"0";"2022-11-05"
35081;"RR_Mdn";;"Mdn";"0";"2022-11-05"
35082;"RR_Mdn";;"Mdn";"0";"2022-11-05"
35083;"RR_Mdn";;"Mdn";"0";"2022-11-05"
35091;"RR_Mdn";;"Mdn";"0";"2022-11-05"
35092;"RR_Mdn";;"Mdn";"0";"2022-11-05"
35093;"RR_Mdn";2.3044526773;"Mdn";"2.0-3.0";"2022-11-05"
35094;"RR_Mdn";;"Mdn";"0";"2022-11-05"
35095;"RR_Mdn";;"Mdn";"0";"2022-11-05"
35101;"RR_Mdn";;"Mdn";"0";"2022-11-05"
35102;"RR_Mdn";;"Mdn";"0";"2022-11-05"
35103;"RR_Mdn";;"Mdn";"0";"2022-11-05"
35104;"RR_Mdn";;"Mdn";"0";"2022-11-05"
35111;"RR_Mdn";;"Mdn";"0";"2022-11-05"
35112;"RR_Mdn";;"Mdn";"0";"2022-11-05"
35113;"RR_Mdn";;"Mdn";"0";"2022-11-05"
35114;"RR_Mdn";;"Mdn";"0";"2022-11-05"
35115;"RR_Mdn";;"Mdn";"0";"2022-11-05"
35121;"RR_Mdn";;"Mdn";"0";"2022-11-05"
35131;"RR_Mdn";;"Mdn";"0";"2022-11-05"
35132;"RR_Mdn";;"Mdn";"0";"2022-11-05"
35133;"RR_Mdn";;"Mdn";"0";"2022-11-05"
35141;"RR_Mdn";;"Mdn";"0";"2022-11-05"
35142;"RR_Mdn";;"Mdn";"0";"2022-11-05"
35143;"RR_Mdn";;"Mdn";"0";"2022-11-05"
35151;"RR_Mdn";;"Mdn";"0";"2022-11-05"
35152;"RR_Mdn";;"Mdn";"0";"2022-11-05"
35153;"RR_Mdn";;"Mdn";"0";"2022-11-05"
35154;"RR_Mdn";;"Mdn";"0";"2022-11-05"
35155;"RR_Mdn";;"Mdn";"0";"2022-11-05"
35156;"RR_Mdn";;"Mdn";"0";"2022-11-05"
35157;"RR_Mdn";;"Mdn";"0";"2022-11-05"
35161;"RR_Mdn";;"Mdn";"0";"2022-11-05"
35162;"RR_Mdn";;"Mdn";"0";"2022-11-05"
35163;"RR_Mdn";;"Mdn";"0";"2022-11-05"
35171;"RR_Mdn";;"Mdn";"0";"2022-11-05"
35172;"RR_Mdn";;"Mdn";"0";"2022-11-05"
35173;"RR_Mdn";;"Mdn";"0";"2022-11-05"
35174;"RR_Mdn";;"Mdn";"0";"2022-11-05"
35011;"RR_Mdn_mv";1.300586016;"Mdn_mv";"1.1-2.0";"2022-11-05"
35012;"RR_Mdn_mv";;"Mdn_mv";"0";"2022-11-05"
35013;"RR_Mdn_mv";;"Mdn_mv";"0";"2022-11-05"
35014;"RR_Mdn_mv";;"Mdn_mv";"0";"2022-11-05"
35015;"RR_Mdn_mv";1.300586016;"Mdn_mv";"1.1-2.0";"2022-11-05"
35016;"RR_Mdn_mv";1.4475185764;"Mdn_mv";"1.1-2.0";"2022-11-05"
35021;"RR_Mdn_mv";;"Mdn_mv";"0";"2022-11-05"
35022;"RR_Mdn_mv";;"Mdn_mv";"0";"2022-11-05"
35023;"RR_Mdn_mv";;"Mdn_mv";"0";"2022-11-05"
35031;"RR_Mdn_mv";;"Mdn_mv";"0";"2022-11-05"
35032;"RR_Mdn_mv";;"Mdn_mv";"0";"2022-11-05"
35033;"RR_Mdn_mv";;"Mdn_mv";"0";"2022-11-05"
35034;"RR_Mdn_mv";;"Mdn_mv";"0";"2022-11-05"
35041;"RR_Mdn_mv";;"Mdn_mv";"0";"2022-11-05"
35051;"RR_Mdn_mv";;"Mdn_mv";"0";"2022-11-05"
35052;"RR_Mdn_mv";;"Mdn_mv";"0";"2022-11-05"
35061;"RR_Mdn_mv";;"Mdn_mv";"0";"2022-11-05"
35062;"RR_Mdn_mv";;"Mdn_mv";"0";"2022-11-05"
35063;"RR_Mdn_mv";3.9496495464;"Mdn_mv";">3";"2022-11-05"
35064;"RR_Mdn_mv";;"Mdn_mv";"0";"2022-11-05"
35065;"RR_Mdn_mv";;"Mdn_mv";"0";"2022-11-05"
35071;"RR_Mdn_mv";;"Mdn_mv";"0";"2022-11-05"
35072;"RR_Mdn_mv";;"Mdn_mv";"0";"2022-11-05"
35073;"RR_Mdn_mv";;"Mdn_mv";"0";"2022-11-05"
35074;"RR_Mdn_mv";;"Mdn_mv";"0";"2022-11-05"
35081;"RR_Mdn_mv";;"Mdn_mv";"0";"2022-11-05"
35082;"RR_Mdn_mv";;"Mdn_mv";"0";"2022-11-05"
35083;"RR_Mdn_mv";;"Mdn_mv";"0";"2022-11-05"
35091;"RR_Mdn_mv";;"Mdn_mv";"0";"2022-11-05"
35092;"RR_Mdn_mv";;"Mdn_mv";"0";"2022-11-05"
35093;"RR_Mdn_mv";2.3320217804;"Mdn_mv";"2.0-3.0";"2022-11-05"
35094;"RR_Mdn_mv";;"Mdn_mv";"0";"2022-11-05"
35095;"RR_Mdn_mv";;"Mdn_mv";"0";"2022-11-05"
35101;"RR_Mdn_mv";;"Mdn_mv";"0";"2022-11-05"
35102;"RR_Mdn_mv";;"Mdn_mv";"0";"2022-11-05"
35103;"RR_Mdn_mv";;"Mdn_mv";"0";"2022-11-05"
35104;"RR_Mdn_mv";;"Mdn_mv";"0";"2022-11-05"
35111;"RR_Mdn_mv";;"Mdn_mv";"0";"2022-11-05"
35112;"RR_Mdn_mv";;"Mdn_mv";"0";"2022-11-05"
35113;"RR_Mdn_mv";;"Mdn_mv";"0";"2022-11-05"
35114;"RR_Mdn_mv";;"Mdn_mv";"0";"2022-11-05"
35115;"RR_Mdn_mv";;"Mdn_mv";"0";"2022-11-05"
35121;"RR_Mdn_mv";;"Mdn_mv";"0";"2022-11-05"
35131;"RR_Mdn_mv";;"Mdn_mv";"0";"2022-11-05"
35132;"RR_Mdn_mv";;"Mdn_mv";"0";"2022-11-05"
35133;"RR_Mdn_mv";;"Mdn_mv";"0";"2022-11-05"
35141;"RR_Mdn_mv";;"Mdn_mv";"0";"2022-11-05"
35142;"RR_Mdn_mv";;"Mdn_mv";"0";"2022-11-05"
35143;"RR_Mdn_mv";;"Mdn_mv";"0";"2022-11-05"
35151;"RR_Mdn_mv";;"Mdn_mv";"0";"2022-11-05"
35152;"RR_Mdn_mv";;"Mdn_mv";"0";"2022-11-05"
35153;"RR_Mdn_mv";;"Mdn_mv";"0";"2022-11-05"
35154;"RR_Mdn_mv";;"Mdn_mv";"0";"2022-11-05"
35155;"RR_Mdn_mv";;"Mdn_mv";"0";"2022-11-05"
35156;"RR_Mdn_mv";;"Mdn_mv";"0";"2022-11-05"
35157;"RR_Mdn_mv";;"Mdn_mv";"0";"2022-11-05"
35161;"RR_Mdn_mv";;"Mdn_mv";"0";"2022-11-05"
35162;"RR_Mdn_mv";;"Mdn_mv";"0";"2022-11-05"
35163;"RR_Mdn_mv";;"Mdn_mv";"0";"2022-11-05"
35171;"RR_Mdn_mv";;"Mdn_mv";"0";"2022-11-05"
35172;"RR_Mdn_mv";;"Mdn_mv";"0";"2022-11-05"
35173;"RR_Mdn_mv";;"Mdn_mv";"0";"2022-11-05"
35174;"RR_Mdn_mv";;"Mdn_mv";"0";"2022-11-05"
35011;"RR_obs";;"obs";"0";"2022-11-05"
35012;"RR_obs";;"obs";"0";"2022-11-05"
35013;"RR_obs";;"obs";"0";"2022-11-05"
35014;"RR_obs";;"obs";"0";"2022-11-05"
35015;"RR_obs";;"obs";"0";"2022-11-05"
35016;"RR_obs";;"obs";"0";"2022-11-05"
35021;"RR_obs";;"obs";"0";"2022-11-05"
35022;"RR_obs";;"obs";"0";"2022-11-05"
35023;"RR_obs";;"obs";"0";"2022-11-05"
35031;"RR_obs";;"obs";"0";"2022-11-05"
35032;"RR_obs";;"obs";"0";"2022-11-05"
35033;"RR_obs";;"obs";"0";"2022-11-05"
35034;"RR_obs";;"obs";"0";"2022-11-05"
35041;"RR_obs";;"obs";"0";"2022-11-05"
35051;"RR_obs";;"obs";"0";"2022-11-05"
35052;"RR_obs";;"obs";"0";"2022-11-05"
35061;"RR_obs";;"obs";"0";"2022-11-05"
35062;"RR_obs";;"obs";"0";"2022-11-05"
35063;"RR_obs";;"obs";"0";"2022-11-05"
35064;"RR_obs";;"obs";"0";"2022-11-05"
35065;"RR_obs";;"obs";"0";"2022-11-05"
35071;"RR_obs";;"obs";"0";"2022-11-05"
35072;"RR_obs";;"obs";"0";"2022-11-05"
35073;"RR_obs";;"obs";"0";"2022-11-05"
35074;"RR_obs";;"obs";"0";"2022-11-05"
35081;"RR_obs";;"obs";"0";"2022-11-05"
35082;"RR_obs";;"obs";"0";"2022-11-05"
35083;"RR_obs";;"obs";"0";"2022-11-05"
35091;"RR_obs";;"obs";"0";"2022-11-05"
35092;"RR_obs";;"obs";"0";"2022-11-05"
35093;"RR_obs";;"obs";"0";"2022-11-05"
35094;"RR_obs";;"obs";"0";"2022-11-05"
35095;"RR_obs";;"obs";"0";"2022-11-05"
35101;"RR_obs";;"obs";"0";"2022-11-05"
35102;"RR_obs";;"obs";"0";"2022-11-05"
35103;"RR_obs";;"obs";"0";"2022-11-05"
35104;"RR_obs";;"obs";"0";"2022-11-05"
35111;"RR_obs";;"obs";"0";"2022-11-05"
35112;"RR_obs";;"obs";"0";"2022-11-05"
35113;"RR_obs";;"obs";"0";"2022-11-05"
35114;"RR_obs";;"obs";"0";"2022-11-05"
35115;"RR_obs";;"obs";"0";"2022-11-05"
35121;"RR_obs";;"obs";"0";"2022-11-05"
35131;"RR_obs";;"obs";"0";"2022-11-05"
35132;"RR_obs";;"obs";"0";"2022-11-05"
35133;"RR_obs";;"obs";"0";"2022-11-05"
35141;"RR_obs";;"obs";"0";"2022-11-05"
35142;"RR_obs";;"obs";"0";"2022-11-05"
35143;"RR_obs";;"obs";"0";"2022-11-05"
35151;"RR_obs";;"obs";"0";"2022-11-05"
35152;"RR_obs";;"obs";"0";"2022-11-05"
35153;"RR_obs";;"obs";"0";"2022-11-05"
35154;"RR_obs";;"obs";"0";"2022-11-05"
35155;"RR_obs";;"obs";"0";"2022-11-05"
35156;"RR_obs";;"obs";"0";"2022-11-05"
35157;"RR_obs";;"obs";"0";"2022-11-05"
35161;"RR_obs";;"obs";"0";"2022-11-05"
35162;"RR_obs";;"obs";"0";"2022-11-05"
35163;"RR_obs";;"obs";"0";"2022-11-05"
35171;"RR_obs";;"obs";"0";"2022-11-05"
35172;"RR_obs";;"obs";"0";"2022-11-05"
35173;"RR_obs";;"obs";"0";"2022-11-05"
35174;"RR_obs";;"obs";"0";"2022-11-05"
35011;"RR_casos";1.3806911356;"casos";"1.1-2.0";"2022-08-24"
35012;"RR_casos";;"casos";"0";"2022-08-24"
35013;"RR_casos";;"casos";"0";"2022-08-24"
35014;"RR_casos";;"casos";"0";"2022-08-24"
35015;"RR_casos";;"casos";"0";"2022-08-24"
35016;"RR_casos";;"casos";"0";"2022-08-24"
35021;"RR_casos";;"casos";"0";"2022-08-24"
35022;"RR_casos";;"casos";"0";"2022-08-24"
35023;"RR_casos";;"casos";"0";"2022-08-24"
35031;"RR_casos";;"casos";"0";"2022-08-24"
35032;"RR_casos";1.6812576713;"casos";"1.1-2.0";"2022-08-24"
35033;"RR_casos";1.6812576713;"casos";"1.1-2.0";"2022-08-24"
35034;"RR_casos";;"casos";"0";"2022-08-24"
35041;"RR_casos";;"casos";"0";"2022-08-24"
35051;"RR_casos";;"casos";"0";"2022-08-24"
35052;"RR_casos";1.6812576713;"casos";"1.1-2.0";"2022-08-24"
35061;"RR_casos";;"casos";"0";"2022-08-24"
35062;"RR_casos";;"casos";"0";"2022-08-24"
35063;"RR_casos";2.7137343069;"casos";"2.0-3.0";"2022-08-24"
35064;"RR_casos";;"casos";"0";"2022-08-24"
35065;"RR_casos";;"casos";"0";"2022-08-24"
35071;"RR_casos";;"casos";"0";"2022-08-24"
35072;"RR_casos";1.4855183284;"casos";"1.1-2.0";"2022-08-24"
35073;"RR_casos";;"casos";"0";"2022-08-24"
35074;"RR_casos";;"casos";"0";"2022-08-24"
35081;"RR_casos";;"casos";"0";"2022-08-24"
35082;"RR_casos";;"casos";"0";"2022-08-24"
35083;"RR_casos";;"casos";"0";"2022-08-24"
35091;"RR_casos";;"casos";"0";"2022-08-24"
35092;"RR_casos";;"casos";"0";"2022-08-24"
35093;"RR_casos";4.0046887773;"casos";">3";"2022-08-24"
35094;"RR_casos";;"casos";"0";"2022-08-24"
35095;"RR_casos";;"casos";"0";"2022-08-24"
35101;"RR_casos";;"casos";"0";"2022-08-24"
35102;"RR_casos";;"casos";"0";"2022-08-24"
35103;"RR_casos";2.7137343069;"casos";"2.0-3.0";"2022-08-24"
35104;"RR_casos";;"casos";"0";"2022-08-24"
35111;"RR_casos";;"casos";"0";"2022-08-24"
35112;"RR_casos";;"casos";"0";"2022-08-24"
35113;"RR_casos";;"casos";"0";"2022-08-24"
35114;"RR_casos";;"casos";"0";"2022-08-24"
35115;"RR_casos";;"casos";"0";"2022-08-24"
35121;"RR_casos";;"casos";"0";"2022-08-24"
35131;"RR_casos";;"casos";"0";"2022-08-24"
35132;"RR_casos";;"casos";"0";"2022-08-24"
35133;"RR_casos";;"casos";"0";"2022-08-24"
35141;"RR_casos";;"casos";"0";"2022-08-24"
35142;"RR_casos";;"casos";"0";"2022-08-24"
35143;"RR_casos";;"casos";"0";"2022-08-24"
35151;"RR_casos";1.6812576713;"casos";"1.1-2.0";"2022-08-24"
35152;"RR_casos";;"casos";"0";"2022-08-24"
35153;"RR_casos";;"casos";"0";"2022-08-24"
35154;"RR_casos";;"casos";"0";"2022-08-24"
35155;"RR_casos";1.6812576713;"casos";"1.1-2.0";"2022-08-24"
35156;"RR_casos";1.6812576713;"casos";"1.1-2.0";"2022-08-24"
35157;"RR_casos";;"casos";"0";"2022-08-24"
35161;"RR_casos";;"casos";"0";"2022-08-24"
35162;"RR_casos";;"casos";"0";"2022-08-24"
35163;"RR_casos";;"casos";"0";"2022-08-24"
35171;"RR_casos";;"casos";"0";"2022-08-24"
35172;"RR_casos";;"casos";"0";"2022-08-24"
35173;"RR_casos";;"casos";"0";"2022-08-24"
35174;"RR_casos";;"casos";"0";"2022-08-24"
35011;"RR_Mdn";;"Mdn";"0";"2022-08-24"
35012;"RR_Mdn";;"Mdn";"0";"2022-08-24"
35013;"RR_Mdn";;"Mdn";"0";"2022-08-24"
35014;"RR_Mdn";;"Mdn";"0";"2022-08-24"
35015;"RR_Mdn";;"Mdn";"0";"2022-08-24"
35016;"RR_Mdn";;"Mdn";"0";"2022-08-24"
35021;"RR_Mdn";;"Mdn";"0";"2022-08-24"
35022;"RR_Mdn";;"Mdn";"0";"2022-08-24"
35023;"RR_Mdn";;"Mdn";"0";"2022-08-24"
35031;"RR_Mdn";;"Mdn";"0";"2022-08-24"
35032;"RR_Mdn";;"Mdn";"0";"2022-08-24"
35033;"RR_Mdn";;"Mdn";"0";"2022-08-24"
35034;"RR_Mdn";;"Mdn";"0";"2022-08-24"
35041;"RR_Mdn";;"Mdn";"0";"2022-08-24"
35051;"RR_Mdn";;"Mdn";"0";"2022-08-24"
35052;"RR_Mdn";;"Mdn";"0";"2022-08-24"
35061;"RR_Mdn";;"Mdn";"0";"2022-08-24"
35062;"RR_Mdn";;"Mdn";"0";"2022-08-24"
35063;"RR_Mdn";1.837770671;"Mdn";"1.1-2.0";"2022-08-24"
35064;"RR_Mdn";1.837770671;"Mdn";"1.1-2.0";"2022-08-24"
35065;"RR_Mdn";2.1251011817;"Mdn";"2.0-3.0";"2022-08-24"
35071;"RR_Mdn";;"Mdn";"0";"2022-08-24"
35072;"RR_Mdn";;"Mdn";"0";"2022-08-24"
35073;"RR_Mdn";;"Mdn";"0";"2022-08-24"
35074;"RR_Mdn";;"Mdn";"0";"2022-08-24"
35081;"RR_Mdn";2.5685556936;"Mdn";"2.0-3.0";"2022-08-24"
35082;"RR_Mdn";;"Mdn";"0";"2022-08-24"
35083;"RR_Mdn";;"Mdn";"0";"2022-08-24"
35091;"RR_Mdn";;"Mdn";"0";"2022-08-24"
35092;"RR_Mdn";;"Mdn";"0";"2022-08-24"
35093;"RR_Mdn";2.1251011817;"Mdn";"2.0-3.0";"2022-08-24"
35094;"RR_Mdn";;"Mdn";"0";"2022-08-24"
35095;"RR_Mdn";;"Mdn";"0";"2022-08-24"
35101;"RR_Mdn";;"Mdn";"0";"2022-08-24"
35102;"RR_Mdn";;"Mdn";"0";"2022-08-24"
35103;"RR_Mdn";1.837770671;"Mdn";"1.1-2.0";"2022-08-24"
35104;"RR_Mdn";;"Mdn";"0";"2022-08-24"
35111;"RR_Mdn";;"Mdn";"0";"2022-08-24"
35112;"RR_Mdn";;"Mdn";"0";"2022-08-24"
35113;"RR_Mdn";;"Mdn";"0";"2022-08-24"
35114;"RR_Mdn";;"Mdn";"0";"2022-08-24"
35115;"RR_Mdn";;"Mdn";"0";"2022-08-24"
35121;"RR_Mdn";;"Mdn";"0";"2022-08-24"
35131;"RR_Mdn";;"Mdn";"0";"2022-08-24"
35132;"RR_Mdn";;"Mdn";"0";"2022-08-24"
35133;"RR_Mdn";;"Mdn";"0";"2022-08-24"
35141;"RR_Mdn";;"Mdn";"0";"2022-08-24"
35142;"RR_Mdn";;"Mdn";"0";"2022-08-24"
35143;"RR_Mdn";;"Mdn";"0";"2022-08-24"
35151;"RR_Mdn";;"Mdn";"0";"2022-08-24"
35152;"RR_Mdn";;"Mdn";"0";"2022-08-24"
35153;"RR_Mdn";;"Mdn";"0";"2022-08-24"
35154;"RR_Mdn";;"Mdn";"0";"2022-08-24"
35155;"RR_Mdn";;"Mdn";"0";"2022-08-24"
35156;"RR_Mdn";;"Mdn";"0";"2022-08-24"
35157;"RR_Mdn";;"Mdn";"0";"2022-08-24"
35161;"RR_Mdn";;"Mdn";"0";"2022-08-24"
35162;"RR_Mdn";;"Mdn";"0";"2022-08-24"
35163;"RR_Mdn";;"Mdn";"0";"2022-08-24"
35171;"RR_Mdn";;"Mdn";"0";"2022-08-24"
35172;"RR_Mdn";;"Mdn";"0";"2022-08-24"
35173;"RR_Mdn";;"Mdn";"0";"2022-08-24"
35174;"RR_Mdn";;"Mdn";"0";"2022-08-24"
35011;"RR_Mdn_mv";;"Mdn_mv";"0";"2022-08-24"
35012;"RR_Mdn_mv";;"Mdn_mv";"0";"2022-08-24"
35013;"RR_Mdn_mv";;"Mdn_mv";"0";"2022-08-24"
35014;"RR_Mdn_mv";;"Mdn_mv";"0";"2022-08-24"
35015;"RR_Mdn_mv";;"Mdn_mv";"0";"2022-08-24"
35016;"RR_Mdn_mv";;"Mdn_mv";"0";"2022-08-24"
35021;"RR_Mdn_mv";;"Mdn_mv";"0";"2022-08-24"
35022;"RR_Mdn_mv";;"Mdn_mv";"0";"2022-08-24"
35023;"RR_Mdn_mv";;"Mdn_mv";"0";"2022-08-24"
35031;"RR_Mdn_mv";;"Mdn_mv";"0";"2022-08-24"
35032;"RR_Mdn_mv";;"Mdn_mv";"0";"2022-08-24"
35033;"RR_Mdn_mv";;"Mdn_mv";"0";"2022-08-24"
35034;"RR_Mdn_mv";;"Mdn_mv";"0";"2022-08-24"
35041;"RR_Mdn_mv";;"Mdn_mv";"0";"2022-08-24"
35051;"RR_Mdn_mv";;"Mdn_mv";"0";"2022-08-24"
35052;"RR_Mdn_mv";;"Mdn_mv";"0";"2022-08-24"
35061;"RR_Mdn_mv";;"Mdn_mv";"0";"2022-08-24"
35062;"RR_Mdn_mv";;"Mdn_mv";"0";"2022-08-24"
35063;"RR_Mdn_mv";2.0275458234;"Mdn_mv";"2.0-3.0";"2022-08-24"
35064;"RR_Mdn_mv";2.0275458234;"Mdn_mv";"2.0-3.0";"2022-08-24"
35065;"RR_Mdn_mv";2.412525265;"Mdn_mv";"2.0-3.0";"2022-08-24"
35071;"RR_Mdn_mv";;"Mdn_mv";"0";"2022-08-24"
35072;"RR_Mdn_mv";;"Mdn_mv";"0";"2022-08-24"
35073;"RR_Mdn_mv";;"Mdn_mv";"0";"2022-08-24"
35074;"RR_Mdn_mv";;"Mdn_mv";"0";"2022-08-24"
35081;"RR_Mdn_mv";;"Mdn_mv";"0";"2022-08-24"
35082;"RR_Mdn_mv";;"Mdn_mv";"0";"2022-08-24"
35083;"RR_Mdn_mv";;"Mdn_mv";"0";"2022-08-24"
35091;"RR_Mdn_mv";;"Mdn_mv";"0";"2022-08-24"
35092;"RR_Mdn_mv";;"Mdn_mv";"0";"2022-08-24"
35093;"RR_Mdn_mv";2.412525265;"Mdn_mv";"2.0-3.0";"2022-08-24"
35094;"RR_Mdn_mv";;"Mdn_mv";"0";"2022-08-24"
35095;"RR_Mdn_mv";;"Mdn_mv";"0";"2022-08-24"
35101;"RR_Mdn_mv";;"Mdn_mv";"0";"2022-08-24"
35102;"RR_Mdn_mv";;"Mdn_mv";"0";"2022-08-24"
35103;"RR_Mdn_mv";2.0275458234;"Mdn_mv";"2.0-3.0";"2022-08-24"
35104;"RR_Mdn_mv";;"Mdn_mv";"0";"2022-08-24"
35111;"RR_Mdn_mv";;"Mdn_mv";"0";"2022-08-24"
35112;"RR_Mdn_mv";;"Mdn_mv";"0";"2022-08-24"
35113;"RR_Mdn_mv";;"Mdn_mv";"0";"2022-08-24"
35114;"RR_Mdn_mv";;"Mdn_mv";"0";"2022-08-24"
35115;"RR_Mdn_mv";;"Mdn_mv";"0";"2022-08-24"
35121;"RR_Mdn_mv";;"Mdn_mv";"0";"2022-08-24"
35131;"RR_Mdn_mv";;"Mdn_mv";"0";"2022-08-24"
35132;"RR_Mdn_mv";;"Mdn_mv";"0";"2022-08-24"
35133;"RR_Mdn_mv";;"Mdn_mv";"0";"2022-08-24"
35141;"RR_Mdn_mv";;"Mdn_mv";"0";"2022-08-24"
35142;"RR_Mdn_mv";;"Mdn_mv";"0";"2022-08-24"
35143;"RR_Mdn_mv";;"Mdn_mv";"0";"2022-08-24"
35151;"RR_Mdn_mv";;"Mdn_mv";"0";"2022-08-24"
35152;"RR_Mdn_mv";;"Mdn_mv";"0";"2022-08-24"
35153;"RR_Mdn_mv";;"Mdn_mv";"0";"2022-08-24"
35154;"RR_Mdn_mv";;"Mdn_mv";"0";"2022-08-24"
35155;"RR_Mdn_mv";;"Mdn_mv";"0";"2022-08-24"
35156;"RR_Mdn_mv";;"Mdn_mv";"0";"2022-08-24"
35157;"RR_Mdn_mv";;"Mdn_mv";"0";"2022-08-24"
35161;"RR_Mdn_mv";;"Mdn_mv";"0";"2022-08-24"
35162;"RR_Mdn_mv";;"Mdn_mv";"0";"2022-08-24"
35163;"RR_Mdn_mv";;"Mdn_mv";"0";"2022-08-24"
35171;"RR_Mdn_mv";;"Mdn_mv";"0";"2022-08-24"
35172;"RR_Mdn_mv";;"Mdn_mv";"0";"2022-08-24"
35173;"RR_Mdn_mv";;"Mdn_mv";"0";"2022-08-24"
35174;"RR_Mdn_mv";;"Mdn_mv";"0";"2022-08-24"
35011;"RR_obs";;"obs";"0";"2022-08-24"
35012;"RR_obs";;"obs";"0";"2022-08-24"
35013;"RR_obs";;"obs";"0";"2022-08-24"
35014;"RR_obs";;"obs";"0";"2022-08-24"
35015;"RR_obs";;"obs";"0";"2022-08-24"
35016;"RR_obs";;"obs";"0";"2022-08-24"
35021;"RR_obs";;"obs";"0";"2022-08-24"
35022;"RR_obs";;"obs";"0";"2022-08-24"
35023;"RR_obs";;"obs";"0";"2022-08-24"
35031;"RR_obs";;"obs";"0";"2022-08-24"
35032;"RR_obs";;"obs";"0";"2022-08-24"
35033;"RR_obs";;"obs";"0";"2022-08-24"
35034;"RR_obs";;"obs";"0";"2022-08-24"
35041;"RR_obs";;"obs";"0";"2022-08-24"
35051;"RR_obs";;"obs";"0";"2022-08-24"
35052;"RR_obs";;"obs";"0";"2022-08-24"
35061;"RR_obs";;"obs";"0";"2022-08-24"
35062;"RR_obs";;"obs";"0";"2022-08-24"
35063;"RR_obs";;"obs";"0";"2022-08-24"
35064;"RR_obs";;"obs";"0";"2022-08-24"
35065;"RR_obs";;"obs";"0";"2022-08-24"
35071;"RR_obs";;"obs";"0";"2022-08-24"
35072;"RR_obs";;"obs";"0";"2022-08-24"
35073;"RR_obs";;"obs";"0";"2022-08-24"
35074;"RR_obs";;"obs";"0";"2022-08-24"
35081;"RR_obs";;"obs";"0";"2022-08-24"
35082;"RR_obs";;"obs";"0";"2022-08-24"
35083;"RR_obs";;"obs";"0";"2022-08-24"
35091;"RR_obs";;"obs";"0";"2022-08-24"
35092;"RR_obs";;"obs";"0";"2022-08-24"
35093;"RR_obs";;"obs";"0";"2022-08-24"
35094;"RR_obs";;"obs";"0";"2022-08-24"
35095;"RR_obs";;"obs";"0";"2022-08-24"
35101;"RR_obs";;"obs";"0";"2022-08-24"
35102;"RR_obs";;"obs";"0";"2022-08-24"
35103;"RR_obs";;"obs";"0";"2022-08-24"
35104;"RR_obs";;"obs";"0";"2022-08-24"
35111;"RR_obs";;"obs";"0";"2022-08-24"
35112;"RR_obs";;"obs";"0";"2022-08-24"
35113;"RR_obs";;"obs";"0";"2022-08-24"
35114;"RR_obs";;"obs";"0";"2022-08-24"
35115;"RR_obs";;"obs";"0";"2022-08-24"
35121;"RR_obs";;"obs";"0";"2022-08-24"
35131;"RR_obs";;"obs";"0";"2022-08-24"
35132;"RR_obs";;"obs";"0";"2022-08-24"
35133;"RR_obs";;"obs";"0";"2022-08-24"
35141;"RR_obs";;"obs";"0";"2022-08-24"
35142;"RR_obs";;"obs";"0";"2022-08-24"
35143;"RR_obs";;"obs";"0";"2022-08-24"
35151;"RR_obs";;"obs";"0";"2022-08-24"
35152;"RR_obs";;"obs";"0";"2022-08-24"
35153;"RR_obs";;"obs";"0";"2022-08-24"
35154;"RR_obs";;"obs";"0";"2022-08-24"
35155;"RR_obs";;"obs";"0";"2022-08-24"
35156;"RR_obs";;"obs";"0";"2022-08-24"
35157;"RR_obs";;"obs";"0";"2022-08-24"
35161;"RR_obs";;"obs";"0";"2022-08-24"
35162;"RR_obs";;"obs";"0";"2022-08-24"
35163;"RR_obs";;"obs";"0";"2022-08-24"
35171;"RR_obs";;"obs";"0";"2022-08-24"
35172;"RR_obs";;"obs";"0";"2022-08-24"
35173;"RR_obs";;"obs";"0";"2022-08-24"
35174;"RR_obs";;"obs";"0";"2022-08-24"
35011;"RR_casos";1.451454239;"casos";"1.1-2.0";"2022-08-10"
35012;"RR_casos";;"casos";"0";"2022-08-10"
35013;"RR_casos";;"casos";"0";"2022-08-10"
35014;"RR_casos";;"casos";"0";"2022-08-10"
35015;"RR_casos";;"casos";"0";"2022-08-10"
35016;"RR_casos";;"casos";"0";"2022-08-10"
35021;"RR_casos";1.7504273176;"casos";"1.1-2.0";"2022-08-10"
35022;"RR_casos";1.7504273176;"casos";"1.1-2.0";"2022-08-10"
35023;"RR_casos";1.7504273176;"casos";"1.1-2.0";"2022-08-10"
35031;"RR_casos";;"casos";"0";"2022-08-10"
35032;"RR_casos";;"casos";"0";"2022-08-10"
35033;"RR_casos";2.3453646358;"casos";"2.0-3.0";"2022-08-10"
35034;"RR_casos";;"casos";"0";"2022-08-10"
35041;"RR_casos";;"casos";"0";"2022-08-10"
35051;"RR_casos";;"casos";"0";"2022-08-10"
35052;"RR_casos";;"casos";"0";"2022-08-10"
35061;"RR_casos";;"casos";"0";"2022-08-10"
35062;"RR_casos";;"casos";"0";"2022-08-10"
35063;"RR_casos";2.8761404247;"casos";"2.0-3.0";"2022-08-10"
35064;"RR_casos";;"casos";"0";"2022-08-10"
35065;"RR_casos";1.7504273176;"casos";"1.1-2.0";"2022-08-10"
35071;"RR_casos";;"casos";"0";"2022-08-10"
35072;"RR_casos";1.5091204513;"casos";"1.1-2.0";"2022-08-10"
35073;"RR_casos";;"casos";"0";"2022-08-10"
35074;"RR_casos";;"casos";"0";"2022-08-10"
35081;"RR_casos";;"casos";"0";"2022-08-10"
35082;"RR_casos";;"casos";"0";"2022-08-10"
35083;"RR_casos";;"casos";"0";"2022-08-10"
35091;"RR_casos";1.7504273176;"casos";"1.1-2.0";"2022-08-10"
35092;"RR_casos";;"casos";"0";"2022-08-10"
35093;"RR_casos";1.7504273176;"casos";"1.1-2.0";"2022-08-10"
35094;"RR_casos";;"casos";"0";"2022-08-10"
35095;"RR_casos";1.7504273176;"casos";"1.1-2.0";"2022-08-10"
35101;"RR_casos";;"casos";"0";"2022-08-10"
35102;"RR_casos";;"casos";"0";"2022-08-10"
35103;"RR_casos";2.8761404247;"casos";"2.0-3.0";"2022-08-10"
35104;"RR_casos";;"casos";"0";"2022-08-10"
35111;"RR_casos";1.7504273176;"casos";"1.1-2.0";"2022-08-10"
35112;"RR_casos";1.7504273176;"casos";"1.1-2.0";"2022-08-10"
35113;"RR_casos";1.7504273176;"casos";"1.1-2.0";"2022-08-10"
35114;"RR_casos";;"casos";"0";"2022-08-10"
35115;"RR_casos";;"casos";"0";"2022-08-10"
35121;"RR_casos";;"casos";"0";"2022-08-10"
35131;"RR_casos";;"casos";"0";"2022-08-10"
35132;"RR_casos";;"casos";"0";"2022-08-10"
35133;"RR_casos";;"casos";"0";"2022-08-10"
35141;"RR_casos";;"casos";"0";"2022-08-10"
35142;"RR_casos";;"casos";"0";"2022-08-10"
35143;"RR_casos";;"casos";"0";"2022-08-10"
35151;"RR_casos";1.7504273176;"casos";"1.1-2.0";"2022-08-10"
35152;"RR_casos";1.7504273176;"casos";"1.1-2.0";"2022-08-10"
35153;"RR_casos";1.7504273176;"casos";"1.1-2.0";"2022-08-10"
35154;"RR_casos";1.7504273176;"casos";"1.1-2.0";"2022-08-10"
35155;"RR_casos";1.7504273176;"casos";"1.1-2.0";"2022-08-10"
35156;"RR_casos";1.7504273176;"casos";"1.1-2.0";"2022-08-10"
35157;"RR_casos";1.7504273176;"casos";"1.1-2.0";"2022-08-10"
35161;"RR_casos";;"casos";"0";"2022-08-10"
35162;"RR_casos";;"casos";"0";"2022-08-10"
35163;"RR_casos";;"casos";"0";"2022-08-10"
35171;"RR_casos";;"casos";"0";"2022-08-10"
35172;"RR_casos";;"casos";"0";"2022-08-10"
35173;"RR_casos";;"casos";"0";"2022-08-10"
35174;"RR_casos";;"casos";"0";"2022-08-10"
35011;"RR_Mdn";;"Mdn";"0";"2022-08-10"
35012;"RR_Mdn";;"Mdn";"0";"2022-08-10"
35013;"RR_Mdn";;"Mdn";"0";"2022-08-10"
35014;"RR_Mdn";;"Mdn";"0";"2022-08-10"
35015;"RR_Mdn";;"Mdn";"0";"2022-08-10"
35016;"RR_Mdn";;"Mdn";"0";"2022-08-10"
35021;"RR_Mdn";;"Mdn";"0";"2022-08-10"
35022;"RR_Mdn";;"Mdn";"0";"2022-08-10"
35023;"RR_Mdn";;"Mdn";"0";"2022-08-10"
35031;"RR_Mdn";1.5612871842;"Mdn";"1.1-2.0";"2022-08-10"
35032;"RR_Mdn";1.5612871842;"Mdn";"1.1-2.0";"2022-08-10"
35033;"RR_Mdn";1.5612871842;"Mdn";"1.1-2.0";"2022-08-10"
35034;"RR_Mdn";;"Mdn";"0";"2022-08-10"
35041;"RR_Mdn";;"Mdn";"0";"2022-08-10"
35051;"RR_Mdn";;"Mdn";"0";"2022-08-10"
35052;"RR_Mdn";;"Mdn";"0";"2022-08-10"
35061;"RR_Mdn";1.5612871842;"Mdn";"1.1-2.0";"2022-08-10"
35062;"RR_Mdn";1.5612871842;"Mdn";"1.1-2.0";"2022-08-10"
35063;"RR_Mdn";1.5612871842;"Mdn";"1.1-2.0";"2022-08-10"
35064;"RR_Mdn";1.5612871842;"Mdn";"1.1-2.0";"2022-08-10"
35065;"RR_Mdn";1.5612871842;"Mdn";"1.1-2.0";"2022-08-10"
35071;"RR_Mdn";;"Mdn";"0";"2022-08-10"
35072;"RR_Mdn";;"Mdn";"0";"2022-08-10"
35073;"RR_Mdn";;"Mdn";"0";"2022-08-10"
35074;"RR_Mdn";;"Mdn";"0";"2022-08-10"
35081;"RR_Mdn";;"Mdn";"0";"2022-08-10"
35082;"RR_Mdn";;"Mdn";"0";"2022-08-10"
35083;"RR_Mdn";;"Mdn";"0";"2022-08-10"
35091;"RR_Mdn";;"Mdn";"0";"2022-08-10"
35092;"RR_Mdn";;"Mdn";"0";"2022-08-10"
35093;"RR_Mdn";1.5612871842;"Mdn";"1.1-2.0";"2022-08-10"
35094;"RR_Mdn";1.5612871842;"Mdn";"1.1-2.0";"2022-08-10"
35095;"RR_Mdn";;"Mdn";"0";"2022-08-10"
35101;"RR_Mdn";;"Mdn";"0";"2022-08-10"
35102;"RR_Mdn";;"Mdn";"0";"2022-08-10"
35103;"RR_Mdn";;"Mdn";"0";"2022-08-10"
35104;"RR_Mdn";;"Mdn";"0";"2022-08-10"
35111;"RR_Mdn";;"Mdn";"0";"2022-08-10"
35112;"RR_Mdn";;"Mdn";"0";"2022-08-10"
35113;"RR_Mdn";;"Mdn";"0";"2022-08-10"
35114;"RR_Mdn";;"Mdn";"0";"2022-08-10"
35115;"RR_Mdn";;"Mdn";"0";"2022-08-10"
35121;"RR_Mdn";;"Mdn";"0";"2022-08-10"
35131;"RR_Mdn";;"Mdn";"0";"2022-08-10"
35132;"RR_Mdn";;"Mdn";"0";"2022-08-10"
35133;"RR_Mdn";3.3433695143;"Mdn";">3";"2022-08-10"
35141;"RR_Mdn";;"Mdn";"0";"2022-08-10"
35142;"RR_Mdn";;"Mdn";"0";"2022-08-10"
35143;"RR_Mdn";;"Mdn";"0";"2022-08-10"
35151;"RR_Mdn";1.5612871842;"Mdn";"1.1-2.0";"2022-08-10"
35152;"RR_Mdn";;"Mdn";"0";"2022-08-10"
35153;"RR_Mdn";;"Mdn";"0";"2022-08-10"
35154;"RR_Mdn";;"Mdn";"0";"2022-08-10"
35155;"RR_Mdn";;"Mdn";"0";"2022-08-10"
35156;"RR_Mdn";;"Mdn";"0";"2022-08-10"
35157;"RR_Mdn";;"Mdn";"0";"2022-08-10"
35161;"RR_Mdn";;"Mdn";"0";"2022-08-10"
35162;"RR_Mdn";;"Mdn";"0";"2022-08-10"
35163;"RR_Mdn";;"Mdn";"0";"2022-08-10"
35171;"RR_Mdn";;"Mdn";"0";"2022-08-10"
35172;"RR_Mdn";;"Mdn";"0";"2022-08-10"
35173;"RR_Mdn";;"Mdn";"0";"2022-08-10"
35174;"RR_Mdn";;"Mdn";"0";"2022-08-10"
35011;"RR_Mdn_mv";;"Mdn_mv";"0";"2022-08-10"
35012;"RR_Mdn_mv";;"Mdn_mv";"0";"2022-08-10"
35013;"RR_Mdn_mv";;"Mdn_mv";"0";"2022-08-10"
35014;"RR_Mdn_mv";;"Mdn_mv";"0";"2022-08-10"
35015;"RR_Mdn_mv";;"Mdn_mv";"0";"2022-08-10"
35016;"RR_Mdn_mv";;"Mdn_mv";"0";"2022-08-10"
35021;"RR_Mdn_mv";1.4354157244;"Mdn_mv";"1.1-2.0";"2022-08-10"
35022;"RR_Mdn_mv";;"Mdn_mv";"0";"2022-08-10"
35023;"RR_Mdn_mv";1.4354157244;"Mdn_mv";"1.1-2.0";"2022-08-10"
35031;"RR_Mdn_mv";;"Mdn_mv";"0";"2022-08-10"
35032;"RR_Mdn_mv";1.4354157244;"Mdn_mv";"1.1-2.0";"2022-08-10"
35033;"RR_Mdn_mv";;"Mdn_mv";"0";"2022-08-10"
35034;"RR_Mdn_mv";;"Mdn_mv";"0";"2022-08-10"
35041;"RR_Mdn_mv";;"Mdn_mv";"0";"2022-08-10"
35051;"RR_Mdn_mv";1.4354157244;"Mdn_mv";"1.1-2.0";"2022-08-10"
35052;"RR_Mdn_mv";;"Mdn_mv";"0";"2022-08-10"
35061;"RR_Mdn_mv";;"Mdn_mv";"0";"2022-08-10"
35062;"RR_Mdn_mv";;"Mdn_mv";"0";"2022-08-10"
35063;"RR_Mdn_mv";1.9865451801;"Mdn_mv";"1.1-2.0";"2022-08-10"
35064;"RR_Mdn_mv";1.9865451801;"Mdn_mv";"1.1-2.0";"2022-08-10"
35065;"RR_Mdn_mv";1.4354157244;"Mdn_mv";"1.1-2.0";"2022-08-10"
35071;"RR_Mdn_mv";;"Mdn_mv";"0";"2022-08-10"
35072;"RR_Mdn_mv";;"Mdn_mv";"0";"2022-08-10"
35073;"RR_Mdn_mv";;"Mdn_mv";"0";"2022-08-10"
35074;"RR_Mdn_mv";;"Mdn_mv";"0";"2022-08-10"
35081;"RR_Mdn_mv";;"Mdn_mv";"0";"2022-08-10"
35082;"RR_Mdn_mv";;"Mdn_mv";"0";"2022-08-10"
35083;"RR_Mdn_mv";;"Mdn_mv";"0";"2022-08-10"
35091;"RR_Mdn_mv";;"Mdn_mv";"0";"2022-08-10"
35092;"RR_Mdn_mv";;"Mdn_mv";"0";"2022-08-10"
35093;"RR_Mdn_mv";1.4354157244;"Mdn_mv";"1.1-2.0";"2022-08-10"
35094;"RR_Mdn_mv";;"Mdn_mv";"0";"2022-08-10"
35095;"RR_Mdn_mv";1.4354157244;"Mdn_mv";"1.1-2.0";"2022-08-10"
35101;"RR_Mdn_mv";;"Mdn_mv";"0";"2022-08-10"
35102;"RR_Mdn_mv";;"Mdn_mv";"0";"2022-08-10"
35103;"RR_Mdn_mv";1.9865451801;"Mdn_mv";"1.1-2.0";"2022-08-10"
35104;"RR_Mdn_mv";;"Mdn_mv";"0";"2022-08-10"
35111;"RR_Mdn_mv";;"Mdn_mv";"0";"2022-08-10"
35112;"RR_Mdn_mv";;"Mdn_mv";"0";"2022-08-10"
35113;"RR_Mdn_mv";;"Mdn_mv";"0";"2022-08-10"
35114;"RR_Mdn_mv";;"Mdn_mv";"0";"2022-08-10"
35115;"RR_Mdn_mv";;"Mdn_mv";"0";"2022-08-10"
35121;"RR_Mdn_mv";;"Mdn_mv";"0";"2022-08-10"
35131;"RR_Mdn_mv";;"Mdn_mv";"0";"2022-08-10"
35132;"RR_Mdn_mv";;"Mdn_mv";"0";"2022-08-10"
35133;"RR_Mdn_mv";2.6172489637;"Mdn_mv";"2.0-3.0";"2022-08-10"
35141;"RR_Mdn_mv";;"Mdn_mv";"0";"2022-08-10"
35142;"RR_Mdn_mv";;"Mdn_mv";"0";"2022-08-10"
35143;"RR_Mdn_mv";;"Mdn_mv";"0";"2022-08-10"
35151;"RR_Mdn_mv";1.4354157244;"Mdn_mv";"1.1-2.0";"2022-08-10"
35152;"RR_Mdn_mv";;"Mdn_mv";"0";"2022-08-10"
35153;"RR_Mdn_mv";1.4354157244;"Mdn_mv";"1.1-2.0";"2022-08-10"
35154;"RR_Mdn_mv";1.4354157244;"Mdn_mv";"1.1-2.0";"2022-08-10"
35155;"RR_Mdn_mv";1.4354157244;"Mdn_mv";"1.1-2.0";"2022-08-10"
35156;"RR_Mdn_mv";1.4354157244;"Mdn_mv";"1.1-2.0";"2022-08-10"
35157;"RR_Mdn_mv";1.4354157244;"Mdn_mv";"1.1-2.0";"2022-08-10"
35161;"RR_Mdn_mv";;"Mdn_mv";"0";"2022-08-10"
35162;"RR_Mdn_mv";;"Mdn_mv";"0";"2022-08-10"
35163;"RR_Mdn_mv";;"Mdn_mv";"0";"2022-08-10"
35171;"RR_Mdn_mv";;"Mdn_mv";"0";"2022-08-10"
35172;"RR_Mdn_mv";;"Mdn_mv";"0";"2022-08-10"
35173;"RR_Mdn_mv";;"Mdn_mv";"0";"2022-08-10"
35174;"RR_Mdn_mv";;"Mdn_mv";"0";"2022-08-10"
35011;"RR_obs";;"obs";"0";"2022-08-10"
35012;"RR_obs";;"obs";"0";"2022-08-10"
35013;"RR_obs";;"obs";"0";"2022-08-10"
35014;"RR_obs";;"obs";"0";"2022-08-10"
35015;"RR_obs";;"obs";"0";"2022-08-10"
35016;"RR_obs";;"obs";"0";"2022-08-10"
35021;"RR_obs";;"obs";"0";"2022-08-10"
35022;"RR_obs";;"obs";"0";"2022-08-10"
35023;"RR_obs";;"obs";"0";"2022-08-10"
35031;"RR_obs";;"obs";"0";"2022-08-10"
35032;"RR_obs";;"obs";"0";"2022-08-10"
35033;"RR_obs";;"obs";"0";"2022-08-10"
35034;"RR_obs";;"obs";"0";"2022-08-10"
35041;"RR_obs";;"obs";"0";"2022-08-10"
35051;"RR_obs";;"obs";"0";"2022-08-10"
35052;"RR_obs";;"obs";"0";"2022-08-10"
35061;"RR_obs";;"obs";"0";"2022-08-10"
35062;"RR_obs";;"obs";"0";"2022-08-10"
35063;"RR_obs";;"obs";"0";"2022-08-10"
35064;"RR_obs";;"obs";"0";"2022-08-10"
35065;"RR_obs";;"obs";"0";"2022-08-10"
35071;"RR_obs";;"obs";"0";"2022-08-10"
35072;"RR_obs";;"obs";"0";"2022-08-10"
35073;"RR_obs";;"obs";"0";"2022-08-10"
35074;"RR_obs";;"obs";"0";"2022-08-10"
35081;"RR_obs";;"obs";"0";"2022-08-10"
35082;"RR_obs";;"obs";"0";"2022-08-10"
35083;"RR_obs";;"obs";"0";"2022-08-10"
35091;"RR_obs";;"obs";"0";"2022-08-10"
35092;"RR_obs";;"obs";"0";"2022-08-10"
35093;"RR_obs";;"obs";"0";"2022-08-10"
35094;"RR_obs";;"obs";"0";"2022-08-10"
35095;"RR_obs";;"obs";"0";"2022-08-10"
35101;"RR_obs";;"obs";"0";"2022-08-10"
35102;"RR_obs";;"obs";"0";"2022-08-10"
35103;"RR_obs";;"obs";"0";"2022-08-10"
35104;"RR_obs";;"obs";"0";"2022-08-10"
35111;"RR_obs";;"obs";"0";"2022-08-10"
35112;"RR_obs";;"obs";"0";"2022-08-10"
35113;"RR_obs";;"obs";"0";"2022-08-10"
35114;"RR_obs";;"obs";"0";"2022-08-10"
35115;"RR_obs";;"obs";"0";"2022-08-10"
35121;"RR_obs";;"obs";"0";"2022-08-10"
35131;"RR_obs";;"obs";"0";"2022-08-10"
35132;"RR_obs";;"obs";"0";"2022-08-10"
35133;"RR_obs";;"obs";"0";"2022-08-10"
35141;"RR_obs";;"obs";"0";"2022-08-10"
35142;"RR_obs";;"obs";"0";"2022-08-10"
35143;"RR_obs";;"obs";"0";"2022-08-10"
35151;"RR_obs";;"obs";"0";"2022-08-10"
35152;"RR_obs";;"obs";"0";"2022-08-10"
35153;"RR_obs";;"obs";"0";"2022-08-10"
35154;"RR_obs";;"obs";"0";"2022-08-10"
35155;"RR_obs";;"obs";"0";"2022-08-10"
35156;"RR_obs";;"obs";"0";"2022-08-10"
35157;"RR_obs";;"obs";"0";"2022-08-10"
35161;"RR_obs";;"obs";"0";"2022-08-10"
35162;"RR_obs";;"obs";"0";"2022-08-10"
35163;"RR_obs";;"obs";"0";"2022-08-10"
35171;"RR_obs";;"obs";"0";"2022-08-10"
35172;"RR_obs";;"obs";"0";"2022-08-10"
35173;"RR_obs";;"obs";"0";"2022-08-10"
35174;"RR_obs";;"obs";"0";"2022-08-10"
35011;"RR_casos";;"casos";"0";"2022-07-20"
35012;"RR_casos";;"casos";"0";"2022-07-20"
35013;"RR_casos";;"casos";"0";"2022-07-20"
35014;"RR_casos";;"casos";"0";"2022-07-20"
35015;"RR_casos";;"casos";"0";"2022-07-20"
35016;"RR_casos";;"casos";"0";"2022-07-20"
35021;"RR_casos";;"casos";"0";"2022-07-20"
35022;"RR_casos";;"casos";"0";"2022-07-20"
35023;"RR_casos";;"casos";"0";"2022-07-20"
35031;"RR_casos";;"casos";"0";"2022-07-20"
35032;"RR_casos";;"casos";"0";"2022-07-20"
35033;"RR_casos";;"casos";"0";"2022-07-20"
35034;"RR_casos";;"casos";"0";"2022-07-20"
35041;"RR_casos";;"casos";"0";"2022-07-20"
35051;"RR_casos";1.3657957691;"casos";"1.1-2.0";"2022-07-20"
35052;"RR_casos";;"casos";"0";"2022-07-20"
35061;"RR_casos";;"casos";"0";"2022-07-20"
35062;"RR_casos";;"casos";"0";"2022-07-20"
35063;"RR_casos";;"casos";"0";"2022-07-20"
35064;"RR_casos";;"casos";"0";"2022-07-20"
35065;"RR_casos";;"casos";"0";"2022-07-20"
35071;"RR_casos";;"casos";"0";"2022-07-20"
35072;"RR_casos";;"casos";"0";"2022-07-20"
35073;"RR_casos";;"casos";"0";"2022-07-20"
35074;"RR_casos";;"casos";"0";"2022-07-20"
35081;"RR_casos";;"casos";"0";"2022-07-20"
35082;"RR_casos";;"casos";"0";"2022-07-20"
35083;"RR_casos";;"casos";"0";"2022-07-20"
35091;"RR_casos";;"casos";"0";"2022-07-20"
35092;"RR_casos";;"casos";"0";"2022-07-20"
35093;"RR_casos";2.1172925525;"casos";"2.0-3.0";"2022-07-20"
35094;"RR_casos";;"casos";"0";"2022-07-20"
35095;"RR_casos";;"casos";"0";"2022-07-20"
35101;"RR_casos";;"casos";"0";"2022-07-20"
35102;"RR_casos";;"casos";"0";"2022-07-20"
35103;"RR_casos";2.8690285501;"casos";"2.0-3.0";"2022-07-20"
35104;"RR_casos";;"casos";"0";"2022-07-20"
35111;"RR_casos";;"casos";"0";"2022-07-20"
35112;"RR_casos";;"casos";"0";"2022-07-20"
35113;"RR_casos";;"casos";"0";"2022-07-20"
35114;"RR_casos";;"casos";"0";"2022-07-20"
35115;"RR_casos";;"casos";"0";"2022-07-20"
35121;"RR_casos";;"casos";"0";"2022-07-20"
35131;"RR_casos";;"casos";"0";"2022-07-20"
35132;"RR_casos";1.417726404;"casos";"1.1-2.0";"2022-07-20"
35133;"RR_casos";1.417726404;"casos";"1.1-2.0";"2022-07-20"
35141;"RR_casos";;"casos";"0";"2022-07-20"
35142;"RR_casos";;"casos";"0";"2022-07-20"
35143;"RR_casos";;"casos";"0";"2022-07-20"
35151;"RR_casos";1.3657957691;"casos";"1.1-2.0";"2022-07-20"
35152;"RR_casos";;"casos";"0";"2022-07-20"
35153;"RR_casos";;"casos";"0";"2022-07-20"
35154;"RR_casos";;"casos";"0";"2022-07-20"
35155;"RR_casos";1.3657957691;"casos";"1.1-2.0";"2022-07-20"
35156;"RR_casos";1.3657957691;"casos";"1.1-2.0";"2022-07-20"
35157;"RR_casos";1.3657957691;"casos";"1.1-2.0";"2022-07-20"
35161;"RR_casos";;"casos";"0";"2022-07-20"
35162;"RR_casos";;"casos";"0";"2022-07-20"
35163;"RR_casos";;"casos";"0";"2022-07-20"
35171;"RR_casos";;"casos";"0";"2022-07-20"
35172;"RR_casos";;"casos";"0";"2022-07-20"
35173;"RR_casos";;"casos";"0";"2022-07-20"
35174;"RR_casos";;"casos";"0";"2022-07-20"
35011;"RR_Mdn";;"Mdn";"0";"2022-07-20"
35012;"RR_Mdn";;"Mdn";"0";"2022-07-20"
35013;"RR_Mdn";;"Mdn";"0";"2022-07-20"
35014;"RR_Mdn";;"Mdn";"0";"2022-07-20"
35015;"RR_Mdn";;"Mdn";"0";"2022-07-20"
35016;"RR_Mdn";;"Mdn";"0";"2022-07-20"
35021;"RR_Mdn";;"Mdn";"0";"2022-07-20"
35022;"RR_Mdn";;"Mdn";"0";"2022-07-20"
35023;"RR_Mdn";;"Mdn";"0";"2022-07-20"
35031;"RR_Mdn";;"Mdn";"0";"2022-07-20"
35032;"RR_Mdn";;"Mdn";"0";"2022-07-20"
35033;"RR_Mdn";;"Mdn";"0";"2022-07-20"
35034;"RR_Mdn";;"Mdn";"0";"2022-07-20"
35041;"RR_Mdn";;"Mdn";"0";"2022-07-20"
35051;"RR_Mdn";;"Mdn";"0";"2022-07-20"
35052;"RR_Mdn";;"Mdn";"0";"2022-07-20"
35061;"RR_Mdn";;"Mdn";"0";"2022-07-20"
35062;"RR_Mdn";;"Mdn";"0";"2022-07-20"
35063;"RR_Mdn";2.0359429062;"Mdn";"2.0-3.0";"2022-07-20"
35064;"RR_Mdn";;"Mdn";"0";"2022-07-20"
35065;"RR_Mdn";;"Mdn";"0";"2022-07-20"
35071;"RR_Mdn";;"Mdn";"0";"2022-07-20"
35072;"RR_Mdn";;"Mdn";"0";"2022-07-20"
35073;"RR_Mdn";;"Mdn";"0";"2022-07-20"
35074;"RR_Mdn";;"Mdn";"0";"2022-07-20"
35081;"RR_Mdn";;"Mdn";"0";"2022-07-20"
35082;"RR_Mdn";;"Mdn";"0";"2022-07-20"
35083;"RR_Mdn";;"Mdn";"0";"2022-07-20"
35091;"RR_Mdn";2.4009266354;"Mdn";"2.0-3.0";"2022-07-20"
35092;"RR_Mdn";;"Mdn";"0";"2022-07-20"
35093;"RR_Mdn";;"Mdn";"0";"2022-07-20"
35094;"RR_Mdn";;"Mdn";"0";"2022-07-20"
35095;"RR_Mdn";2.4009266354;"Mdn";"2.0-3.0";"2022-07-20"
35101;"RR_Mdn";;"Mdn";"0";"2022-07-20"
35102;"RR_Mdn";;"Mdn";"0";"2022-07-20"
35103;"RR_Mdn";2.0359429062;"Mdn";"2.0-3.0";"2022-07-20"
35104;"RR_Mdn";;"Mdn";"0";"2022-07-20"
35111;"RR_Mdn";2.4009266354;"Mdn";"2.0-3.0";"2022-07-20"
35112;"RR_Mdn";;"Mdn";"0";"2022-07-20"
35113;"RR_Mdn";;"Mdn";"0";"2022-07-20"
35114;"RR_Mdn";;"Mdn";"0";"2022-07-20"
35115;"RR_Mdn";;"Mdn";"0";"2022-07-20"
35121;"RR_Mdn";;"Mdn";"0";"2022-07-20"
35131;"RR_Mdn";;"Mdn";"0";"2022-07-20"
35132;"RR_Mdn";;"Mdn";"0";"2022-07-20"
35133;"RR_Mdn";2.8999748678;"Mdn";"2.0-3.0";"2022-07-20"
35141;"RR_Mdn";;"Mdn";"0";"2022-07-20"
35142;"RR_Mdn";;"Mdn";"0";"2022-07-20"
35143;"RR_Mdn";;"Mdn";"0";"2022-07-20"
35151;"RR_Mdn";;"Mdn";"0";"2022-07-20"
35152;"RR_Mdn";1.9583340387;"Mdn";"1.1-2.0";"2022-07-20"
35153;"RR_Mdn";1.9583340387;"Mdn";"1.1-2.0";"2022-07-20"
35154;"RR_Mdn";1.9583340387;"Mdn";"1.1-2.0";"2022-07-20"
35155;"RR_Mdn";;"Mdn";"0";"2022-07-20"
35156;"RR_Mdn";;"Mdn";"0";"2022-07-20"
35157;"RR_Mdn";;"Mdn";"0";"2022-07-20"
35161;"RR_Mdn";;"Mdn";"0";"2022-07-20"
35162;"RR_Mdn";;"Mdn";"0";"2022-07-20"
35163;"RR_Mdn";;"Mdn";"0";"2022-07-20"
35171;"RR_Mdn";;"Mdn";"0";"2022-07-20"
35172;"RR_Mdn";;"Mdn";"0";"2022-07-20"
35173;"RR_Mdn";;"Mdn";"0";"2022-07-20"
35174;"RR_Mdn";;"Mdn";"0";"2022-07-20"
35011;"RR_Mdn_mv";;"Mdn_mv";"0";"2022-07-20"
35012;"RR_Mdn_mv";;"Mdn_mv";"0";"2022-07-20"
35013;"RR_Mdn_mv";;"Mdn_mv";"0";"2022-07-20"
35014;"RR_Mdn_mv";;"Mdn_mv";"0";"2022-07-20"
35015;"RR_Mdn_mv";;"Mdn_mv";"0";"2022-07-20"
35016;"RR_Mdn_mv";;"Mdn_mv";"0";"2022-07-20"
35021;"RR_Mdn_mv";;"Mdn_mv";"0";"2022-07-20"
35022;"RR_Mdn_mv";;"Mdn_mv";"0";"2022-07-20"
35023;"RR_Mdn_mv";;"Mdn_mv";"0";"2022-07-20"
35031;"RR_Mdn_mv";;"Mdn_mv";"0";"2022-07-20"
35032;"RR_Mdn_mv";;"Mdn_mv";"0";"2022-07-20"
35033;"RR_Mdn_mv";;"Mdn_mv";"0";"2022-07-20"
35034;"RR_Mdn_mv";;"Mdn_mv";"0";"2022-07-20"
35041;"RR_Mdn_mv";;"Mdn_mv";"0";"2022-07-20"
35051;"RR_Mdn_mv";1.3310876657;"Mdn_mv";"1.1-2.0";"2022-07-20"
35052;"RR_Mdn_mv";;"Mdn_mv";"0";"2022-07-20"
35061;"RR_Mdn_mv";;"Mdn_mv";"0";"2022-07-20"
35062;"RR_Mdn_mv";;"Mdn_mv";"0";"2022-07-20"
35063;"RR_Mdn_mv";2.14451862;"Mdn_mv";"2.0-3.0";"2022-07-20"
35064;"RR_Mdn_mv";;"Mdn_mv";"0";"2022-07-20"
35065;"RR_Mdn_mv";;"Mdn_mv";"0";"2022-07-20"
35071;"RR_Mdn_mv";;"Mdn_mv";"0";"2022-07-20"
35072;"RR_Mdn_mv";;"Mdn_mv";"0";"2022-07-20"
35073;"RR_Mdn_mv";;"Mdn_mv";"0";"2022-07-20"
35074;"RR_Mdn_mv";;"Mdn_mv";"0";"2022-07-20"
35081;"RR_Mdn_mv";;"Mdn_mv";"0";"2022-07-20"
35082;"RR_Mdn_mv";;"Mdn_mv";"0";"2022-07-20"
35083;"RR_Mdn_mv";;"Mdn_mv";"0";"2022-07-20"
35091;"RR_Mdn_mv";2.0705917331;"Mdn_mv";"2.0-3.0";"2022-07-20"
35092;"RR_Mdn_mv";;"Mdn_mv";"0";"2022-07-20"
35093;"RR_Mdn_mv";;"Mdn_mv";"0";"2022-07-20"
35094;"RR_Mdn_mv";;"Mdn_mv";"0";"2022-07-20"
35095;"RR_Mdn_mv";2.0705917331;"Mdn_mv";"2.0-3.0";"2022-07-20"
35101;"RR_Mdn_mv";;"Mdn_mv";"0";"2022-07-20"
35102;"RR_Mdn_mv";;"Mdn_mv";"0";"2022-07-20"
35103;"RR_Mdn_mv";2.14451862;"Mdn_mv";"2.0-3.0";"2022-07-20"
35104;"RR_Mdn_mv";;"Mdn_mv";"0";"2022-07-20"
35111;"RR_Mdn_mv";2.0705917331;"Mdn_mv";"2.0-3.0";"2022-07-20"
35112;"RR_Mdn_mv";;"Mdn_mv";"0";"2022-07-20"
35113;"RR_Mdn_mv";;"Mdn_mv";"0";"2022-07-20"
35114;"RR_Mdn_mv";;"Mdn_mv";"0";"2022-07-20"
35115;"RR_Mdn_mv";;"Mdn_mv";"0";"2022-07-20"
35121;"RR_Mdn_mv";;"Mdn_mv";"0";"2022-07-20"
35131;"RR_Mdn_mv";;"Mdn_mv";"0";"2022-07-20"
35132;"RR_Mdn_mv";;"Mdn_mv";"0";"2022-07-20"
35133;"RR_Mdn_mv";2.1660745942;"Mdn_mv";"2.0-3.0";"2022-07-20"
35141;"RR_Mdn_mv";;"Mdn_mv";"0";"2022-07-20"
35142;"RR_Mdn_mv";;"Mdn_mv";"0";"2022-07-20"
35143;"RR_Mdn_mv";;"Mdn_mv";"0";"2022-07-20"
35151;"RR_Mdn_mv";1.3310876657;"Mdn_mv";"1.1-2.0";"2022-07-20"
35152;"RR_Mdn_mv";;"Mdn_mv";"0";"2022-07-20"
35153;"RR_Mdn_mv";;"Mdn_mv";"0";"2022-07-20"
35154;"RR_Mdn_mv";;"Mdn_mv";"0";"2022-07-20"
35155;"RR_Mdn_mv";1.3310876657;"Mdn_mv";"1.1-2.0";"2022-07-20"
35156;"RR_Mdn_mv";1.3310876657;"Mdn_mv";"1.1-2.0";"2022-07-20"
35157;"RR_Mdn_mv";1.3310876657;"Mdn_mv";"1.1-2.0";"2022-07-20"
35161;"RR_Mdn_mv";;"Mdn_mv";"0";"2022-07-20"
35162;"RR_Mdn_mv";;"Mdn_mv";"0";"2022-07-20"
35163;"RR_Mdn_mv";;"Mdn_mv";"0";"2022-07-20"
35171;"RR_Mdn_mv";;"Mdn_mv";"0";"2022-07-20"
35172;"RR_Mdn_mv";;"Mdn_mv";"0";"2022-07-20"
35173;"RR_Mdn_mv";;"Mdn_mv";"0";"2022-07-20"
35174;"RR_Mdn_mv";;"Mdn_mv";"0";"2022-07-20"
35011;"RR_obs";;"obs";"0";"2022-07-20"
35012;"RR_obs";;"obs";"0";"2022-07-20"
35013;"RR_obs";;"obs";"0";"2022-07-20"
35014;"RR_obs";;"obs";"0";"2022-07-20"
35015;"RR_obs";;"obs";"0";"2022-07-20"
35016;"RR_obs";;"obs";"0";"2022-07-20"
35021;"RR_obs";;"obs";"0";"2022-07-20"
35022;"RR_obs";;"obs";"0";"2022-07-20"
35023;"RR_obs";;"obs";"0";"2022-07-20"
35031;"RR_obs";;"obs";"0";"2022-07-20"
35032;"RR_obs";;"obs";"0";"2022-07-20"
35033;"RR_obs";;"obs";"0";"2022-07-20"
35034;"RR_obs";;"obs";"0";"2022-07-20"
35041;"RR_obs";;"obs";"0";"2022-07-20"
35051;"RR_obs";;"obs";"0";"2022-07-20"
35052;"RR_obs";;"obs";"0";"2022-07-20"
35061;"RR_obs";;"obs";"0";"2022-07-20"
35062;"RR_obs";;"obs";"0";"2022-07-20"
35063;"RR_obs";;"obs";"0";"2022-07-20"
35064;"RR_obs";;"obs";"0";"2022-07-20"
35065;"RR_obs";;"obs";"0";"2022-07-20"
35071;"RR_obs";;"obs";"0";"2022-07-20"
35072;"RR_obs";;"obs";"0";"2022-07-20"
35073;"RR_obs";;"obs";"0";"2022-07-20"
35074;"RR_obs";;"obs";"0";"2022-07-20"
35081;"RR_obs";;"obs";"0";"2022-07-20"
35082;"RR_obs";;"obs";"0";"2022-07-20"
35083;"RR_obs";;"obs";"0";"2022-07-20"
35091;"RR_obs";;"obs";"0";"2022-07-20"
35092;"RR_obs";;"obs";"0";"2022-07-20"
35093;"RR_obs";;"obs";"0";"2022-07-20"
35094;"RR_obs";;"obs";"0";"2022-07-20"
35095;"RR_obs";;"obs";"0";"2022-07-20"
35101;"RR_obs";;"obs";"0";"2022-07-20"
35102;"RR_obs";;"obs";"0";"2022-07-20"
35103;"RR_obs";;"obs";"0";"2022-07-20"
35104;"RR_obs";;"obs";"0";"2022-07-20"
35111;"RR_obs";;"obs";"0";"2022-07-20"
35112;"RR_obs";;"obs";"0";"2022-07-20"
35113;"RR_obs";;"obs";"0";"2022-07-20"
35114;"RR_obs";;"obs";"0";"2022-07-20"
35115;"RR_obs";;"obs";"0";"2022-07-20"
35121;"RR_obs";;"obs";"0";"2022-07-20"
35131;"RR_obs";;"obs";"0";"2022-07-20"
35132;"RR_obs";;"obs";"0";"2022-07-20"
35133;"RR_obs";;"obs";"0";"2022-07-20"
35141;"RR_obs";;"obs";"0";"2022-07-20"
35142;"RR_obs";;"obs";"0";"2022-07-20"
35143;"RR_obs";;"obs";"0";"2022-07-20"
35151;"RR_obs";;"obs";"0";"2022-07-20"
35152;"RR_obs";;"obs";"0";"2022-07-20"
35153;"RR_obs";;"obs";"0";"2022-07-20"
35154;"RR_obs";;"obs";"0";"2022-07-20"
35155;"RR_obs";;"obs";"0";"2022-07-20"
35156;"RR_obs";;"obs";"0";"2022-07-20"
35157;"RR_obs";;"obs";"0";"2022-07-20"
35161;"RR_obs";;"obs";"0";"2022-07-20"
35162;"RR_obs";;"obs";"0";"2022-07-20"
35163;"RR_obs";;"obs";"0";"2022-07-20"
35171;"RR_obs";;"obs";"0";"2022-07-20"
35172;"RR_obs";;"obs";"0";"2022-07-20"
35173;"RR_obs";;"obs";"0";"2022-07-20"
35174;"RR_obs";;"obs";"0";"2022-07-20"
35011;"RR_casos";;"casos";"0";"2022-07-06"
35012;"RR_casos";;"casos";"0";"2022-07-06"
35013;"RR_casos";;"casos";"0";"2022-07-06"
35014;"RR_casos";;"casos";"0";"2022-07-06"
35015;"RR_casos";;"casos";"0";"2022-07-06"
35016;"RR_casos";;"casos";"0";"2022-07-06"
35021;"RR_casos";;"casos";"0";"2022-07-06"
35022;"RR_casos";;"casos";"0";"2022-07-06"
35023;"RR_casos";;"casos";"0";"2022-07-06"
35031;"RR_casos";;"casos";"0";"2022-07-06"
35032;"RR_casos";;"casos";"0";"2022-07-06"
35033;"RR_casos";;"casos";"0";"2022-07-06"
35034;"RR_casos";;"casos";"0";"2022-07-06"
35041;"RR_casos";;"casos";"0";"2022-07-06"
35051;"RR_casos";1.6251890633;"casos";"1.1-2.0";"2022-07-06"
35052;"RR_casos";;"casos";"0";"2022-07-06"
35061;"RR_casos";;"casos";"0";"2022-07-06"
35062;"RR_casos";;"casos";"0";"2022-07-06"
35063;"RR_casos";2.0597531064;"casos";"2.0-3.0";"2022-07-06"
35064;"RR_casos";;"casos";"0";"2022-07-06"
35065;"RR_casos";;"casos";"0";"2022-07-06"
35071;"RR_casos";;"casos";"0";"2022-07-06"
35072;"RR_casos";1.2004554416;"casos";"1.1-2.0";"2022-07-06"
35073;"RR_casos";;"casos";"0";"2022-07-06"
35074;"RR_casos";;"casos";"0";"2022-07-06"
35081;"RR_casos";;"casos";"0";"2022-07-06"
35082;"RR_casos";;"casos";"0";"2022-07-06"
35083;"RR_casos";;"casos";"0";"2022-07-06"
35091;"RR_casos";1.4808321687;"casos";"1.1-2.0";"2022-07-06"
35092;"RR_casos";;"casos";"0";"2022-07-06"
35093;"RR_casos";1.7319922414;"casos";"1.1-2.0";"2022-07-06"
35094;"RR_casos";;"casos";"0";"2022-07-06"
35095;"RR_casos";1.4808321687;"casos";"1.1-2.0";"2022-07-06"
35101;"RR_casos";;"casos";"0";"2022-07-06"
35102;"RR_casos";;"casos";"0";"2022-07-06"
35103;"RR_casos";2.0597531064;"casos";"2.0-3.0";"2022-07-06"
35104;"RR_casos";;"casos";"0";"2022-07-06"
35111;"RR_casos";1.4808321687;"casos";"1.1-2.0";"2022-07-06"
35112;"RR_casos";1.4808321687;"casos";"1.1-2.0";"2022-07-06"
35113;"RR_casos";;"casos";"0";"2022-07-06"
35114;"RR_casos";;"casos";"0";"2022-07-06"
35115;"RR_casos";;"casos";"0";"2022-07-06"
35121;"RR_casos";;"casos";"0";"2022-07-06"
35131;"RR_casos";;"casos";"0";"2022-07-06"
35132;"RR_casos";;"casos";"0";"2022-07-06"
35133;"RR_casos";;"casos";"0";"2022-07-06"
35141;"RR_casos";;"casos";"0";"2022-07-06"
35142;"RR_casos";;"casos";"0";"2022-07-06"
35143;"RR_casos";;"casos";"0";"2022-07-06"
35151;"RR_casos";1.6251890633;"casos";"1.1-2.0";"2022-07-06"
35152;"RR_casos";;"casos";"0";"2022-07-06"
35153;"RR_casos";;"casos";"0";"2022-07-06"
35154;"RR_casos";;"casos";"0";"2022-07-06"
35155;"RR_casos";1.6251890633;"casos";"1.1-2.0";"2022-07-06"
35156;"RR_casos";1.6251890633;"casos";"1.1-2.0";"2022-07-06"
35157;"RR_casos";1.6251890633;"casos";"1.1-2.0";"2022-07-06"
35161;"RR_casos";;"casos";"0";"2022-07-06"
35162;"RR_casos";;"casos";"0";"2022-07-06"
35163;"RR_casos";;"casos";"0";"2022-07-06"
35171;"RR_casos";;"casos";"0";"2022-07-06"
35172;"RR_casos";;"casos";"0";"2022-07-06"
35173;"RR_casos";;"casos";"0";"2022-07-06"
35174;"RR_casos";;"casos";"0";"2022-07-06"
35011;"RR_Mdn";;"Mdn";"0";"2022-07-06"
35012;"RR_Mdn";;"Mdn";"0";"2022-07-06"
35013;"RR_Mdn";;"Mdn";"0";"2022-07-06"
35014;"RR_Mdn";;"Mdn";"0";"2022-07-06"
35015;"RR_Mdn";;"Mdn";"0";"2022-07-06"
35016;"RR_Mdn";;"Mdn";"0";"2022-07-06"
35021;"RR_Mdn";;"Mdn";"0";"2022-07-06"
35022;"RR_Mdn";;"Mdn";"0";"2022-07-06"
35023;"RR_Mdn";;"Mdn";"0";"2022-07-06"
35031;"RR_Mdn";;"Mdn";"0";"2022-07-06"
35032;"RR_Mdn";;"Mdn";"0";"2022-07-06"
35033;"RR_Mdn";;"Mdn";"0";"2022-07-06"
35034;"RR_Mdn";;"Mdn";"0";"2022-07-06"
35041;"RR_Mdn";;"Mdn";"0";"2022-07-06"
35051;"RR_Mdn";;"Mdn";"0";"2022-07-06"
35052;"RR_Mdn";;"Mdn";"0";"2022-07-06"
35061;"RR_Mdn";;"Mdn";"0";"2022-07-06"
35062;"RR_Mdn";;"Mdn";"0";"2022-07-06"
35063;"RR_Mdn";1.7060348329;"Mdn";"1.1-2.0";"2022-07-06"
35064;"RR_Mdn";;"Mdn";"0";"2022-07-06"
35065;"RR_Mdn";;"Mdn";"0";"2022-07-06"
35071;"RR_Mdn";;"Mdn";"0";"2022-07-06"
35072;"RR_Mdn";;"Mdn";"0";"2022-07-06"
35073;"RR_Mdn";;"Mdn";"0";"2022-07-06"
35074;"RR_Mdn";;"Mdn";"0";"2022-07-06"
35081;"RR_Mdn";;"Mdn";"0";"2022-07-06"
35082;"RR_Mdn";;"Mdn";"0";"2022-07-06"
35083;"RR_Mdn";;"Mdn";"0";"2022-07-06"
35091;"RR_Mdn";;"Mdn";"0";"2022-07-06"
35092;"RR_Mdn";;"Mdn";"0";"2022-07-06"
35093;"RR_Mdn";;"Mdn";"0";"2022-07-06"
35094;"RR_Mdn";;"Mdn";"0";"2022-07-06"
35095;"RR_Mdn";;"Mdn";"0";"2022-07-06"
35101;"RR_Mdn";;"Mdn";"0";"2022-07-06"
35102;"RR_Mdn";;"Mdn";"0";"2022-07-06"
35103;"RR_Mdn";1.7060348329;"Mdn";"1.1-2.0";"2022-07-06"
35104;"RR_Mdn";;"Mdn";"0";"2022-07-06"
35111;"RR_Mdn";;"Mdn";"0";"2022-07-06"
35112;"RR_Mdn";;"Mdn";"0";"2022-07-06"
35113;"RR_Mdn";;"Mdn";"0";"2022-07-06"
35114;"RR_Mdn";;"Mdn";"0";"2022-07-06"
35115;"RR_Mdn";;"Mdn";"0";"2022-07-06"
35121;"RR_Mdn";;"Mdn";"0";"2022-07-06"
35131;"RR_Mdn";;"Mdn";"0";"2022-07-06"
35132;"RR_Mdn";;"Mdn";"0";"2022-07-06"
35133;"RR_Mdn";;"Mdn";"0";"2022-07-06"
35141;"RR_Mdn";;"Mdn";"0";"2022-07-06"
35142;"RR_Mdn";;"Mdn";"0";"2022-07-06"
35143;"RR_Mdn";;"Mdn";"0";"2022-07-06"
35151;"RR_Mdn";;"Mdn";"0";"2022-07-06"
35152;"RR_Mdn";;"Mdn";"0";"2022-07-06"
35153;"RR_Mdn";;"Mdn";"0";"2022-07-06"
35154;"RR_Mdn";;"Mdn";"0";"2022-07-06"
35155;"RR_Mdn";;"Mdn";"0";"2022-07-06"
35156;"RR_Mdn";;"Mdn";"0";"2022-07-06"
35157;"RR_Mdn";;"Mdn";"0";"2022-07-06"
35161;"RR_Mdn";;"Mdn";"0";"2022-07-06"
35162;"RR_Mdn";;"Mdn";"0";"2022-07-06"
35163;"RR_Mdn";;"Mdn";"0";"2022-07-06"
35171;"RR_Mdn";;"Mdn";"0";"2022-07-06"
35172;"RR_Mdn";;"Mdn";"0";"2022-07-06"
35173;"RR_Mdn";;"Mdn";"0";"2022-07-06"
35174;"RR_Mdn";;"Mdn";"0";"2022-07-06"
35011;"RR_Mdn_mv";;"Mdn_mv";"0";"2022-07-06"
35012;"RR_Mdn_mv";;"Mdn_mv";"0";"2022-07-06"
35013;"RR_Mdn_mv";;"Mdn_mv";"0";"2022-07-06"
35014;"RR_Mdn_mv";;"Mdn_mv";"0";"2022-07-06"
35015;"RR_Mdn_mv";;"Mdn_mv";"0";"2022-07-06"
35016;"RR_Mdn_mv";;"Mdn_mv";"0";"2022-07-06"
35021;"RR_Mdn_mv";;"Mdn_mv";"0";"2022-07-06"
35022;"RR_Mdn_mv";;"Mdn_mv";"0";"2022-07-06"
35023;"RR_Mdn_mv";;"Mdn_mv";"0";"2022-07-06"
35031;"RR_Mdn_mv";;"Mdn_mv";"0";"2022-07-06"
35032;"RR_Mdn_mv";;"Mdn_mv";"0";"2022-07-06"
35033;"RR_Mdn_mv";;"Mdn_mv";"0";"2022-07-06"
35034;"RR_Mdn_mv";;"Mdn_mv";"0";"2022-07-06"
35041;"RR_Mdn_mv";;"Mdn_mv";"0";"2022-07-06"
35051;"RR_Mdn_mv";;"Mdn_mv";"0";"2022-07-06"
35052;"RR_Mdn_mv";;"Mdn_mv";"0";"2022-07-06"
35061;"RR_Mdn_mv";;"Mdn_mv";"0";"2022-07-06"
35062;"RR_Mdn_mv";;"Mdn_mv";"0";"2022-07-06"
35063;"RR_Mdn_mv";1.9501703611;"Mdn_mv";"1.1-2.0";"2022-07-06"
35064;"RR_Mdn_mv";;"Mdn_mv";"0";"2022-07-06"
35065;"RR_Mdn_mv";;"Mdn_mv";"0";"2022-07-06"
35071;"RR_Mdn_mv";;"Mdn_mv";"0";"2022-07-06"
35072;"RR_Mdn_mv";;"Mdn_mv";"0";"2022-07-06"
35073;"RR_Mdn_mv";;"Mdn_mv";"0";"2022-07-06"
35074;"RR_Mdn_mv";;"Mdn_mv";"0";"2022-07-06"
35081;"RR_Mdn_mv";;"Mdn_mv";"0";"2022-07-06"
35082;"RR_Mdn_mv";;"Mdn_mv";"0";"2022-07-06"
35083;"RR_Mdn_mv";;"Mdn_mv";"0";"2022-07-06"
35091;"RR_Mdn_mv";;"Mdn_mv";"0";"2022-07-06"
35092;"RR_Mdn_mv";;"Mdn_mv";"0";"2022-07-06"
35093;"RR_Mdn_mv";1.6480432426;"Mdn_mv";"1.1-2.0";"2022-07-06"
35094;"RR_Mdn_mv";;"Mdn_mv";"0";"2022-07-06"
35095;"RR_Mdn_mv";;"Mdn_mv";"0";"2022-07-06"
35101;"RR_Mdn_mv";;"Mdn_mv";"0";"2022-07-06"
35102;"RR_Mdn_mv";;"Mdn_mv";"0";"2022-07-06"
35103;"RR_Mdn_mv";1.9501703611;"Mdn_mv";"1.1-2.0";"2022-07-06"
35104;"RR_Mdn_mv";;"Mdn_mv";"0";"2022-07-06"
35111;"RR_Mdn_mv";;"Mdn_mv";"0";"2022-07-06"
35112;"RR_Mdn_mv";;"Mdn_mv";"0";"2022-07-06"
35113;"RR_Mdn_mv";;"Mdn_mv";"0";"2022-07-06"
35114;"RR_Mdn_mv";;"Mdn_mv";"0";"2022-07-06"
35115;"RR_Mdn_mv";;"Mdn_mv";"0";"2022-07-06"
35121;"RR_Mdn_mv";;"Mdn_mv";"0";"2022-07-06"
35131;"RR_Mdn_mv";;"Mdn_mv";"0";"2022-07-06"
35132;"RR_Mdn_mv";;"Mdn_mv";"0";"2022-07-06"
35133;"RR_Mdn_mv";;"Mdn_mv";"0";"2022-07-06"
35141;"RR_Mdn_mv";;"Mdn_mv";"0";"2022-07-06"
35142;"RR_Mdn_mv";;"Mdn_mv";"0";"2022-07-06"
35143;"RR_Mdn_mv";;"Mdn_mv";"0";"2022-07-06"
35151;"RR_Mdn_mv";;"Mdn_mv";"0";"2022-07-06"
35152;"RR_Mdn_mv";;"Mdn_mv";"0";"2022-07-06"
35153;"RR_Mdn_mv";;"Mdn_mv";"0";"2022-07-06"
35154;"RR_Mdn_mv";;"Mdn_mv";"0";"2022-07-06"
35155;"RR_Mdn_mv";1.6612421076;"Mdn_mv";"1.1-2.0";"2022-07-06"
35156;"RR_Mdn_mv";1.6612421076;"Mdn_mv";"1.1-2.0";"2022-07-06"
35157;"RR_Mdn_mv";;"Mdn_mv";"0";"2022-07-06"
35161;"RR_Mdn_mv";;"Mdn_mv";"0";"2022-07-06"
35162;"RR_Mdn_mv";;"Mdn_mv";"0";"2022-07-06"
35163;"RR_Mdn_mv";;"Mdn_mv";"0";"2022-07-06"
35171;"RR_Mdn_mv";;"Mdn_mv";"0";"2022-07-06"
35172;"RR_Mdn_mv";;"Mdn_mv";"0";"2022-07-06"
35173;"RR_Mdn_mv";;"Mdn_mv";"0";"2022-07-06"
35174;"RR_Mdn_mv";;"Mdn_mv";"0";"2022-07-06"
35011;"RR_obs";;"obs";"0";"2022-07-06"
35012;"RR_obs";;"obs";"0";"2022-07-06"
35013;"RR_obs";;"obs";"0";"2022-07-06"
35014;"RR_obs";;"obs";"0";"2022-07-06"
35015;"RR_obs";;"obs";"0";"2022-07-06"
35016;"RR_obs";;"obs";"0";"2022-07-06"
35021;"RR_obs";;"obs";"0";"2022-07-06"
35022;"RR_obs";;"obs";"0";"2022-07-06"
35023;"RR_obs";;"obs";"0";"2022-07-06"
35031;"RR_obs";;"obs";"0";"2022-07-06"
35032;"RR_obs";;"obs";"0";"2022-07-06"
35033;"RR_obs";;"obs";"0";"2022-07-06"
35034;"RR_obs";;"obs";"0";"2022-07-06"
35041;"RR_obs";;"obs";"0";"2022-07-06"
35051;"RR_obs";;"obs";"0";"2022-07-06"
35052;"RR_obs";;"obs";"0";"2022-07-06"
35061;"RR_obs";;"obs";"0";"2022-07-06"
35062;"RR_obs";;"obs";"0";"2022-07-06"
35063;"RR_obs";;"obs";"0";"2022-07-06"
35064;"RR_obs";;"obs";"0";"2022-07-06"
35065;"RR_obs";;"obs";"0";"2022-07-06"
35071;"RR_obs";;"obs";"0";"2022-07-06"
35072;"RR_obs";;"obs";"0";"2022-07-06"
35073;"RR_obs";;"obs";"0";"2022-07-06"
35074;"RR_obs";;"obs";"0";"2022-07-06"
35081;"RR_obs";;"obs";"0";"2022-07-06"
35082;"RR_obs";;"obs";"0";"2022-07-06"
35083;"RR_obs";;"obs";"0";"2022-07-06"
35091;"RR_obs";;"obs";"0";"2022-07-06"
35092;"RR_obs";;"obs";"0";"2022-07-06"
35093;"RR_obs";;"obs";"0";"2022-07-06"
35094;"RR_obs";;"obs";"0";"2022-07-06"
35095;"RR_obs";;"obs";"0";"2022-07-06"
35101;"RR_obs";;"obs";"0";"2022-07-06"
35102;"RR_obs";;"obs";"0";"2022-07-06"
35103;"RR_obs";;"obs";"0";"2022-07-06"
35104;"RR_obs";;"obs";"0";"2022-07-06"
35111;"RR_obs";;"obs";"0";"2022-07-06"
35112;"RR_obs";;"obs";"0";"2022-07-06"
35113;"RR_obs";;"obs";"0";"2022-07-06"
35114;"RR_obs";;"obs";"0";"2022-07-06"
35115;"RR_obs";;"obs";"0";"2022-07-06"
35121;"RR_obs";;"obs";"0";"2022-07-06"
35131;"RR_obs";;"obs";"0";"2022-07-06"
35132;"RR_obs";;"obs";"0";"2022-07-06"
35133;"RR_obs";;"obs";"0";"2022-07-06"
35141;"RR_obs";;"obs";"0";"2022-07-06"
35142;"RR_obs";;"obs";"0";"2022-07-06"
35143;"RR_obs";;"obs";"0";"2022-07-06"
35151;"RR_obs";;"obs";"0";"2022-07-06"
35152;"RR_obs";;"obs";"0";"2022-07-06"
35153;"RR_obs";;"obs";"0";"2022-07-06"
35154;"RR_obs";;"obs";"0";"2022-07-06"
35155;"RR_obs";;"obs";"0";"2022-07-06"
35156;"RR_obs";;"obs";"0";"2022-07-06"
35157;"RR_obs";;"obs";"0";"2022-07-06"
35161;"RR_obs";;"obs";"0";"2022-07-06"
35162;"RR_obs";;"obs";"0";"2022-07-06"
35163;"RR_obs";;"obs";"0";"2022-07-06"
35171;"RR_obs";;"obs";"0";"2022-07-06"
35172;"RR_obs";;"obs";"0";"2022-07-06"
35173;"RR_obs";;"obs";"0";"2022-07-06"
35174;"RR_obs";;"obs";"0";"2022-07-06"
35011;"RR_casos";;"casos";"0";"2022-06-12"
35012;"RR_casos";;"casos";"0";"2022-06-12"
35013;"RR_casos";;"casos";"0";"2022-06-12"
35014;"RR_casos";;"casos";"0";"2022-06-12"
35015;"RR_casos";1.1962860045;"casos";"1.1-2.0";"2022-06-12"
35016;"RR_casos";;"casos";"0";"2022-06-12"
35021;"RR_casos";;"casos";"0";"2022-06-12"
35022;"RR_casos";;"casos";"0";"2022-06-12"
35023;"RR_casos";;"casos";"0";"2022-06-12"
35031;"RR_casos";;"casos";"0";"2022-06-12"
35032;"RR_casos";1.4321662729;"casos";"1.1-2.0";"2022-06-12"
35033;"RR_casos";1.4321662729;"casos";"1.1-2.0";"2022-06-12"
35034;"RR_casos";;"casos";"0";"2022-06-12"
35041;"RR_casos";;"casos";"0";"2022-06-12"
35051;"RR_casos";;"casos";"0";"2022-06-12"
35052;"RR_casos";;"casos";"0";"2022-06-12"
35061;"RR_casos";;"casos";"0";"2022-06-12"
35062;"RR_casos";;"casos";"0";"2022-06-12"
35063;"RR_casos";1.7864776083;"casos";"1.1-2.0";"2022-06-12"
35064;"RR_casos";;"casos";"0";"2022-06-12"
35065;"RR_casos";;"casos";"0";"2022-06-12"
35071;"RR_casos";;"casos";"0";"2022-06-12"
35072;"RR_casos";1.3085765931;"casos";"1.1-2.0";"2022-06-12"
35073;"RR_casos";;"casos";"0";"2022-06-12"
35074;"RR_casos";;"casos";"0";"2022-06-12"
35081;"RR_casos";;"casos";"0";"2022-06-12"
35082;"RR_casos";;"casos";"0";"2022-06-12"
35083;"RR_casos";;"casos";"0";"2022-06-12"
35091;"RR_casos";;"casos";"0";"2022-06-12"
35092;"RR_casos";;"casos";"0";"2022-06-12"
35093;"RR_casos";1.8435319769;"casos";"1.1-2.0";"2022-06-12"
35094;"RR_casos";;"casos";"0";"2022-06-12"
35095;"RR_casos";;"casos";"0";"2022-06-12"
35101;"RR_casos";;"casos";"0";"2022-06-12"
35102;"RR_casos";;"casos";"0";"2022-06-12"
35103;"RR_casos";1.7864776083;"casos";"1.1-2.0";"2022-06-12"
35104;"RR_casos";;"casos";"0";"2022-06-12"
35111;"RR_casos";;"casos";"0";"2022-06-12"
35112;"RR_casos";1.6444385984;"casos";"1.1-2.0";"2022-06-12"
35113;"RR_casos";1.6444385984;"casos";"1.1-2.0";"2022-06-12"
35114;"RR_casos";;"casos";"0";"2022-06-12"
35115;"RR_casos";;"casos";"0";"2022-06-12"
35121;"RR_casos";;"casos";"0";"2022-06-12"
35131;"RR_casos";;"casos";"0";"2022-06-12"
35132;"RR_casos";;"casos";"0";"2022-06-12"
35133;"RR_casos";;"casos";"0";"2022-06-12"
35141;"RR_casos";;"casos";"0";"2022-06-12"
35142;"RR_casos";;"casos";"0";"2022-06-12"
35143;"RR_casos";;"casos";"0";"2022-06-12"
35151;"RR_casos";1.4321662729;"casos";"1.1-2.0";"2022-06-12"
35152;"RR_casos";;"casos";"0";"2022-06-12"
35153;"RR_casos";;"casos";"0";"2022-06-12"
35154;"RR_casos";;"casos";"0";"2022-06-12"
35155;"RR_casos";2.5553494177;"casos";"2.0-3.0";"2022-06-12"
35156;"RR_casos";2.5553494177;"casos";"2.0-3.0";"2022-06-12"
35157;"RR_casos";;"casos";"0";"2022-06-12"
35161;"RR_casos";;"casos";"0";"2022-06-12"
35162;"RR_casos";;"casos";"0";"2022-06-12"
35163;"RR_casos";;"casos";"0";"2022-06-12"
35171;"RR_casos";;"casos";"0";"2022-06-12"
35172;"RR_casos";;"casos";"0";"2022-06-12"
35173;"RR_casos";;"casos";"0";"2022-06-12"
35174;"RR_casos";;"casos";"0";"2022-06-12"
35011;"RR_Mdn";;"Mdn";"0";"2022-06-12"
35012;"RR_Mdn";;"Mdn";"0";"2022-06-12"
35013;"RR_Mdn";;"Mdn";"0";"2022-06-12"
35014;"RR_Mdn";;"Mdn";"0";"2022-06-12"
35015;"RR_Mdn";;"Mdn";"0";"2022-06-12"
35016;"RR_Mdn";;"Mdn";"0";"2022-06-12"
35021;"RR_Mdn";2.5318714208;"Mdn";"2.0-3.0";"2022-06-12"
35022;"RR_Mdn";2.5318714208;"Mdn";"2.0-3.0";"2022-06-12"
35023;"RR_Mdn";2.5318714208;"Mdn";"2.0-3.0";"2022-06-12"
35031;"RR_Mdn";;"Mdn";"0";"2022-06-12"
35032;"RR_Mdn";2.22014851;"Mdn";"2.0-3.0";"2022-06-12"
35033;"RR_Mdn";2.22014851;"Mdn";"2.0-3.0";"2022-06-12"
35034;"RR_Mdn";;"Mdn";"0";"2022-06-12"
35041;"RR_Mdn";;"Mdn";"0";"2022-06-12"
35051;"RR_Mdn";;"Mdn";"0";"2022-06-12"
35052;"RR_Mdn";;"Mdn";"0";"2022-06-12"
35061;"RR_Mdn";;"Mdn";"0";"2022-06-12"
35062;"RR_Mdn";;"Mdn";"0";"2022-06-12"
35063;"RR_Mdn";2.6373861406;"Mdn";"2.0-3.0";"2022-06-12"
35064;"RR_Mdn";;"Mdn";"0";"2022-06-12"
35065;"RR_Mdn";2.5318714208;"Mdn";"2.0-3.0";"2022-06-12"
35071;"RR_Mdn";;"Mdn";"0";"2022-06-12"
35072;"RR_Mdn";1.340613615;"Mdn";"1.1-2.0";"2022-06-12"
35073;"RR_Mdn";;"Mdn";"0";"2022-06-12"
35074;"RR_Mdn";3.2267250241;"Mdn";">3";"2022-06-12"
35081;"RR_Mdn";3.1109919058;"Mdn";">3";"2022-06-12"
35082;"RR_Mdn";;"Mdn";"0";"2022-06-12"
35083;"RR_Mdn";;"Mdn";"0";"2022-06-12"
35091;"RR_Mdn";2.5318714208;"Mdn";"2.0-3.0";"2022-06-12"
35092;"RR_Mdn";;"Mdn";"0";"2022-06-12"
35093;"RR_Mdn";2.5318714208;"Mdn";"2.0-3.0";"2022-06-12"
35094;"RR_Mdn";;"Mdn";"0";"2022-06-12"
35095;"RR_Mdn";2.5318714208;"Mdn";"2.0-3.0";"2022-06-12"
35101;"RR_Mdn";1.4377150965;"Mdn";"1.1-2.0";"2022-06-12"
35102;"RR_Mdn";;"Mdn";"0";"2022-06-12"
35103;"RR_Mdn";2.6373861406;"Mdn";"2.0-3.0";"2022-06-12"
35104;"RR_Mdn";;"Mdn";"0";"2022-06-12"
35111;"RR_Mdn";2.5318714208;"Mdn";"2.0-3.0";"2022-06-12"
35112;"RR_Mdn";2.5318714208;"Mdn";"2.0-3.0";"2022-06-12"
35113;"RR_Mdn";2.5318714208;"Mdn";"2.0-3.0";"2022-06-12"
35114;"RR_Mdn";2.5318714208;"Mdn";"2.0-3.0";"2022-06-12"
35115;"RR_Mdn";2.5318714208;"Mdn";"2.0-3.0";"2022-06-12"
35121;"RR_Mdn";;"Mdn";"0";"2022-06-12"
35131;"RR_Mdn";;"Mdn";"0";"2022-06-12"
35132;"RR_Mdn";1.4377150965;"Mdn";"1.1-2.0";"2022-06-12"
35133;"RR_Mdn";1.4377150965;"Mdn";"1.1-2.0";"2022-06-12"
35141;"RR_Mdn";1.4377150965;"Mdn";"1.1-2.0";"2022-06-12"
35142;"RR_Mdn";1.4377150965;"Mdn";"1.1-2.0";"2022-06-12"
35143;"RR_Mdn";1.4377150965;"Mdn";"1.1-2.0";"2022-06-12"
35151;"RR_Mdn";2.22014851;"Mdn";"2.0-3.0";"2022-06-12"
35152;"RR_Mdn";2.5318714208;"Mdn";"2.0-3.0";"2022-06-12"
35153;"RR_Mdn";2.5318714208;"Mdn";"2.0-3.0";"2022-06-12"
35154;"RR_Mdn";2.5318714208;"Mdn";"2.0-3.0";"2022-06-12"
35155;"RR_Mdn";2.5318714208;"Mdn";"2.0-3.0";"2022-06-12"
35156;"RR_Mdn";2.5318714208;"Mdn";"2.0-3.0";"2022-06-12"
35157;"RR_Mdn";2.5318714208;"Mdn";"2.0-3.0";"2022-06-12"
35161;"RR_Mdn";;"Mdn";"0";"2022-06-12"
35162;"RR_Mdn";;"Mdn";"0";"2022-06-12"
35163;"RR_Mdn";;"Mdn";"0";"2022-06-12"
35171;"RR_Mdn";;"Mdn";"0";"2022-06-12"
35172;"RR_Mdn";;"Mdn";"0";"2022-06-12"
35173;"RR_Mdn";1.5182713033;"Mdn";"1.1-2.0";"2022-06-12"
35174;"RR_Mdn";;"Mdn";"0";"2022-06-12"
35011;"RR_Mdn_mv";;"Mdn_mv";"0";"2022-06-12"
35012;"RR_Mdn_mv";;"Mdn_mv";"0";"2022-06-12"
35013;"RR_Mdn_mv";;"Mdn_mv";"0";"2022-06-12"
35014;"RR_Mdn_mv";;"Mdn_mv";"0";"2022-06-12"
35015;"RR_Mdn_mv";;"Mdn_mv";"0";"2022-06-12"
35016;"RR_Mdn_mv";;"Mdn_mv";"0";"2022-06-12"
35021;"RR_Mdn_mv";2.4538402726;"Mdn_mv";"2.0-3.0";"2022-06-12"
35022;"RR_Mdn_mv";2.4538402726;"Mdn_mv";"2.0-3.0";"2022-06-12"
35023;"RR_Mdn_mv";2.4538402726;"Mdn_mv";"2.0-3.0";"2022-06-12"
35031;"RR_Mdn_mv";1.5624496549;"Mdn_mv";"1.1-2.0";"2022-06-12"
35032;"RR_Mdn_mv";;"Mdn_mv";"0";"2022-06-12"
35033;"RR_Mdn_mv";1.5624496549;"Mdn_mv";"1.1-2.0";"2022-06-12"
35034;"RR_Mdn_mv";;"Mdn_mv";"0";"2022-06-12"
35041;"RR_Mdn_mv";;"Mdn_mv";"0";"2022-06-12"
35051;"RR_Mdn_mv";1.5624496549;"Mdn_mv";"1.1-2.0";"2022-06-12"
35052;"RR_Mdn_mv";1.5624496549;"Mdn_mv";"1.1-2.0";"2022-06-12"
35061;"RR_Mdn_mv";;"Mdn_mv";"0";"2022-06-12"
35062;"RR_Mdn_mv";;"Mdn_mv";"0";"2022-06-12"
35063;"RR_Mdn_mv";2.5367208113;"Mdn_mv";"2.0-3.0";"2022-06-12"
35064;"RR_Mdn_mv";;"Mdn_mv";"0";"2022-06-12"
35065;"RR_Mdn_mv";2.4538402726;"Mdn_mv";"2.0-3.0";"2022-06-12"
35071;"RR_Mdn_mv";;"Mdn_mv";"0";"2022-06-12"
35072;"RR_Mdn_mv";1.4773390036;"Mdn_mv";"1.1-2.0";"2022-06-12"
35073;"RR_Mdn_mv";;"Mdn_mv";"0";"2022-06-12"
35074;"RR_Mdn_mv";1.7004457413;"Mdn_mv";"1.1-2.0";"2022-06-12"
35081;"RR_Mdn_mv";1.5624496549;"Mdn_mv";"1.1-2.0";"2022-06-12"
35082;"RR_Mdn_mv";1.5624496549;"Mdn_mv";"1.1-2.0";"2022-06-12"
35083;"RR_Mdn_mv";1.5624496549;"Mdn_mv";"1.1-2.0";"2022-06-12"
35091;"RR_Mdn_mv";2.4538402726;"Mdn_mv";"2.0-3.0";"2022-06-12"
35092;"RR_Mdn_mv";;"Mdn_mv";"0";"2022-06-12"
35093;"RR_Mdn_mv";2.4538402726;"Mdn_mv";"2.0-3.0";"2022-06-12"
35094;"RR_Mdn_mv";;"Mdn_mv";"0";"2022-06-12"
35095;"RR_Mdn_mv";2.4538402726;"Mdn_mv";"2.0-3.0";"2022-06-12"
35101;"RR_Mdn_mv";;"Mdn_mv";"0";"2022-06-12"
35102;"RR_Mdn_mv";;"Mdn_mv";"0";"2022-06-12"
35103;"RR_Mdn_mv";2.5367208113;"Mdn_mv";"2.0-3.0";"2022-06-12"
35104;"RR_Mdn_mv";;"Mdn_mv";"0";"2022-06-12"
35111;"RR_Mdn_mv";2.4538402726;"Mdn_mv";"2.0-3.0";"2022-06-12"
35112;"RR_Mdn_mv";2.4538402726;"Mdn_mv";"2.0-3.0";"2022-06-12"
35113;"RR_Mdn_mv";2.4538402726;"Mdn_mv";"2.0-3.0";"2022-06-12"
35114;"RR_Mdn_mv";2.4538402726;"Mdn_mv";"2.0-3.0";"2022-06-12"
35115;"RR_Mdn_mv";2.4538402726;"Mdn_mv";"2.0-3.0";"2022-06-12"
35121;"RR_Mdn_mv";;"Mdn_mv";"0";"2022-06-12"
35131;"RR_Mdn_mv";1.5624496549;"Mdn_mv";"1.1-2.0";"2022-06-12"
35132;"RR_Mdn_mv";1.5624496549;"Mdn_mv";"1.1-2.0";"2022-06-12"
35133;"RR_Mdn_mv";1.5624496549;"Mdn_mv";"1.1-2.0";"2022-06-12"
35141;"RR_Mdn_mv";1.7004457413;"Mdn_mv";"1.1-2.0";"2022-06-12"
35142;"RR_Mdn_mv";1.7004457413;"Mdn_mv";"1.1-2.0";"2022-06-12"
35143;"RR_Mdn_mv";;"Mdn_mv";"0";"2022-06-12"
35151;"RR_Mdn_mv";1.5624496549;"Mdn_mv";"1.1-2.0";"2022-06-12"
35152;"RR_Mdn_mv";2.4538402726;"Mdn_mv";"2.0-3.0";"2022-06-12"
35153;"RR_Mdn_mv";2.4538402726;"Mdn_mv";"2.0-3.0";"2022-06-12"
35154;"RR_Mdn_mv";2.4538402726;"Mdn_mv";"2.0-3.0";"2022-06-12"
35155;"RR_Mdn_mv";2.4538402726;"Mdn_mv";"2.0-3.0";"2022-06-12"
35156;"RR_Mdn_mv";2.4538402726;"Mdn_mv";"2.0-3.0";"2022-06-12"
35157;"RR_Mdn_mv";2.4538402726;"Mdn_mv";"2.0-3.0";"2022-06-12"
35161;"RR_Mdn_mv";;"Mdn_mv";"0";"2022-06-12"
35162;"RR_Mdn_mv";;"Mdn_mv";"0";"2022-06-12"
35163;"RR_Mdn_mv";;"Mdn_mv";"0";"2022-06-12"
35171;"RR_Mdn_mv";;"Mdn_mv";"0";"2022-06-12"
35172;"RR_Mdn_mv";;"Mdn_mv";"0";"2022-06-12"
35173;"RR_Mdn_mv";;"Mdn_mv";"0";"2022-06-12"
35174;"RR_Mdn_mv";;"Mdn_mv";"0";"2022-06-12"
35011;"RR_obs";;"obs";"0";"2022-06-12"
35012;"RR_obs";;"obs";"0";"2022-06-12"
35013;"RR_obs";;"obs";"0";"2022-06-12"
35014;"RR_obs";;"obs";"0";"2022-06-12"
35015;"RR_obs";;"obs";"0";"2022-06-12"
35016;"RR_obs";;"obs";"0";"2022-06-12"
35021;"RR_obs";;"obs";"0";"2022-06-12"
35022;"RR_obs";;"obs";"0";"2022-06-12"
35023;"RR_obs";;"obs";"0";"2022-06-12"
35031;"RR_obs";;"obs";"0";"2022-06-12"
35032;"RR_obs";;"obs";"0";"2022-06-12"
35033;"RR_obs";;"obs";"0";"2022-06-12"
35034;"RR_obs";;"obs";"0";"2022-06-12"
35041;"RR_obs";;"obs";"0";"2022-06-12"
35051;"RR_obs";;"obs";"0";"2022-06-12"
35052;"RR_obs";;"obs";"0";"2022-06-12"
35061;"RR_obs";;"obs";"0";"2022-06-12"
35062;"RR_obs";;"obs";"0";"2022-06-12"
35063;"RR_obs";;"obs";"0";"2022-06-12"
35064;"RR_obs";;"obs";"0";"2022-06-12"
35065;"RR_obs";;"obs";"0";"2022-06-12"
35071;"RR_obs";;"obs";"0";"2022-06-12"
35072;"RR_obs";;"obs";"0";"2022-06-12"
35073;"RR_obs";;"obs";"0";"2022-06-12"
35074;"RR_obs";;"obs";"0";"2022-06-12"
35081;"RR_obs";;"obs";"0";"2022-06-12"
35082;"RR_obs";;"obs";"0";"2022-06-12"
35083;"RR_obs";;"obs";"0";"2022-06-12"
35091;"RR_obs";;"obs";"0";"2022-06-12"
35092;"RR_obs";;"obs";"0";"2022-06-12"
35093;"RR_obs";;"obs";"0";"2022-06-12"
35094;"RR_obs";;"obs";"0";"2022-06-12"
35095;"RR_obs";;"obs";"0";"2022-06-12"
35101;"RR_obs";;"obs";"0";"2022-06-12"
35102;"RR_obs";;"obs";"0";"2022-06-12"
35103;"RR_obs";;"obs";"0";"2022-06-12"
35104;"RR_obs";;"obs";"0";"2022-06-12"
35111;"RR_obs";;"obs";"0";"2022-06-12"
35112;"RR_obs";;"obs";"0";"2022-06-12"
35113;"RR_obs";;"obs";"0";"2022-06-12"
35114;"RR_obs";;"obs";"0";"2022-06-12"
35115;"RR_obs";;"obs";"0";"2022-06-12"
35121;"RR_obs";;"obs";"0";"2022-06-12"
35131;"RR_obs";;"obs";"0";"2022-06-12"
35132;"RR_obs";;"obs";"0";"2022-06-12"
35133;"RR_obs";;"obs";"0";"2022-06-12"
35141;"RR_obs";;"obs";"0";"2022-06-12"
35142;"RR_obs";;"obs";"0";"2022-06-12"
35143;"RR_obs";;"obs";"0";"2022-06-12"
35151;"RR_obs";;"obs";"0";"2022-06-12"
35152;"RR_obs";;"obs";"0";"2022-06-12"
35153;"RR_obs";;"obs";"0";"2022-06-12"
35154;"RR_obs";;"obs";"0";"2022-06-12"
35155;"RR_obs";2.4381163952;"obs";"2.0-3.0";"2022-06-12"
35156;"RR_obs";2.4381163952;"obs";"2.0-3.0";"2022-06-12"
35157;"RR_obs";;"obs";"0";"2022-06-12"
35161;"RR_obs";;"obs";"0";"2022-06-12"
35162;"RR_obs";;"obs";"0";"2022-06-12"
35163;"RR_obs";;"obs";"0";"2022-06-12"
35171;"RR_obs";;"obs";"0";"2022-06-12"
35172;"RR_obs";;"obs";"0";"2022-06-12"
35173;"RR_obs";;"obs";"0";"2022-06-12"
35174;"RR_obs";;"obs";"0";"2022-06-12"
35011;"RR_casos";;"casos";"0";"2022-06-08"
35012;"RR_casos";;"casos";"0";"2022-06-08"
35013;"RR_casos";;"casos";"0";"2022-06-08"
35014;"RR_casos";;"casos";"0";"2022-06-08"
35015;"RR_casos";1.2490265241;"casos";"1.1-2.0";"2022-06-08"
35016;"RR_casos";;"casos";"0";"2022-06-08"
35021;"RR_casos";;"casos";"0";"2022-06-08"
35022;"RR_casos";;"casos";"0";"2022-06-08"
35023;"RR_casos";;"casos";"0";"2022-06-08"
35031;"RR_casos";;"casos";"0";"2022-06-08"
35032;"RR_casos";1.5271839299;"casos";"1.1-2.0";"2022-06-08"
35033;"RR_casos";1.5271839299;"casos";"1.1-2.0";"2022-06-08"
35034;"RR_casos";;"casos";"0";"2022-06-08"
35041;"RR_casos";;"casos";"0";"2022-06-08"
35051;"RR_casos";;"casos";"0";"2022-06-08"
35052;"RR_casos";;"casos";"0";"2022-06-08"
35061;"RR_casos";;"casos";"0";"2022-06-08"
35062;"RR_casos";;"casos";"0";"2022-06-08"
35063;"RR_casos";1.9941585139;"casos";"1.1-2.0";"2022-06-08"
35064;"RR_casos";;"casos";"0";"2022-06-08"
35065;"RR_casos";;"casos";"0";"2022-06-08"
35071;"RR_casos";1.3112475044;"casos";"1.1-2.0";"2022-06-08"
35072;"RR_casos";1.4119701499;"casos";"1.1-2.0";"2022-06-08"
35073;"RR_casos";;"casos";"0";"2022-06-08"
35074;"RR_casos";1.3112475044;"casos";"1.1-2.0";"2022-06-08"
35081;"RR_casos";;"casos";"0";"2022-06-08"
35082;"RR_casos";;"casos";"0";"2022-06-08"
35083;"RR_casos";;"casos";"0";"2022-06-08"
35091;"RR_casos";;"casos";"0";"2022-06-08"
35092;"RR_casos";;"casos";"0";"2022-06-08"
35093;"RR_casos";1.8607235103;"casos";"1.1-2.0";"2022-06-08"
35094;"RR_casos";;"casos";"0";"2022-06-08"
35095;"RR_casos";;"casos";"0";"2022-06-08"
35101;"RR_casos";;"casos";"0";"2022-06-08"
35102;"RR_casos";;"casos";"0";"2022-06-08"
35103;"RR_casos";1.9941585139;"casos";"1.1-2.0";"2022-06-08"
35104;"RR_casos";;"casos";"0";"2022-06-08"
35111;"RR_casos";1.5165177049;"casos";"1.1-2.0";"2022-06-08"
35112;"RR_casos";1.5165177049;"casos";"1.1-2.0";"2022-06-08"
35113;"RR_casos";1.5165177049;"casos";"1.1-2.0";"2022-06-08"
35114;"RR_casos";1.5165177049;"casos";"1.1-2.0";"2022-06-08"
35115;"RR_casos";1.5165177049;"casos";"1.1-2.0";"2022-06-08"
35121;"RR_casos";;"casos";"0";"2022-06-08"
35131;"RR_casos";;"casos";"0";"2022-06-08"
35132;"RR_casos";;"casos";"0";"2022-06-08"
35133;"RR_casos";;"casos";"0";"2022-06-08"
35141;"RR_casos";1.3112475044;"casos";"1.1-2.0";"2022-06-08"
35142;"RR_casos";;"casos";"0";"2022-06-08"
35143;"RR_casos";;"casos";"0";"2022-06-08"
35151;"RR_casos";1.5271839299;"casos";"1.1-2.0";"2022-06-08"
35152;"RR_casos";;"casos";"0";"2022-06-08"
35153;"RR_casos";;"casos";"0";"2022-06-08"
35154;"RR_casos";;"casos";"0";"2022-06-08"
35155;"RR_casos";2.6248386809;"casos";"2.0-3.0";"2022-06-08"
35156;"RR_casos";2.6248386809;"casos";"2.0-3.0";"2022-06-08"
35157;"RR_casos";;"casos";"0";"2022-06-08"
35161;"RR_casos";;"casos";"0";"2022-06-08"
35162;"RR_casos";;"casos";"0";"2022-06-08"
35163;"RR_casos";;"casos";"0";"2022-06-08"
35171;"RR_casos";;"casos";"0";"2022-06-08"
35172;"RR_casos";;"casos";"0";"2022-06-08"
35173;"RR_casos";;"casos";"0";"2022-06-08"
35174;"RR_casos";;"casos";"0";"2022-06-08"
35011;"RR_Mdn";;"Mdn";"0";"2022-06-08"
35012;"RR_Mdn";;"Mdn";"0";"2022-06-08"
35013;"RR_Mdn";;"Mdn";"0";"2022-06-08"
35014;"RR_Mdn";;"Mdn";"0";"2022-06-08"
35015;"RR_Mdn";;"Mdn";"0";"2022-06-08"
35016;"RR_Mdn";;"Mdn";"0";"2022-06-08"
35021;"RR_Mdn";2.011812807;"Mdn";"2.0-3.0";"2022-06-08"
35022;"RR_Mdn";2.011812807;"Mdn";"2.0-3.0";"2022-06-08"
35023;"RR_Mdn";2.011812807;"Mdn";"2.0-3.0";"2022-06-08"
35031;"RR_Mdn";;"Mdn";"0";"2022-06-08"
35032;"RR_Mdn";2.1400493481;"Mdn";"2.0-3.0";"2022-06-08"
35033;"RR_Mdn";2.1400493481;"Mdn";"2.0-3.0";"2022-06-08"
35034;"RR_Mdn";;"Mdn";"0";"2022-06-08"
35041;"RR_Mdn";;"Mdn";"0";"2022-06-08"
35051;"RR_Mdn";;"Mdn";"0";"2022-06-08"
35052;"RR_Mdn";;"Mdn";"0";"2022-06-08"
35061;"RR_Mdn";;"Mdn";"0";"2022-06-08"
35062;"RR_Mdn";;"Mdn";"0";"2022-06-08"
35063;"RR_Mdn";1.859767055;"Mdn";"1.1-2.0";"2022-06-08"
35064;"RR_Mdn";;"Mdn";"0";"2022-06-08"
35065;"RR_Mdn";2.011812807;"Mdn";"2.0-3.0";"2022-06-08"
35071;"RR_Mdn";;"Mdn";"0";"2022-06-08"
35072;"RR_Mdn";;"Mdn";"0";"2022-06-08"
35073;"RR_Mdn";;"Mdn";"0";"2022-06-08"
35074;"RR_Mdn";1.8210952872;"Mdn";"1.1-2.0";"2022-06-08"
35081;"RR_Mdn";6.1347750729;"Mdn";">3";"2022-06-08"
35082;"RR_Mdn";;"Mdn";"0";"2022-06-08"
35083;"RR_Mdn";;"Mdn";"0";"2022-06-08"
35091;"RR_Mdn";2.011812807;"Mdn";"2.0-3.0";"2022-06-08"
35092;"RR_Mdn";;"Mdn";"0";"2022-06-08"
35093;"RR_Mdn";2.011812807;"Mdn";"2.0-3.0";"2022-06-08"
35094;"RR_Mdn";;"Mdn";"0";"2022-06-08"
35095;"RR_Mdn";2.011812807;"Mdn";"2.0-3.0";"2022-06-08"
35101;"RR_Mdn";;"Mdn";"0";"2022-06-08"
35102;"RR_Mdn";;"Mdn";"0";"2022-06-08"
35103;"RR_Mdn";1.859767055;"Mdn";"1.1-2.0";"2022-06-08"
35104;"RR_Mdn";;"Mdn";"0";"2022-06-08"
35111;"RR_Mdn";2.011812807;"Mdn";"2.0-3.0";"2022-06-08"
35112;"RR_Mdn";2.011812807;"Mdn";"2.0-3.0";"2022-06-08"
35113;"RR_Mdn";2.011812807;"Mdn";"2.0-3.0";"2022-06-08"
35114;"RR_Mdn";2.011812807;"Mdn";"2.0-3.0";"2022-06-08"
35115;"RR_Mdn";2.011812807;"Mdn";"2.0-3.0";"2022-06-08"
35121;"RR_Mdn";;"Mdn";"0";"2022-06-08"
35131;"RR_Mdn";;"Mdn";"0";"2022-06-08"
35132;"RR_Mdn";;"Mdn";"0";"2022-06-08"
35133;"RR_Mdn";;"Mdn";"0";"2022-06-08"
35141;"RR_Mdn";1.8210952872;"Mdn";"1.1-2.0";"2022-06-08"
35142;"RR_Mdn";1.8210952872;"Mdn";"1.1-2.0";"2022-06-08"
35143;"RR_Mdn";;"Mdn";"0";"2022-06-08"
35151;"RR_Mdn";2.1400493481;"Mdn";"2.0-3.0";"2022-06-08"
35152;"RR_Mdn";2.011812807;"Mdn";"2.0-3.0";"2022-06-08"
35153;"RR_Mdn";2.011812807;"Mdn";"2.0-3.0";"2022-06-08"
35154;"RR_Mdn";2.011812807;"Mdn";"2.0-3.0";"2022-06-08"
35155;"RR_Mdn";2.011812807;"Mdn";"2.0-3.0";"2022-06-08"
35156;"RR_Mdn";2.011812807;"Mdn";"2.0-3.0";"2022-06-08"
35157;"RR_Mdn";2.011812807;"Mdn";"2.0-3.0";"2022-06-08"
35161;"RR_Mdn";;"Mdn";"0";"2022-06-08"
35162;"RR_Mdn";;"Mdn";"0";"2022-06-08"
35163;"RR_Mdn";;"Mdn";"0";"2022-06-08"
35171;"RR_Mdn";;"Mdn";"0";"2022-06-08"
35172;"RR_Mdn";;"Mdn";"0";"2022-06-08"
35173;"RR_Mdn";;"Mdn";"0";"2022-06-08"
35174;"RR_Mdn";;"Mdn";"0";"2022-06-08"
35011;"RR_Mdn_mv";;"Mdn_mv";"0";"2022-06-08"
35012;"RR_Mdn_mv";;"Mdn_mv";"0";"2022-06-08"
35013;"RR_Mdn_mv";;"Mdn_mv";"0";"2022-06-08"
35014;"RR_Mdn_mv";;"Mdn_mv";"0";"2022-06-08"
35015;"RR_Mdn_mv";;"Mdn_mv";"0";"2022-06-08"
35016;"RR_Mdn_mv";;"Mdn_mv";"0";"2022-06-08"
35021;"RR_Mdn_mv";;"Mdn_mv";"0";"2022-06-08"
35022;"RR_Mdn_mv";;"Mdn_mv";"0";"2022-06-08"
35023;"RR_Mdn_mv";;"Mdn_mv";"0";"2022-06-08"
35031;"RR_Mdn_mv";;"Mdn_mv";"0";"2022-06-08"
35032;"RR_Mdn_mv";2.2861582851;"Mdn_mv";"2.0-3.0";"2022-06-08"
35033;"RR_Mdn_mv";2.2861582851;"Mdn_mv";"2.0-3.0";"2022-06-08"
35034;"RR_Mdn_mv";;"Mdn_mv";"0";"2022-06-08"
35041;"RR_Mdn_mv";;"Mdn_mv";"0";"2022-06-08"
35051;"RR_Mdn_mv";2.2861582851;"Mdn_mv";"2.0-3.0";"2022-06-08"
35052;"RR_Mdn_mv";2.2861582851;"Mdn_mv";"2.0-3.0";"2022-06-08"
35061;"RR_Mdn_mv";;"Mdn_mv";"0";"2022-06-08"
35062;"RR_Mdn_mv";;"Mdn_mv";"0";"2022-06-08"
35063;"RR_Mdn_mv";1.8204730901;"Mdn_mv";"1.1-2.0";"2022-06-08"
35064;"RR_Mdn_mv";;"Mdn_mv";"0";"2022-06-08"
35065;"RR_Mdn_mv";;"Mdn_mv";"0";"2022-06-08"
35071;"RR_Mdn_mv";;"Mdn_mv";"0";"2022-06-08"
35072;"RR_Mdn_mv";1.3254223849;"Mdn_mv";"1.1-2.0";"2022-06-08"
35073;"RR_Mdn_mv";;"Mdn_mv";"0";"2022-06-08"
35074;"RR_Mdn_mv";2.5952202366;"Mdn_mv";"2.0-3.0";"2022-06-08"
35081;"RR_Mdn_mv";2.2861582851;"Mdn_mv";"2.0-3.0";"2022-06-08"
35082;"RR_Mdn_mv";2.2861582851;"Mdn_mv";"2.0-3.0";"2022-06-08"
35083;"RR_Mdn_mv";2.2861582851;"Mdn_mv";"2.0-3.0";"2022-06-08"
35091;"RR_Mdn_mv";1.9232122013;"Mdn_mv";"1.1-2.0";"2022-06-08"
35092;"RR_Mdn_mv";1.9232122013;"Mdn_mv";"1.1-2.0";"2022-06-08"
35093;"RR_Mdn_mv";1.9232122013;"Mdn_mv";"1.1-2.0";"2022-06-08"
35094;"RR_Mdn_mv";;"Mdn_mv";"0";"2022-06-08"
35095;"RR_Mdn_mv";1.9232122013;"Mdn_mv";"1.1-2.0";"2022-06-08"
35101;"RR_Mdn_mv";;"Mdn_mv";"0";"2022-06-08"
35102;"RR_Mdn_mv";;"Mdn_mv";"0";"2022-06-08"
35103;"RR_Mdn_mv";1.8204730901;"Mdn_mv";"1.1-2.0";"2022-06-08"
35104;"RR_Mdn_mv";;"Mdn_mv";"0";"2022-06-08"
35111;"RR_Mdn_mv";1.9232122013;"Mdn_mv";"1.1-2.0";"2022-06-08"
35112;"RR_Mdn_mv";1.9232122013;"Mdn_mv";"1.1-2.0";"2022-06-08"
35113;"RR_Mdn_mv";1.9232122013;"Mdn_mv";"1.1-2.0";"2022-06-08"
35114;"RR_Mdn_mv";1.9232122013;"Mdn_mv";"1.1-2.0";"2022-06-08"
35115;"RR_Mdn_mv";;"Mdn_mv";"0";"2022-06-08"
35121;"RR_Mdn_mv";;"Mdn_mv";"0";"2022-06-08"
35131;"RR_Mdn_mv";2.2861582851;"Mdn_mv";"2.0-3.0";"2022-06-08"
35132;"RR_Mdn_mv";1.4862134066;"Mdn_mv";"1.1-2.0";"2022-06-08"
35133;"RR_Mdn_mv";;"Mdn_mv";"0";"2022-06-08"
35141;"RR_Mdn_mv";;"Mdn_mv";"0";"2022-06-08"
35142;"RR_Mdn_mv";;"Mdn_mv";"0";"2022-06-08"
35143;"RR_Mdn_mv";;"Mdn_mv";"0";"2022-06-08"
35151;"RR_Mdn_mv";2.2861582851;"Mdn_mv";"2.0-3.0";"2022-06-08"
35152;"RR_Mdn_mv";;"Mdn_mv";"0";"2022-06-08"
35153;"RR_Mdn_mv";;"Mdn_mv";"0";"2022-06-08"
35154;"RR_Mdn_mv";;"Mdn_mv";"0";"2022-06-08"
35155;"RR_Mdn_mv";2.2861582851;"Mdn_mv";"2.0-3.0";"2022-06-08"
35156;"RR_Mdn_mv";2.2861582851;"Mdn_mv";"2.0-3.0";"2022-06-08"
35157;"RR_Mdn_mv";;"Mdn_mv";"0";"2022-06-08"
35161;"RR_Mdn_mv";;"Mdn_mv";"0";"2022-06-08"
35162;"RR_Mdn_mv";;"Mdn_mv";"0";"2022-06-08"
35163;"RR_Mdn_mv";;"Mdn_mv";"0";"2022-06-08"
35171;"RR_Mdn_mv";;"Mdn_mv";"0";"2022-06-08"
35172;"RR_Mdn_mv";;"Mdn_mv";"0";"2022-06-08"
35173;"RR_Mdn_mv";;"Mdn_mv";"0";"2022-06-08"
35174;"RR_Mdn_mv";;"Mdn_mv";"0";"2022-06-08"
35011;"RR_obs";;"obs";"0";"2022-06-08"
35012;"RR_obs";;"obs";"0";"2022-06-08"
35013;"RR_obs";;"obs";"0";"2022-06-08"
35014;"RR_obs";;"obs";"0";"2022-06-08"
35015;"RR_obs";;"obs";"0";"2022-06-08"
35016;"RR_obs";;"obs";"0";"2022-06-08"
35021;"RR_obs";;"obs";"0";"2022-06-08"
35022;"RR_obs";;"obs";"0";"2022-06-08"
35023;"RR_obs";;"obs";"0";"2022-06-08"
35031;"RR_obs";;"obs";"0";"2022-06-08"
35032;"RR_obs";;"obs";"0";"2022-06-08"
35033;"RR_obs";;"obs";"0";"2022-06-08"
35034;"RR_obs";;"obs";"0";"2022-06-08"
35041;"RR_obs";;"obs";"0";"2022-06-08"
35051;"RR_obs";;"obs";"0";"2022-06-08"
35052;"RR_obs";;"obs";"0";"2022-06-08"
35061;"RR_obs";;"obs";"0";"2022-06-08"
35062;"RR_obs";;"obs";"0";"2022-06-08"
35063;"RR_obs";;"obs";"0";"2022-06-08"
35064;"RR_obs";;"obs";"0";"2022-06-08"
35065;"RR_obs";;"obs";"0";"2022-06-08"
35071;"RR_obs";;"obs";"0";"2022-06-08"
35072;"RR_obs";;"obs";"0";"2022-06-08"
35073;"RR_obs";;"obs";"0";"2022-06-08"
35074;"RR_obs";;"obs";"0";"2022-06-08"
35081;"RR_obs";;"obs";"0";"2022-06-08"
35082;"RR_obs";;"obs";"0";"2022-06-08"
35083;"RR_obs";;"obs";"0";"2022-06-08"
35091;"RR_obs";;"obs";"0";"2022-06-08"
35092;"RR_obs";;"obs";"0";"2022-06-08"
35093;"RR_obs";;"obs";"0";"2022-06-08"
35094;"RR_obs";;"obs";"0";"2022-06-08"
35095;"RR_obs";;"obs";"0";"2022-06-08"
35101;"RR_obs";;"obs";"0";"2022-06-08"
35102;"RR_obs";;"obs";"0";"2022-06-08"
35103;"RR_obs";;"obs";"0";"2022-06-08"
35104;"RR_obs";;"obs";"0";"2022-06-08"
35111;"RR_obs";;"obs";"0";"2022-06-08"
35112;"RR_obs";;"obs";"0";"2022-06-08"
35113;"RR_obs";;"obs";"0";"2022-06-08"
35114;"RR_obs";;"obs";"0";"2022-06-08"
35115;"RR_obs";;"obs";"0";"2022-06-08"
35121;"RR_obs";;"obs";"0";"2022-06-08"
35131;"RR_obs";;"obs";"0";"2022-06-08"
35132;"RR_obs";;"obs";"0";"2022-06-08"
35133;"RR_obs";;"obs";"0";"2022-06-08"
35141;"RR_obs";;"obs";"0";"2022-06-08"
35142;"RR_obs";;"obs";"0";"2022-06-08"
35143;"RR_obs";;"obs";"0";"2022-06-08"
35151;"RR_obs";;"obs";"0";"2022-06-08"
35152;"RR_obs";;"obs";"0";"2022-06-08"
35153;"RR_obs";;"obs";"0";"2022-06-08"
35154;"RR_obs";;"obs";"0";"2022-06-08"
35155;"RR_obs";;"obs";"0";"2022-06-08"
35156;"RR_obs";;"obs";"0";"2022-06-08"
35157;"RR_obs";;"obs";"0";"2022-06-08"
35161;"RR_obs";;"obs";"0";"2022-06-08"
35162;"RR_obs";;"obs";"0";"2022-06-08"
35163;"RR_obs";;"obs";"0";"2022-06-08"
35171;"RR_obs";;"obs";"0";"2022-06-08"
35172;"RR_obs";;"obs";"0";"2022-06-08"
35173;"RR_obs";;"obs";"0";"2022-06-08"
35174;"RR_obs";;"obs";"0";"2022-06-08"
35011;"RR_casos";1.2624381378;"casos";"1.1-2.0";"2022-05-04"
35012;"RR_casos";;"casos";"0";"2022-05-04"
35013;"RR_casos";;"casos";"0";"2022-05-04"
35014;"RR_casos";;"casos";"0";"2022-05-04"
35015;"RR_casos";;"casos";"0";"2022-05-04"
35016;"RR_casos";;"casos";"0";"2022-05-04"
35021;"RR_casos";;"casos";"0";"2022-05-04"
35022;"RR_casos";;"casos";"0";"2022-05-04"
35023;"RR_casos";;"casos";"0";"2022-05-04"
35031;"RR_casos";;"casos";"0";"2022-05-04"
35032;"RR_casos";;"casos";"0";"2022-05-04"
35033;"RR_casos";;"casos";"0";"2022-05-04"
35034;"RR_casos";;"casos";"0";"2022-05-04"
35041;"RR_casos";;"casos";"0";"2022-05-04"
35051;"RR_casos";;"casos";"0";"2022-05-04"
35052;"RR_casos";;"casos";"0";"2022-05-04"
35061;"RR_casos";;"casos";"0";"2022-05-04"
35062;"RR_casos";;"casos";"0";"2022-05-04"
35063;"RR_casos";3.2205685554;"casos";">3";"2022-05-04"
35064;"RR_casos";;"casos";"0";"2022-05-04"
35065;"RR_casos";;"casos";"0";"2022-05-04"
35071;"RR_casos";1.7663818838;"casos";"1.1-2.0";"2022-05-04"
35072;"RR_casos";1.9220252073;"casos";"1.1-2.0";"2022-05-04"
35073;"RR_casos";;"casos";"0";"2022-05-04"
35074;"RR_casos";;"casos";"0";"2022-05-04"
35081;"RR_casos";;"casos";"0";"2022-05-04"
35082;"RR_casos";;"casos";"0";"2022-05-04"
35083;"RR_casos";;"casos";"0";"2022-05-04"
35091;"RR_casos";;"casos";"0";"2022-05-04"
35092;"RR_casos";;"casos";"0";"2022-05-04"
35093;"RR_casos";3.6674403997;"casos";">3";"2022-05-04"
35094;"RR_casos";;"casos";"0";"2022-05-04"
35095;"RR_casos";;"casos";"0";"2022-05-04"
35101;"RR_casos";;"casos";"0";"2022-05-04"
35102;"RR_casos";;"casos";"0";"2022-05-04"
35103;"RR_casos";;"casos";"0";"2022-05-04"
35104;"RR_casos";;"casos";"0";"2022-05-04"
35111;"RR_casos";;"casos";"0";"2022-05-04"
35112;"RR_casos";;"casos";"0";"2022-05-04"
35113;"RR_casos";;"casos";"0";"2022-05-04"
35114;"RR_casos";;"casos";"0";"2022-05-04"
35115;"RR_casos";;"casos";"0";"2022-05-04"
35121;"RR_casos";;"casos";"0";"2022-05-04"
35131;"RR_casos";;"casos";"0";"2022-05-04"
35132;"RR_casos";;"casos";"0";"2022-05-04"
35133;"RR_casos";;"casos";"0";"2022-05-04"
35141;"RR_casos";;"casos";"0";"2022-05-04"
35142;"RR_casos";;"casos";"0";"2022-05-04"
35143;"RR_casos";;"casos";"0";"2022-05-04"
35151;"RR_casos";;"casos";"0";"2022-05-04"
35152;"RR_casos";;"casos";"0";"2022-05-04"
35153;"RR_casos";;"casos";"0";"2022-05-04"
35154;"RR_casos";;"casos";"0";"2022-05-04"
35155;"RR_casos";2.5519360655;"casos";"2.0-3.0";"2022-05-04"
35156;"RR_casos";;"casos";"0";"2022-05-04"
35157;"RR_casos";;"casos";"0";"2022-05-04"
35161;"RR_casos";;"casos";"0";"2022-05-04"
35162;"RR_casos";;"casos";"0";"2022-05-04"
35163;"RR_casos";;"casos";"0";"2022-05-04"
35171;"RR_casos";;"casos";"0";"2022-05-04"
35172;"RR_casos";;"casos";"0";"2022-05-04"
35173;"RR_casos";;"casos";"0";"2022-05-04"
35174;"RR_casos";;"casos";"0";"2022-05-04"
35011;"RR_Mdn";;"Mdn";"0";"2022-05-04"
35012;"RR_Mdn";;"Mdn";"0";"2022-05-04"
35013;"RR_Mdn";;"Mdn";"0";"2022-05-04"
35014;"RR_Mdn";;"Mdn";"0";"2022-05-04"
35015;"RR_Mdn";;"Mdn";"0";"2022-05-04"
35016;"RR_Mdn";;"Mdn";"0";"2022-05-04"
35021;"RR_Mdn";;"Mdn";"0";"2022-05-04"
35022;"RR_Mdn";;"Mdn";"0";"2022-05-04"
35023;"RR_Mdn";;"Mdn";"0";"2022-05-04"
35031;"RR_Mdn";;"Mdn";"0";"2022-05-04"
35032;"RR_Mdn";;"Mdn";"0";"2022-05-04"
35033;"RR_Mdn";;"Mdn";"0";"2022-05-04"
35034;"RR_Mdn";;"Mdn";"0";"2022-05-04"
35041;"RR_Mdn";;"Mdn";"0";"2022-05-04"
35051;"RR_Mdn";;"Mdn";"0";"2022-05-04"
35052;"RR_Mdn";;"Mdn";"0";"2022-05-04"
35061;"RR_Mdn";;"Mdn";"0";"2022-05-04"
35062;"RR_Mdn";;"Mdn";"0";"2022-05-04"
35063;"RR_Mdn";3.5616159749;"Mdn";">3";"2022-05-04"
35064;"RR_Mdn";;"Mdn";"0";"2022-05-04"
35065;"RR_Mdn";;"Mdn";"0";"2022-05-04"
35071;"RR_Mdn";2.3181240634;"Mdn";"2.0-3.0";"2022-05-04"
35072;"RR_Mdn";1.5196079568;"Mdn";"1.1-2.0";"2022-05-04"
35073;"RR_Mdn";;"Mdn";"0";"2022-05-04"
35074;"RR_Mdn";;"Mdn";"0";"2022-05-04"
35081;"RR_Mdn";;"Mdn";"0";"2022-05-04"
35082;"RR_Mdn";;"Mdn";"0";"2022-05-04"
35083;"RR_Mdn";;"Mdn";"0";"2022-05-04"
35091;"RR_Mdn";;"Mdn";"0";"2022-05-04"
35092;"RR_Mdn";;"Mdn";"0";"2022-05-04"
35093;"RR_Mdn";3.1673987415;"Mdn";">3";"2022-05-04"
35094;"RR_Mdn";;"Mdn";"0";"2022-05-04"
35095;"RR_Mdn";;"Mdn";"0";"2022-05-04"
35101;"RR_Mdn";;"Mdn";"0";"2022-05-04"
35102;"RR_Mdn";;"Mdn";"0";"2022-05-04"
35103;"RR_Mdn";;"Mdn";"0";"2022-05-04"
35104;"RR_Mdn";;"Mdn";"0";"2022-05-04"
35111;"RR_Mdn";;"Mdn";"0";"2022-05-04"
35112;"RR_Mdn";;"Mdn";"0";"2022-05-04"
35113;"RR_Mdn";;"Mdn";"0";"2022-05-04"
35114;"RR_Mdn";;"Mdn";"0";"2022-05-04"
35115;"RR_Mdn";;"Mdn";"0";"2022-05-04"
35121;"RR_Mdn";;"Mdn";"0";"2022-05-04"
35131;"RR_Mdn";;"Mdn";"0";"2022-05-04"
35132;"RR_Mdn";;"Mdn";"0";"2022-05-04"
35133;"RR_Mdn";;"Mdn";"0";"2022-05-04"
35141;"RR_Mdn";;"Mdn";"0";"2022-05-04"
35142;"RR_Mdn";;"Mdn";"0";"2022-05-04"
35143;"RR_Mdn";;"Mdn";"0";"2022-05-04"
35151;"RR_Mdn";;"Mdn";"0";"2022-05-04"
35152;"RR_Mdn";;"Mdn";"0";"2022-05-04"
35153;"RR_Mdn";;"Mdn";"0";"2022-05-04"
35154;"RR_Mdn";;"Mdn";"0";"2022-05-04"
35155;"RR_Mdn";;"Mdn";"0";"2022-05-04"
35156;"RR_Mdn";;"Mdn";"0";"2022-05-04"
35157;"RR_Mdn";;"Mdn";"0";"2022-05-04"
35161;"RR_Mdn";;"Mdn";"0";"2022-05-04"
35162;"RR_Mdn";;"Mdn";"0";"2022-05-04"
35163;"RR_Mdn";;"Mdn";"0";"2022-05-04"
35171;"RR_Mdn";;"Mdn";"0";"2022-05-04"
35172;"RR_Mdn";;"Mdn";"0";"2022-05-04"
35173;"RR_Mdn";;"Mdn";"0";"2022-05-04"
35174;"RR_Mdn";;"Mdn";"0";"2022-05-04"
35011;"RR_Mdn_mv";;"Mdn_mv";"0";"2022-05-04"
35012;"RR_Mdn_mv";;"Mdn_mv";"0";"2022-05-04"
35013;"RR_Mdn_mv";;"Mdn_mv";"0";"2022-05-04"
35014;"RR_Mdn_mv";;"Mdn_mv";"0";"2022-05-04"
35015;"RR_Mdn_mv";;"Mdn_mv";"0";"2022-05-04"
35016;"RR_Mdn_mv";;"Mdn_mv";"0";"2022-05-04"
35021;"RR_Mdn_mv";;"Mdn_mv";"0";"2022-05-04"
35022;"RR_Mdn_mv";;"Mdn_mv";"0";"2022-05-04"
35023;"RR_Mdn_mv";;"Mdn_mv";"0";"2022-05-04"
35031;"RR_Mdn_mv";;"Mdn_mv";"0";"2022-05-04"
35032;"RR_Mdn_mv";;"Mdn_mv";"0";"2022-05-04"
35033;"RR_Mdn_mv";;"Mdn_mv";"0";"2022-05-04"
35034;"RR_Mdn_mv";;"Mdn_mv";"0";"2022-05-04"
35041;"RR_Mdn_mv";;"Mdn_mv";"0";"2022-05-04"
35051;"RR_Mdn_mv";;"Mdn_mv";"0";"2022-05-04"
35052;"RR_Mdn_mv";;"Mdn_mv";"0";"2022-05-04"
35061;"RR_Mdn_mv";;"Mdn_mv";"0";"2022-05-04"
35062;"RR_Mdn_mv";;"Mdn_mv";"0";"2022-05-04"
35063;"RR_Mdn_mv";3.6015237934;"Mdn_mv";">3";"2022-05-04"
35064;"RR_Mdn_mv";;"Mdn_mv";"0";"2022-05-04"
35065;"RR_Mdn_mv";;"Mdn_mv";"0";"2022-05-04"
35071;"RR_Mdn_mv";1.989976628;"Mdn_mv";"1.1-2.0";"2022-05-04"
35072;"RR_Mdn_mv";1.656120551;"Mdn_mv";"1.1-2.0";"2022-05-04"
35073;"RR_Mdn_mv";;"Mdn_mv";"0";"2022-05-04"
35074;"RR_Mdn_mv";;"Mdn_mv";"0";"2022-05-04"
35081;"RR_Mdn_mv";;"Mdn_mv";"0";"2022-05-04"
35082;"RR_Mdn_mv";;"Mdn_mv";"0";"2022-05-04"
35083;"RR_Mdn_mv";;"Mdn_mv";"0";"2022-05-04"
35091;"RR_Mdn_mv";;"Mdn_mv";"0";"2022-05-04"
35092;"RR_Mdn_mv";;"Mdn_mv";"0";"2022-05-04"
35093;"RR_Mdn_mv";3.3468308864;"Mdn_mv";">3";"2022-05-04"
35094;"RR_Mdn_mv";;"Mdn_mv";"0";"2022-05-04"
35095;"RR_Mdn_mv";;"Mdn_mv";"0";"2022-05-04"
35101;"RR_Mdn_mv";;"Mdn_mv";"0";"2022-05-04"
35102;"RR_Mdn_mv";;"Mdn_mv";"0";"2022-05-04"
35103;"RR_Mdn_mv";;"Mdn_mv";"0";"2022-05-04"
35104;"RR_Mdn_mv";;"Mdn_mv";"0";"2022-05-04"
35111;"RR_Mdn_mv";;"Mdn_mv";"0";"2022-05-04"
35112;"RR_Mdn_mv";;"Mdn_mv";"0";"2022-05-04"
35113;"RR_Mdn_mv";;"Mdn_mv";"0";"2022-05-04"
35114;"RR_Mdn_mv";;"Mdn_mv";"0";"2022-05-04"
35115;"RR_Mdn_mv";;"Mdn_mv";"0";"2022-05-04"
35121;"RR_Mdn_mv";;"Mdn_mv";"0";"2022-05-04"
35131;"RR_Mdn_mv";;"Mdn_mv";"0";"2022-05-04"
35132;"RR_Mdn_mv";;"Mdn_mv";"0";"2022-05-04"
35133;"RR_Mdn_mv";;"Mdn_mv";"0";"2022-05-04"
35141;"RR_Mdn_mv";;"Mdn_mv";"0";"2022-05-04"
35142;"RR_Mdn_mv";;"Mdn_mv";"0";"2022-05-04"
35143;"RR_Mdn_mv";;"Mdn_mv";"0";"2022-05-04"
35151;"RR_Mdn_mv";;"Mdn_mv";"0";"2022-05-04"
35152;"RR_Mdn_mv";;"Mdn_mv";"0";"2022-05-04"
35153;"RR_Mdn_mv";;"Mdn_mv";"0";"2022-05-04"
35154;"RR_Mdn_mv";;"Mdn_mv";"0";"2022-05-04"
35155;"RR_Mdn_mv";1.8379568943;"Mdn_mv";"1.1-2.0";"2022-05-04"
35156;"RR_Mdn_mv";;"Mdn_mv";"0";"2022-05-04"
35157;"RR_Mdn_mv";;"Mdn_mv";"0";"2022-05-04"
35161;"RR_Mdn_mv";;"Mdn_mv";"0";"2022-05-04"
35162;"RR_Mdn_mv";;"Mdn_mv";"0";"2022-05-04"
35163;"RR_Mdn_mv";;"Mdn_mv";"0";"2022-05-04"
35171;"RR_Mdn_mv";;"Mdn_mv";"0";"2022-05-04"
35172;"RR_Mdn_mv";;"Mdn_mv";"0";"2022-05-04"
35173;"RR_Mdn_mv";;"Mdn_mv";"0";"2022-05-04"
35174;"RR_Mdn_mv";;"Mdn_mv";"0";"2022-05-04"
35011;"RR_obs";;"obs";"0";"2022-05-04"
35012;"RR_obs";;"obs";"0";"2022-05-04"
35013;"RR_obs";;"obs";"0";"2022-05-04"
35014;"RR_obs";;"obs";"0";"2022-05-04"
35015;"RR_obs";;"obs";"0";"2022-05-04"
35016;"RR_obs";;"obs";"0";"2022-05-04"
35021;"RR_obs";;"obs";"0";"2022-05-04"
35022;"RR_obs";;"obs";"0";"2022-05-04"
35023;"RR_obs";;"obs";"0";"2022-05-04"
35031;"RR_obs";;"obs";"0";"2022-05-04"
35032;"RR_obs";;"obs";"0";"2022-05-04"
35033;"RR_obs";;"obs";"0";"2022-05-04"
35034;"RR_obs";;"obs";"0";"2022-05-04"
35041;"RR_obs";;"obs";"0";"2022-05-04"
35051;"RR_obs";;"obs";"0";"2022-05-04"
35052;"RR_obs";;"obs";"0";"2022-05-04"
35061;"RR_obs";;"obs";"0";"2022-05-04"
35062;"RR_obs";;"obs";"0";"2022-05-04"
35063;"RR_obs";;"obs";"0";"2022-05-04"
35064;"RR_obs";;"obs";"0";"2022-05-04"
35065;"RR_obs";;"obs";"0";"2022-05-04"
35071;"RR_obs";;"obs";"0";"2022-05-04"
35072;"RR_obs";;"obs";"0";"2022-05-04"
35073;"RR_obs";;"obs";"0";"2022-05-04"
35074;"RR_obs";;"obs";"0";"2022-05-04"
35081;"RR_obs";;"obs";"0";"2022-05-04"
35082;"RR_obs";;"obs";"0";"2022-05-04"
35083;"RR_obs";;"obs";"0";"2022-05-04"
35091;"RR_obs";;"obs";"0";"2022-05-04"
35092;"RR_obs";;"obs";"0";"2022-05-04"
35093;"RR_obs";;"obs";"0";"2022-05-04"
35094;"RR_obs";;"obs";"0";"2022-05-04"
35095;"RR_obs";;"obs";"0";"2022-05-04"
35101;"RR_obs";;"obs";"0";"2022-05-04"
35102;"RR_obs";;"obs";"0";"2022-05-04"
35103;"RR_obs";;"obs";"0";"2022-05-04"
35104;"RR_obs";;"obs";"0";"2022-05-04"
35111;"RR_obs";;"obs";"0";"2022-05-04"
35112;"RR_obs";;"obs";"0";"2022-05-04"
35113;"RR_obs";;"obs";"0";"2022-05-04"
35114;"RR_obs";;"obs";"0";"2022-05-04"
35115;"RR_obs";;"obs";"0";"2022-05-04"
35121;"RR_obs";;"obs";"0";"2022-05-04"
35131;"RR_obs";;"obs";"0";"2022-05-04"
35132;"RR_obs";;"obs";"0";"2022-05-04"
35133;"RR_obs";;"obs";"0";"2022-05-04"
35141;"RR_obs";;"obs";"0";"2022-05-04"
35142;"RR_obs";;"obs";"0";"2022-05-04"
35143;"RR_obs";;"obs";"0";"2022-05-04"
35151;"RR_obs";;"obs";"0";"2022-05-04"
35152;"RR_obs";;"obs";"0";"2022-05-04"
35153;"RR_obs";;"obs";"0";"2022-05-04"
35154;"RR_obs";;"obs";"0";"2022-05-04"
35155;"RR_obs";;"obs";"0";"2022-05-04"
35156;"RR_obs";;"obs";"0";"2022-05-04"
35157;"RR_obs";;"obs";"0";"2022-05-04"
35161;"RR_obs";;"obs";"0";"2022-05-04"
35162;"RR_obs";;"obs";"0";"2022-05-04"
35163;"RR_obs";;"obs";"0";"2022-05-04"
35171;"RR_obs";;"obs";"0";"2022-05-04"
35172;"RR_obs";;"obs";"0";"2022-05-04"
35173;"RR_obs";;"obs";"0";"2022-05-04"
35174;"RR_obs";;"obs";"0";"2022-05-04"
35011;"RR_sup";;"sup";"0";"2023-12-27"
35012;"RR_sup";;"sup";"0";"2023-12-27"
35013;"RR_sup";;"sup";"0";"2023-12-27"
35014;"RR_sup";;"sup";"0";"2023-12-27"
35015;"RR_sup";;"sup";"0";"2023-12-27"
35016;"RR_sup";;"sup";"0";"2023-12-27"
35021;"RR_sup";2.9283206518;"sup";"2.0-3.0";"2023-12-27"
35022;"RR_sup";2.9283206518;"sup";"2.0-3.0";"2023-12-27"
35023;"RR_sup";2.9283206518;"sup";"2.0-3.0";"2023-12-27"
35031;"RR_sup";1.6636869926;"sup";"1.1-2.0";"2023-12-27"
35032;"RR_sup";1.6636869926;"sup";"1.1-2.0";"2023-12-27"
35033;"RR_sup";1.6636869926;"sup";"1.1-2.0";"2023-12-27"
35034;"RR_sup";1.6636869926;"sup";"1.1-2.0";"2023-12-27"
35041;"RR_sup";;"sup";"0";"2023-12-27"
35051;"RR_sup";1.6636869926;"sup";"1.1-2.0";"2023-12-27"
35052;"RR_sup";1.6636869926;"sup";"1.1-2.0";"2023-12-27"
35061;"RR_sup";;"sup";"0";"2023-12-27"
35062;"RR_sup";;"sup";"0";"2023-12-27"
35063;"RR_sup";3.503124786;"sup";">3";"2023-12-27"
35064;"RR_sup";;"sup";"0";"2023-12-27"
35065;"RR_sup";2.9283206518;"sup";"2.0-3.0";"2023-12-27"
35071;"RR_sup";;"sup";"0";"2023-12-27"
35072;"RR_sup";;"sup";"0";"2023-12-27"
35073;"RR_sup";;"sup";"0";"2023-12-27"
35074;"RR_sup";;"sup";"0";"2023-12-27"
35081;"RR_sup";;"sup";"0";"2023-12-27"
35082;"RR_sup";1.6636869926;"sup";"1.1-2.0";"2023-12-27"
35083;"RR_sup";1.6636869926;"sup";"1.1-2.0";"2023-12-27"
35091;"RR_sup";2.9283206518;"sup";"2.0-3.0";"2023-12-27"
35092;"RR_sup";2.9283206518;"sup";"2.0-3.0";"2023-12-27"
35093;"RR_sup";2.9283206518;"sup";"2.0-3.0";"2023-12-27"
35094;"RR_sup";2.9283206518;"sup";"2.0-3.0";"2023-12-27"
35095;"RR_sup";2.9283206518;"sup";"2.0-3.0";"2023-12-27"
35101;"RR_sup";;"sup";"0";"2023-12-27"
35102;"RR_sup";;"sup";"0";"2023-12-27"
35103;"RR_sup";;"sup";"0";"2023-12-27"
35104;"RR_sup";;"sup";"0";"2023-12-27"
35111;"RR_sup";2.9283206518;"sup";"2.0-3.0";"2023-12-27"
35112;"RR_sup";2.9283206518;"sup";"2.0-3.0";"2023-12-27"
35113;"RR_sup";2.9283206518;"sup";"2.0-3.0";"2023-12-27"
35114;"RR_sup";2.9283206518;"sup";"2.0-3.0";"2023-12-27"
35115;"RR_sup";2.9283206518;"sup";"2.0-3.0";"2023-12-27"
35121;"RR_sup";;"sup";"0";"2023-12-27"
35131;"RR_sup";1.6636869926;"sup";"1.1-2.0";"2023-12-27"
35132;"RR_sup";1.6636869926;"sup";"1.1-2.0";"2023-12-27"
35133;"RR_sup";1.6636869926;"sup";"1.1-2.0";"2023-12-27"
35141;"RR_sup";;"sup";"0";"2023-12-27"
35142;"RR_sup";;"sup";"0";"2023-12-27"
35143;"RR_sup";8.703965392;"sup";">3";"2023-12-27"
35151;"RR_sup";1.6636869926;"sup";"1.1-2.0";"2023-12-27"
35152;"RR_sup";2.9283206518;"sup";"2.0-3.0";"2023-12-27"
35153;"RR_sup";2.9283206518;"sup";"2.0-3.0";"2023-12-27"
35154;"RR_sup";2.9283206518;"sup";"2.0-3.0";"2023-12-27"
35155;"RR_sup";;"sup";"0";"2023-12-27"
35156;"RR_sup";2.9283206518;"sup";"2.0-3.0";"2023-12-27"
35157;"RR_sup";2.9283206518;"sup";"2.0-3.0";"2023-12-27"
35161;"RR_sup";;"sup";"0";"2023-12-27"
35162;"RR_sup";;"sup";"0";"2023-12-27"
35163;"RR_sup";;"sup";"0";"2023-12-27"
35171;"RR_sup";;"sup";"0";"2023-12-27"
35172;"RR_sup";;"sup";"0";"2023-12-27"
35173;"RR_sup";2.481754681;"sup";"2.0-3.0";"2023-12-27"
35174;"RR_sup";2.481754681;"sup";"2.0-3.0";"2023-12-27"
35011;"RR_sup_mv";;"sup_mv";"0";"2023-12-27"
35012;"RR_sup_mv";;"sup_mv";"0";"2023-12-27"
35013;"RR_sup_mv";;"sup_mv";"0";"2023-12-27"
35014;"RR_sup_mv";;"sup_mv";"0";"2023-12-27"
35015;"RR_sup_mv";;"sup_mv";"0";"2023-12-27"
35016;"RR_sup_mv";;"sup_mv";"0";"2023-12-27"
35021;"RR_sup_mv";1.679032267;"sup_mv";"1.1-2.0";"2023-12-27"
35022;"RR_sup_mv";1.679032267;"sup_mv";"1.1-2.0";"2023-12-27"
35023;"RR_sup_mv";2.6260556359;"sup_mv";"2.0-3.0";"2023-12-27"
35031;"RR_sup_mv";;"sup_mv";"0";"2023-12-27"
35032;"RR_sup_mv";;"sup_mv";"0";"2023-12-27"
35033;"RR_sup_mv";;"sup_mv";"0";"2023-12-27"
35034;"RR_sup_mv";;"sup_mv";"0";"2023-12-27"
35041;"RR_sup_mv";;"sup_mv";"0";"2023-12-27"
35051;"RR_sup_mv";;"sup_mv";"0";"2023-12-27"
35052;"RR_sup_mv";2.0989495224;"sup_mv";"2.0-3.0";"2023-12-27"
35061;"RR_sup_mv";;"sup_mv";"0";"2023-12-27"
35062;"RR_sup_mv";;"sup_mv";"0";"2023-12-27"
35063;"RR_sup_mv";3.1496952905;"sup_mv";">3";"2023-12-27"
35064;"RR_sup_mv";;"sup_mv";"0";"2023-12-27"
35065;"RR_sup_mv";2.6260556359;"sup_mv";"2.0-3.0";"2023-12-27"
35071;"RR_sup_mv";;"sup_mv";"0";"2023-12-27"
35072;"RR_sup_mv";;"sup_mv";"0";"2023-12-27"
35073;"RR_sup_mv";;"sup_mv";"0";"2023-12-27"
35074;"RR_sup_mv";;"sup_mv";"0";"2023-12-27"
35081;"RR_sup_mv";;"sup_mv";"0";"2023-12-27"
35082;"RR_sup_mv";2.0989495224;"sup_mv";"2.0-3.0";"2023-12-27"
35083;"RR_sup_mv";2.0989495224;"sup_mv";"2.0-3.0";"2023-12-27"
35091;"RR_sup_mv";1.679032267;"sup_mv";"1.1-2.0";"2023-12-27"
35092;"RR_sup_mv";;"sup_mv";"0";"2023-12-27"
35093;"RR_sup_mv";2.6260556359;"sup_mv";"2.0-3.0";"2023-12-27"
35094;"RR_sup_mv";;"sup_mv";"0";"2023-12-27"
35095;"RR_sup_mv";1.679032267;"sup_mv";"1.1-2.0";"2023-12-27"
35101;"RR_sup_mv";;"sup_mv";"0";"2023-12-27"
35102;"RR_sup_mv";;"sup_mv";"0";"2023-12-27"
35103;"RR_sup_mv";;"sup_mv";"0";"2023-12-27"
35104;"RR_sup_mv";;"sup_mv";"0";"2023-12-27"
35111;"RR_sup_mv";1.679032267;"sup_mv";"1.1-2.0";"2023-12-27"
35112;"RR_sup_mv";1.679032267;"sup_mv";"1.1-2.0";"2023-12-27"
35113;"RR_sup_mv";1.679032267;"sup_mv";"1.1-2.0";"2023-12-27"
35114;"RR_sup_mv";5.3480547021;"sup_mv";">3";"2023-12-27"
35115;"RR_sup_mv";5.3480547021;"sup_mv";">3";"2023-12-27"
35121;"RR_sup_mv";;"sup_mv";"0";"2023-12-27"
35131;"RR_sup_mv";;"sup_mv";"0";"2023-12-27"
35132;"RR_sup_mv";;"sup_mv";"0";"2023-12-27"
35133;"RR_sup_mv";;"sup_mv";"0";"2023-12-27"
35141;"RR_sup_mv";;"sup_mv";"0";"2023-12-27"
35142;"RR_sup_mv";;"sup_mv";"0";"2023-12-27"
35143;"RR_sup_mv";6.4134965914;"sup_mv";">3";"2023-12-27"
35151;"RR_sup_mv";2.6260556359;"sup_mv";"2.0-3.0";"2023-12-27"
35152;"RR_sup_mv";2.4173484549;"sup_mv";"2.0-3.0";"2023-12-27"
35153;"RR_sup_mv";2.4173484549;"sup_mv";"2.0-3.0";"2023-12-27"
35154;"RR_sup_mv";2.4173484549;"sup_mv";"2.0-3.0";"2023-12-27"
35155;"RR_sup_mv";;"sup_mv";"0";"2023-12-27"
35156;"RR_sup_mv";2.6260556359;"sup_mv";"2.0-3.0";"2023-12-27"
35157;"RR_sup_mv";2.4173484549;"sup_mv";"2.0-3.0";"2023-12-27"
35161;"RR_sup_mv";;"sup_mv";"0";"2023-12-27"
35162;"RR_sup_mv";;"sup_mv";"0";"2023-12-27"
35163;"RR_sup_mv";;"sup_mv";"0";"2023-12-27"
35171;"RR_sup_mv";;"sup_mv";"0";"2023-12-27"
35172;"RR_sup_mv";;"sup_mv";"0";"2023-12-27"
35173;"RR_sup_mv";2.3680481211;"sup_mv";"2.0-3.0";"2023-12-27"
35174;"RR_sup_mv";2.3680481211;"sup_mv";"2.0-3.0";"2023-12-27"
35011;"RR_sup";;"sup";"0";"2023-12-20"
35012;"RR_sup";;"sup";"0";"2023-12-20"
35013;"RR_sup";;"sup";"0";"2023-12-20"
35014;"RR_sup";;"sup";"0";"2023-12-20"
35015;"RR_sup";;"sup";"0";"2023-12-20"
35016;"RR_sup";;"sup";"0";"2023-12-20"
35021;"RR_sup";2.0375049913;"sup";"2.0-3.0";"2023-12-20"
35022;"RR_sup";2.0375049913;"sup";"2.0-3.0";"2023-12-20"
35023;"RR_sup";2.9868541804;"sup";"2.0-3.0";"2023-12-20"
35031;"RR_sup";1.6929335078;"sup";"1.1-2.0";"2023-12-20"
35032;"RR_sup";1.6929335078;"sup";"1.1-2.0";"2023-12-20"
35033;"RR_sup";1.6929335078;"sup";"1.1-2.0";"2023-12-20"
35034;"RR_sup";1.6929335078;"sup";"1.1-2.0";"2023-12-20"
35041;"RR_sup";;"sup";"0";"2023-12-20"
35051;"RR_sup";1.7480071961;"sup";"1.1-2.0";"2023-12-20"
35052;"RR_sup";1.7480071961;"sup";"1.1-2.0";"2023-12-20"
35061;"RR_sup";;"sup";"0";"2023-12-20"
35062;"RR_sup";;"sup";"0";"2023-12-20"
35063;"RR_sup";3.449845056;"sup";">3";"2023-12-20"
35064;"RR_sup";1.6929335078;"sup";"1.1-2.0";"2023-12-20"
35065;"RR_sup";2.9868541804;"sup";"2.0-3.0";"2023-12-20"
35071;"RR_sup";;"sup";"0";"2023-12-20"
35072;"RR_sup";;"sup";"0";"2023-12-20"
35073;"RR_sup";;"sup";"0";"2023-12-20"
35074;"RR_sup";;"sup";"0";"2023-12-20"
35081;"RR_sup";;"sup";"0";"2023-12-20"
35082;"RR_sup";1.7480071961;"sup";"1.1-2.0";"2023-12-20"
35083;"RR_sup";3.0354646298;"sup";">3";"2023-12-20"
35091;"RR_sup";2.0375049913;"sup";"2.0-3.0";"2023-12-20"
35092;"RR_sup";;"sup";"0";"2023-12-20"
35093;"RR_sup";2.9868541804;"sup";"2.0-3.0";"2023-12-20"
35094;"RR_sup";;"sup";"0";"2023-12-20"
35095;"RR_sup";2.0375049913;"sup";"2.0-3.0";"2023-12-20"
35101;"RR_sup";;"sup";"0";"2023-12-20"
35102;"RR_sup";;"sup";"0";"2023-12-20"
35103;"RR_sup";;"sup";"0";"2023-12-20"
35104;"RR_sup";;"sup";"0";"2023-12-20"
35111;"RR_sup";2.0375049913;"sup";"2.0-3.0";"2023-12-20"
35112;"RR_sup";2.0375049913;"sup";"2.0-3.0";"2023-12-20"
35113;"RR_sup";2.0375049913;"sup";"2.0-3.0";"2023-12-20"
35114;"RR_sup";7.4971181177;"sup";">3";"2023-12-20"
35115;"RR_sup";7.4971181177;"sup";">3";"2023-12-20"
35121;"RR_sup";;"sup";"0";"2023-12-20"
35131;"RR_sup";;"sup";"0";"2023-12-20"
35132;"RR_sup";1.7177591269;"sup";"1.1-2.0";"2023-12-20"
35133;"RR_sup";1.7177591269;"sup";"1.1-2.0";"2023-12-20"
35141;"RR_sup";;"sup";"0";"2023-12-20"
35142;"RR_sup";;"sup";"0";"2023-12-20"
35143;"RR_sup";6.5652807319;"sup";">3";"2023-12-20"
35151;"RR_sup";2.9868541804;"sup";"2.0-3.0";"2023-12-20"
35152;"RR_sup";3.3173084411;"sup";">3";"2023-12-20"
35153;"RR_sup";3.3173084411;"sup";">3";"2023-12-20"
35154;"RR_sup";3.3173084411;"sup";">3";"2023-12-20"
35155;"RR_sup";1.7480071961;"sup";"1.1-2.0";"2023-12-20"
35156;"RR_sup";2.9868541804;"sup";"2.0-3.0";"2023-12-20"
35157;"RR_sup";3.3173084411;"sup";">3";"2023-12-20"
35161;"RR_sup";;"sup";"0";"2023-12-20"
35162;"RR_sup";;"sup";"0";"2023-12-20"
35163;"RR_sup";;"sup";"0";"2023-12-20"
35171;"RR_sup";;"sup";"0";"2023-12-20"
35172;"RR_sup";;"sup";"0";"2023-12-20"
35173;"RR_sup";1.9130790638;"sup";"1.1-2.0";"2023-12-20"
35174;"RR_sup";1.9130790638;"sup";"1.1-2.0";"2023-12-20"
35011;"RR_sup_mv";;"sup_mv";"0";"2023-12-20"
35012;"RR_sup_mv";;"sup_mv";"0";"2023-12-20"
35013;"RR_sup_mv";;"sup_mv";"0";"2023-12-20"
35014;"RR_sup_mv";;"sup_mv";"0";"2023-12-20"
35015;"RR_sup_mv";;"sup_mv";"0";"2023-12-20"
35016;"RR_sup_mv";;"sup_mv";"0";"2023-12-20"
35021;"RR_sup_mv";2.2578930869;"sup_mv";"2.0-3.0";"2023-12-20"
35022;"RR_sup_mv";2.2578930869;"sup_mv";"2.0-3.0";"2023-12-20"
35023;"RR_sup_mv";2.2578930869;"sup_mv";"2.0-3.0";"2023-12-20"
35031;"RR_sup_mv";;"sup_mv";"0";"2023-12-20"
35032;"RR_sup_mv";2.0675435879;"sup_mv";"2.0-3.0";"2023-12-20"
35033;"RR_sup_mv";2.0675435879;"sup_mv";"2.0-3.0";"2023-12-20"
35034;"RR_sup_mv";;"sup_mv";"0";"2023-12-20"
35041;"RR_sup_mv";;"sup_mv";"0";"2023-12-20"
35051;"RR_sup_mv";;"sup_mv";"0";"2023-12-20"
35052;"RR_sup_mv";;"sup_mv";"0";"2023-12-20"
35061;"RR_sup_mv";;"sup_mv";"0";"2023-12-20"
35062;"RR_sup_mv";;"sup_mv";"0";"2023-12-20"
35063;"RR_sup_mv";3.244009625;"sup_mv";">3";"2023-12-20"
35064;"RR_sup_mv";;"sup_mv";"0";"2023-12-20"
35065;"RR_sup_mv";2.2578930869;"sup_mv";"2.0-3.0";"2023-12-20"
35071;"RR_sup_mv";;"sup_mv";"0";"2023-12-20"
35072;"RR_sup_mv";;"sup_mv";"0";"2023-12-20"
35073;"RR_sup_mv";;"sup_mv";"0";"2023-12-20"
35074;"RR_sup_mv";;"sup_mv";"0";"2023-12-20"
35081;"RR_sup_mv";;"sup_mv";"0";"2023-12-20"
35082;"RR_sup_mv";;"sup_mv";"0";"2023-12-20"
35083;"RR_sup_mv";;"sup_mv";"0";"2023-12-20"
35091;"RR_sup_mv";2.2578930869;"sup_mv";"2.0-3.0";"2023-12-20"
35092;"RR_sup_mv";;"sup_mv";"0";"2023-12-20"
35093;"RR_sup_mv";2.2578930869;"sup_mv";"2.0-3.0";"2023-12-20"
35094;"RR_sup_mv";;"sup_mv";"0";"2023-12-20"
35095;"RR_sup_mv";2.2578930869;"sup_mv";"2.0-3.0";"2023-12-20"
35101;"RR_sup_mv";;"sup_mv";"0";"2023-12-20"
35102;"RR_sup_mv";;"sup_mv";"0";"2023-12-20"
35103;"RR_sup_mv";;"sup_mv";"0";"2023-12-20"
35104;"RR_sup_mv";;"sup_mv";"0";"2023-12-20"
35111;"RR_sup_mv";2.2578930869;"sup_mv";"2.0-3.0";"2023-12-20"
35112;"RR_sup_mv";2.2578930869;"sup_mv";"2.0-3.0";"2023-12-20"
35113;"RR_sup_mv";2.2578930869;"sup_mv";"2.0-3.0";"2023-12-20"
35114;"RR_sup_mv";2.2578930869;"sup_mv";"2.0-3.0";"2023-12-20"
35115;"RR_sup_mv";2.2578930869;"sup_mv";"2.0-3.0";"2023-12-20"
35121;"RR_sup_mv";;"sup_mv";"0";"2023-12-20"
35131;"RR_sup_mv";;"sup_mv";"0";"2023-12-20"
35132;"RR_sup_mv";;"sup_mv";"0";"2023-12-20"
35133;"RR_sup_mv";;"sup_mv";"0";"2023-12-20"
35141;"RR_sup_mv";;"sup_mv";"0";"2023-12-20"
35142;"RR_sup_mv";;"sup_mv";"0";"2023-12-20"
35143;"RR_sup_mv";5.1438375356;"sup_mv";">3";"2023-12-20"
35151;"RR_sup_mv";2.0675435879;"sup_mv";"2.0-3.0";"2023-12-20"
35152;"RR_sup_mv";2.2578930869;"sup_mv";"2.0-3.0";"2023-12-20"
35153;"RR_sup_mv";2.2578930869;"sup_mv";"2.0-3.0";"2023-12-20"
35154;"RR_sup_mv";2.2578930869;"sup_mv";"2.0-3.0";"2023-12-20"
35155;"RR_sup_mv";2.2578930869;"sup_mv";"2.0-3.0";"2023-12-20"
35156;"RR_sup_mv";2.2578930869;"sup_mv";"2.0-3.0";"2023-12-20"
35157;"RR_sup_mv";2.2578930869;"sup_mv";"2.0-3.0";"2023-12-20"
35161;"RR_sup_mv";;"sup_mv";"0";"2023-12-20"
35162;"RR_sup_mv";;"sup_mv";"0";"2023-12-20"
35163;"RR_sup_mv";;"sup_mv";"0";"2023-12-20"
35171;"RR_sup_mv";;"sup_mv";"0";"2023-12-20"
35172;"RR_sup_mv";;"sup_mv";"0";"2023-12-20"
35173;"RR_sup_mv";1.8439278902;"sup_mv";"1.1-2.0";"2023-12-20"
35174;"RR_sup_mv";1.8439278902;"sup_mv";"1.1-2.0";"2023-12-20"
35011;"RR_sup";;"sup";"0";"2023-12-13"
35012;"RR_sup";;"sup";"0";"2023-12-13"
35013;"RR_sup";;"sup";"0";"2023-12-13"
35014;"RR_sup";;"sup";"0";"2023-12-13"
35015;"RR_sup";;"sup";"0";"2023-12-13"
35016;"RR_sup";;"sup";"0";"2023-12-13"
35021;"RR_sup";2.561144597;"sup";"2.0-3.0";"2023-12-13"
35022;"RR_sup";2.561144597;"sup";"2.0-3.0";"2023-12-13"
35023;"RR_sup";2.8856609782;"sup";"2.0-3.0";"2023-12-13"
35031;"RR_sup";;"sup";"0";"2023-12-13"
35032;"RR_sup";6.6548393756;"sup";">3";"2023-12-13"
35033;"RR_sup";;"sup";"0";"2023-12-13"
35034;"RR_sup";;"sup";"0";"2023-12-13"
35041;"RR_sup";;"sup";"0";"2023-12-13"
35051;"RR_sup";;"sup";"0";"2023-12-13"
35052;"RR_sup";;"sup";"0";"2023-12-13"
35061;"RR_sup";;"sup";"0";"2023-12-13"
35062;"RR_sup";;"sup";"0";"2023-12-13"
35063;"RR_sup";4.178380845;"sup";">3";"2023-12-13"
35064;"RR_sup";;"sup";"0";"2023-12-13"
35065;"RR_sup";2.8856609782;"sup";"2.0-3.0";"2023-12-13"
35071;"RR_sup";;"sup";"0";"2023-12-13"
35072;"RR_sup";;"sup";"0";"2023-12-13"
35073;"RR_sup";;"sup";"0";"2023-12-13"
35074;"RR_sup";3.8881826617;"sup";">3";"2023-12-13"
35081;"RR_sup";;"sup";"0";"2023-12-13"
35082;"RR_sup";;"sup";"0";"2023-12-13"
35083;"RR_sup";6.3948656259;"sup";">3";"2023-12-13"
35091;"RR_sup";2.561144597;"sup";"2.0-3.0";"2023-12-13"
35092;"RR_sup";;"sup";"0";"2023-12-13"
35093;"RR_sup";2.8856609782;"sup";"2.0-3.0";"2023-12-13"
35094;"RR_sup";;"sup";"0";"2023-12-13"
35095;"RR_sup";2.561144597;"sup";"2.0-3.0";"2023-12-13"
35101;"RR_sup";;"sup";"0";"2023-12-13"
35102;"RR_sup";;"sup";"0";"2023-12-13"
35103;"RR_sup";;"sup";"0";"2023-12-13"
35104;"RR_sup";2.3903498956;"sup";"2.0-3.0";"2023-12-13"
35111;"RR_sup";2.561144597;"sup";"2.0-3.0";"2023-12-13"
35112;"RR_sup";2.561144597;"sup";"2.0-3.0";"2023-12-13"
35113;"RR_sup";2.561144597;"sup";"2.0-3.0";"2023-12-13"
35114;"RR_sup";16.9080901824;"sup";">3";"2023-12-13"
35115;"RR_sup";16.9080901824;"sup";">3";"2023-12-13"
35121;"RR_sup";;"sup";"0";"2023-12-13"
35131;"RR_sup";;"sup";"0";"2023-12-13"
35132;"RR_sup";;"sup";"0";"2023-12-13"
35133;"RR_sup";;"sup";"0";"2023-12-13"
35141;"RR_sup";;"sup";"0";"2023-12-13"
35142;"RR_sup";2.4457456541;"sup";"2.0-3.0";"2023-12-13"
35143;"RR_sup";;"sup";"0";"2023-12-13"
35151;"RR_sup";2.8856609782;"sup";"2.0-3.0";"2023-12-13"
35152;"RR_sup";1.9975648399;"sup";"1.1-2.0";"2023-12-13"
35153;"RR_sup";1.9975648399;"sup";"1.1-2.0";"2023-12-13"
35154;"RR_sup";1.9975648399;"sup";"1.1-2.0";"2023-12-13"
35155;"RR_sup";1.9975648399;"sup";"1.1-2.0";"2023-12-13"
35156;"RR_sup";2.8856609782;"sup";"2.0-3.0";"2023-12-13"
35157;"RR_sup";1.9975648399;"sup";"1.1-2.0";"2023-12-13"
35161;"RR_sup";;"sup";"0";"2023-12-13"
35162;"RR_sup";;"sup";"0";"2023-12-13"
35163;"RR_sup";;"sup";"0";"2023-12-13"
35171;"RR_sup";;"sup";"0";"2023-12-13"
35172;"RR_sup";;"sup";"0";"2023-12-13"
35173;"RR_sup";;"sup";"0";"2023-12-13"
35174;"RR_sup";;"sup";"0";"2023-12-13"
35011;"RR_sup_mv";;"sup_mv";"0";"2023-12-13"
35012;"RR_sup_mv";;"sup_mv";"0";"2023-12-13"
35013;"RR_sup_mv";;"sup_mv";"0";"2023-12-13"
35014;"RR_sup_mv";;"sup_mv";"0";"2023-12-13"
35015;"RR_sup_mv";;"sup_mv";"0";"2023-12-13"
35016;"RR_sup_mv";;"sup_mv";"0";"2023-12-13"
35021;"RR_sup_mv";2.4872728456;"sup_mv";"2.0-3.0";"2023-12-13"
35022;"RR_sup_mv";2.4872728456;"sup_mv";"2.0-3.0";"2023-12-13"
35023;"RR_sup_mv";2.4872728456;"sup_mv";"2.0-3.0";"2023-12-13"
35031;"RR_sup_mv";;"sup_mv";"0";"2023-12-13"
35032;"RR_sup_mv";2.4872728456;"sup_mv";"2.0-3.0";"2023-12-13"
35033;"RR_sup_mv";;"sup_mv";"0";"2023-12-13"
35034;"RR_sup_mv";;"sup_mv";"0";"2023-12-13"
35041;"RR_sup_mv";;"sup_mv";"0";"2023-12-13"
35051;"RR_sup_mv";;"sup_mv";"0";"2023-12-13"
35052;"RR_sup_mv";;"sup_mv";"0";"2023-12-13"
35061;"RR_sup_mv";;"sup_mv";"0";"2023-12-13"
35062;"RR_sup_mv";;"sup_mv";"0";"2023-12-13"
35063;"RR_sup_mv";3.3867361883;"sup_mv";">3";"2023-12-13"
35064;"RR_sup_mv";;"sup_mv";"0";"2023-12-13"
35065;"RR_sup_mv";2.4872728456;"sup_mv";"2.0-3.0";"2023-12-13"
35071;"RR_sup_mv";;"sup_mv";"0";"2023-12-13"
35072;"RR_sup_mv";;"sup_mv";"0";"2023-12-13"
35073;"RR_sup_mv";;"sup_mv";"0";"2023-12-13"
35074;"RR_sup_mv";;"sup_mv";"0";"2023-12-13"
35081;"RR_sup_mv";;"sup_mv";"0";"2023-12-13"
35082;"RR_sup_mv";;"sup_mv";"0";"2023-12-13"
35083;"RR_sup_mv";4.6844928355;"sup_mv";">3";"2023-12-13"
35091;"RR_sup_mv";2.4872728456;"sup_mv";"2.0-3.0";"2023-12-13"
35092;"RR_sup_mv";2.4872728456;"sup_mv";"2.0-3.0";"2023-12-13"
35093;"RR_sup_mv";2.4872728456;"sup_mv";"2.0-3.0";"2023-12-13"
35094;"RR_sup_mv";;"sup_mv";"0";"2023-12-13"
35095;"RR_sup_mv";2.4872728456;"sup_mv";"2.0-3.0";"2023-12-13"
35101;"RR_sup_mv";;"sup_mv";"0";"2023-12-13"
35102;"RR_sup_mv";;"sup_mv";"0";"2023-12-13"
35103;"RR_sup_mv";;"sup_mv";"0";"2023-12-13"
35104;"RR_sup_mv";;"sup_mv";"0";"2023-12-13"
35111;"RR_sup_mv";2.4872728456;"sup_mv";"2.0-3.0";"2023-12-13"
35112;"RR_sup_mv";2.4872728456;"sup_mv";"2.0-3.0";"2023-12-13"
35113;"RR_sup_mv";2.4872728456;"sup_mv";"2.0-3.0";"2023-12-13"
35114;"RR_sup_mv";2.4872728456;"sup_mv";"2.0-3.0";"2023-12-13"
35115;"RR_sup_mv";2.4872728456;"sup_mv";"2.0-3.0";"2023-12-13"
35121;"RR_sup_mv";;"sup_mv";"0";"2023-12-13"
35131;"RR_sup_mv";;"sup_mv";"0";"2023-12-13"
35132;"RR_sup_mv";;"sup_mv";"0";"2023-12-13"
35133;"RR_sup_mv";;"sup_mv";"0";"2023-12-13"
35141;"RR_sup_mv";;"sup_mv";"0";"2023-12-13"
35142;"RR_sup_mv";;"sup_mv";"0";"2023-12-13"
35143;"RR_sup_mv";;"sup_mv";"0";"2023-12-13"
35151;"RR_sup_mv";2.4872728456;"sup_mv";"2.0-3.0";"2023-12-13"
35152;"RR_sup_mv";2.4872728456;"sup_mv";"2.0-3.0";"2023-12-13"
35153;"RR_sup_mv";2.4872728456;"sup_mv";"2.0-3.0";"2023-12-13"
35154;"RR_sup_mv";2.4872728456;"sup_mv";"2.0-3.0";"2023-12-13"
35155;"RR_sup_mv";2.4872728456;"sup_mv";"2.0-3.0";"2023-12-13"
35156;"RR_sup_mv";2.4872728456;"sup_mv";"2.0-3.0";"2023-12-13"
35157;"RR_sup_mv";2.4872728456;"sup_mv";"2.0-3.0";"2023-12-13"
35161;"RR_sup_mv";;"sup_mv";"0";"2023-12-13"
35162;"RR_sup_mv";;"sup_mv";"0";"2023-12-13"
35163;"RR_sup_mv";;"sup_mv";"0";"2023-12-13"
35171;"RR_sup_mv";;"sup_mv";"0";"2023-12-13"
35172;"RR_sup_mv";;"sup_mv";"0";"2023-12-13"
35173;"RR_sup_mv";;"sup_mv";"0";"2023-12-13"
35174;"RR_sup_mv";;"sup_mv";"0";"2023-12-13"
35011;"RR_sup";;"sup";"0";"2023-12-06"
35012;"RR_sup";;"sup";"0";"2023-12-06"
35013;"RR_sup";;"sup";"0";"2023-12-06"
35014;"RR_sup";;"sup";"0";"2023-12-06"
35015;"RR_sup";;"sup";"0";"2023-12-06"
35016;"RR_sup";;"sup";"0";"2023-12-06"
35021;"RR_sup";2.5296234411;"sup";"2.0-3.0";"2023-12-06"
35022;"RR_sup";2.5296234411;"sup";"2.0-3.0";"2023-12-06"
35023;"RR_sup";2.5296234411;"sup";"2.0-3.0";"2023-12-06"
35031;"RR_sup";2.5296234411;"sup";"2.0-3.0";"2023-12-06"
35032;"RR_sup";2.5296234411;"sup";"2.0-3.0";"2023-12-06"
35033;"RR_sup";2.5296234411;"sup";"2.0-3.0";"2023-12-06"
35034;"RR_sup";2.5296234411;"sup";"2.0-3.0";"2023-12-06"
35041;"RR_sup";;"sup";"0";"2023-12-06"
35051;"RR_sup";2.5296234411;"sup";"2.0-3.0";"2023-12-06"
35052;"RR_sup";2.5296234411;"sup";"2.0-3.0";"2023-12-06"
35061;"RR_sup";2.5296234411;"sup";"2.0-3.0";"2023-12-06"
35062;"RR_sup";2.5296234411;"sup";"2.0-3.0";"2023-12-06"
35063;"RR_sup";2.5296234411;"sup";"2.0-3.0";"2023-12-06"
35064;"RR_sup";2.5296234411;"sup";"2.0-3.0";"2023-12-06"
35065;"RR_sup";2.5296234411;"sup";"2.0-3.0";"2023-12-06"
35071;"RR_sup";;"sup";"0";"2023-12-06"
35072;"RR_sup";;"sup";"0";"2023-12-06"
35073;"RR_sup";;"sup";"0";"2023-12-06"
35074;"RR_sup";4.4193976597;"sup";">3";"2023-12-06"
35081;"RR_sup";2.5296234411;"sup";"2.0-3.0";"2023-12-06"
35082;"RR_sup";2.5296234411;"sup";"2.0-3.0";"2023-12-06"
35083;"RR_sup";2.5296234411;"sup";"2.0-3.0";"2023-12-06"
35091;"RR_sup";2.5296234411;"sup";"2.0-3.0";"2023-12-06"
35092;"RR_sup";2.5296234411;"sup";"2.0-3.0";"2023-12-06"
35093;"RR_sup";2.5296234411;"sup";"2.0-3.0";"2023-12-06"
35094;"RR_sup";2.5296234411;"sup";"2.0-3.0";"2023-12-06"
35095;"RR_sup";2.5296234411;"sup";"2.0-3.0";"2023-12-06"
35101;"RR_sup";2.5296234411;"sup";"2.0-3.0";"2023-12-06"
35102;"RR_sup";2.5296234411;"sup";"2.0-3.0";"2023-12-06"
35103;"RR_sup";2.5296234411;"sup";"2.0-3.0";"2023-12-06"
35104;"RR_sup";2.5296234411;"sup";"2.0-3.0";"2023-12-06"
35111;"RR_sup";2.5296234411;"sup";"2.0-3.0";"2023-12-06"
35112;"RR_sup";2.5296234411;"sup";"2.0-3.0";"2023-12-06"
35113;"RR_sup";2.5296234411;"sup";"2.0-3.0";"2023-12-06"
35114;"RR_sup";46.3022130704;"sup";">3";"2023-12-06"
35115;"RR_sup";;"sup";"0";"2023-12-06"
35121;"RR_sup";;"sup";"0";"2023-12-06"
35131;"RR_sup";2.5296234411;"sup";"2.0-3.0";"2023-12-06"
35132;"RR_sup";2.5296234411;"sup";"2.0-3.0";"2023-12-06"
35133;"RR_sup";2.5296234411;"sup";"2.0-3.0";"2023-12-06"
35141;"RR_sup";2.5296234411;"sup";"2.0-3.0";"2023-12-06"
35142;"RR_sup";2.5296234411;"sup";"2.0-3.0";"2023-12-06"
35143;"RR_sup";2.5296234411;"sup";"2.0-3.0";"2023-12-06"
35151;"RR_sup";2.5296234411;"sup";"2.0-3.0";"2023-12-06"
35152;"RR_sup";2.5296234411;"sup";"2.0-3.0";"2023-12-06"
35153;"RR_sup";2.5296234411;"sup";"2.0-3.0";"2023-12-06"
35154;"RR_sup";2.5296234411;"sup";"2.0-3.0";"2023-12-06"
35155;"RR_sup";2.5296234411;"sup";"2.0-3.0";"2023-12-06"
35156;"RR_sup";2.5296234411;"sup";"2.0-3.0";"2023-12-06"
35157;"RR_sup";2.5296234411;"sup";"2.0-3.0";"2023-12-06"
35161;"RR_sup";;"sup";"0";"2023-12-06"
35162;"RR_sup";;"sup";"0";"2023-12-06"
35163;"RR_sup";;"sup";"0";"2023-12-06"
35171;"RR_sup";;"sup";"0";"2023-12-06"
35172;"RR_sup";;"sup";"0";"2023-12-06"
35173;"RR_sup";;"sup";"0";"2023-12-06"
35174;"RR_sup";;"sup";"0";"2023-12-06"
35011;"RR_sup_mv";;"sup_mv";"0";"2023-12-06"
35012;"RR_sup_mv";;"sup_mv";"0";"2023-12-06"
35013;"RR_sup_mv";;"sup_mv";"0";"2023-12-06"
35014;"RR_sup_mv";;"sup_mv";"0";"2023-12-06"
35015;"RR_sup_mv";;"sup_mv";"0";"2023-12-06"
35016;"RR_sup_mv";;"sup_mv";"0";"2023-12-06"
35021;"RR_sup_mv";1.704475679;"sup_mv";"1.1-2.0";"2023-12-06"
35022;"RR_sup_mv";1.704475679;"sup_mv";"1.1-2.0";"2023-12-06"
35023;"RR_sup_mv";1.704475679;"sup_mv";"1.1-2.0";"2023-12-06"
35031;"RR_sup_mv";;"sup_mv";"0";"2023-12-06"
35032;"RR_sup_mv";4.2314737722;"sup_mv";">3";"2023-12-06"
35033;"RR_sup_mv";;"sup_mv";"0";"2023-12-06"
35034;"RR_sup_mv";;"sup_mv";"0";"2023-12-06"
35041;"RR_sup_mv";;"sup_mv";"0";"2023-12-06"
35051;"RR_sup_mv";;"sup_mv";"0";"2023-12-06"
35052;"RR_sup_mv";2.6678491419;"sup_mv";"2.0-3.0";"2023-12-06"
35061;"RR_sup_mv";;"sup_mv";"0";"2023-12-06"
35062;"RR_sup_mv";;"sup_mv";"0";"2023-12-06"
35063;"RR_sup_mv";2.1437926041;"sup_mv";"2.0-3.0";"2023-12-06"
35064;"RR_sup_mv";;"sup_mv";"0";"2023-12-06"
35065;"RR_sup_mv";3.0415291962;"sup_mv";">3";"2023-12-06"
35071;"RR_sup_mv";;"sup_mv";"0";"2023-12-06"
35072;"RR_sup_mv";;"sup_mv";"0";"2023-12-06"
35073;"RR_sup_mv";;"sup_mv";"0";"2023-12-06"
35074;"RR_sup_mv";3.223178956;"sup_mv";">3";"2023-12-06"
35081;"RR_sup_mv";;"sup_mv";"0";"2023-12-06"
35082;"RR_sup_mv";2.6678491419;"sup_mv";"2.0-3.0";"2023-12-06"
35083;"RR_sup_mv";2.6678491419;"sup_mv";"2.0-3.0";"2023-12-06"
35091;"RR_sup_mv";3.0415291962;"sup_mv";">3";"2023-12-06"
35092;"RR_sup_mv";3.0415291962;"sup_mv";">3";"2023-12-06"
35093;"RR_sup_mv";3.0415291962;"sup_mv";">3";"2023-12-06"
35094;"RR_sup_mv";3.0415291962;"sup_mv";">3";"2023-12-06"
35095;"RR_sup_mv";3.0415291962;"sup_mv";">3";"2023-12-06"
35101;"RR_sup_mv";;"sup_mv";"0";"2023-12-06"
35102;"RR_sup_mv";;"sup_mv";"0";"2023-12-06"
35103;"RR_sup_mv";;"sup_mv";"0";"2023-12-06"
35104;"RR_sup_mv";5.5431734409;"sup_mv";">3";"2023-12-06"
35111;"RR_sup_mv";;"sup_mv";"0";"2023-12-06"
35112;"RR_sup_mv";3.0415291962;"sup_mv";">3";"2023-12-06"
35113;"RR_sup_mv";3.0415291962;"sup_mv";">3";"2023-12-06"
35114;"RR_sup_mv";28.542682953;"sup_mv";">3";"2023-12-06"
35115;"RR_sup_mv";;"sup_mv";"0";"2023-12-06"
35121;"RR_sup_mv";;"sup_mv";"0";"2023-12-06"
35131;"RR_sup_mv";;"sup_mv";"0";"2023-12-06"
35132;"RR_sup_mv";;"sup_mv";"0";"2023-12-06"
35133;"RR_sup_mv";;"sup_mv";"0";"2023-12-06"
35141;"RR_sup_mv";;"sup_mv";"0";"2023-12-06"
35142;"RR_sup_mv";2.0677234363;"sup_mv";"2.0-3.0";"2023-12-06"
35143;"RR_sup_mv";2.0677234363;"sup_mv";"2.0-3.0";"2023-12-06"
35151;"RR_sup_mv";;"sup_mv";"0";"2023-12-06"
35152;"RR_sup_mv";1.704475679;"sup_mv";"1.1-2.0";"2023-12-06"
35153;"RR_sup_mv";1.704475679;"sup_mv";"1.1-2.0";"2023-12-06"
35154;"RR_sup_mv";1.704475679;"sup_mv";"1.1-2.0";"2023-12-06"
35155;"RR_sup_mv";1.704475679;"sup_mv";"1.1-2.0";"2023-12-06"
35156;"RR_sup_mv";1.704475679;"sup_mv";"1.1-2.0";"2023-12-06"
35157;"RR_sup_mv";1.704475679;"sup_mv";"1.1-2.0";"2023-12-06"
35161;"RR_sup_mv";;"sup_mv";"0";"2023-12-06"
35162;"RR_sup_mv";;"sup_mv";"0";"2023-12-06"
35163;"RR_sup_mv";;"sup_mv";"0";"2023-12-06"
35171;"RR_sup_mv";;"sup_mv";"0";"2023-12-06"
35172;"RR_sup_mv";;"sup_mv";"0";"2023-12-06"
35173;"RR_sup_mv";;"sup_mv";"0";"2023-12-06"
35174;"RR_sup_mv";;"sup_mv";"0";"2023-12-06"
35011;"RR_sup";;"sup";"0";"2023-11-29"
35012;"RR_sup";;"sup";"0";"2023-11-29"
35013;"RR_sup";;"sup";"0";"2023-11-29"
35014;"RR_sup";;"sup";"0";"2023-11-29"
35015;"RR_sup";;"sup";"0";"2023-11-29"
35016;"RR_sup";;"sup";"0";"2023-11-29"
35021;"RR_sup";3.1100256232;"sup";">3";"2023-11-29"
35022;"RR_sup";3.1100256232;"sup";">3";"2023-11-29"
35023;"RR_sup";;"sup";"0";"2023-11-29"
35031;"RR_sup";;"sup";"0";"2023-11-29"
35032;"RR_sup";6.9111229443;"sup";">3";"2023-11-29"
35033;"RR_sup";;"sup";"0";"2023-11-29"
35034;"RR_sup";;"sup";"0";"2023-11-29"
35041;"RR_sup";;"sup";"0";"2023-11-29"
35051;"RR_sup";;"sup";"0";"2023-11-29"
35052;"RR_sup";5.7373191351;"sup";">3";"2023-11-29"
35061;"RR_sup";;"sup";"0";"2023-11-29"
35062;"RR_sup";;"sup";"0";"2023-11-29"
35063;"RR_sup";2.2193361448;"sup";"2.0-3.0";"2023-11-29"
35064;"RR_sup";;"sup";"0";"2023-11-29"
35065;"RR_sup";5.1933717393;"sup";">3";"2023-11-29"
35071;"RR_sup";;"sup";"0";"2023-11-29"
35072;"RR_sup";;"sup";"0";"2023-11-29"
35073;"RR_sup";;"sup";"0";"2023-11-29"
35074;"RR_sup";2.1391745046;"sup";"2.0-3.0";"2023-11-29"
35081;"RR_sup";;"sup";"0";"2023-11-29"
35082;"RR_sup";5.7373191351;"sup";">3";"2023-11-29"
35083;"RR_sup";5.7373191351;"sup";">3";"2023-11-29"
35091;"RR_sup";3.1100256232;"sup";">3";"2023-11-29"
35092;"RR_sup";1.9813372706;"sup";"1.1-2.0";"2023-11-29"
35093;"RR_sup";5.1933717393;"sup";">3";"2023-11-29"
35094;"RR_sup";3.3442822537;"sup";">3";"2023-11-29"
35095;"RR_sup";1.9813372706;"sup";"1.1-2.0";"2023-11-29"
35101;"RR_sup";;"sup";"0";"2023-11-29"
35102;"RR_sup";;"sup";"0";"2023-11-29"
35103;"RR_sup";;"sup";"0";"2023-11-29"
35104;"RR_sup";7.6209221618;"sup";">3";"2023-11-29"
35111;"RR_sup";3.1100256232;"sup";">3";"2023-11-29"
35112;"RR_sup";1.9813372706;"sup";"1.1-2.0";"2023-11-29"
35113;"RR_sup";1.9813372706;"sup";"1.1-2.0";"2023-11-29"
35114;"RR_sup";90.9376326253;"sup";">3";"2023-11-29"
35115;"RR_sup";;"sup";"0";"2023-11-29"
35121;"RR_sup";;"sup";"0";"2023-11-29"
35131;"RR_sup";;"sup";"0";"2023-11-29"
35132;"RR_sup";;"sup";"0";"2023-11-29"
35133;"RR_sup";;"sup";"0";"2023-11-29"
35141;"RR_sup";2.1391745046;"sup";"2.0-3.0";"2023-11-29"
35142;"RR_sup";2.1391745046;"sup";"2.0-3.0";"2023-11-29"
35143;"RR_sup";;"sup";"0";"2023-11-29"
35151;"RR_sup";;"sup";"0";"2023-11-29"
35152;"RR_sup";3.1100256232;"sup";">3";"2023-11-29"
35153;"RR_sup";3.1100256232;"sup";">3";"2023-11-29"
35154;"RR_sup";;"sup";"0";"2023-11-29"
35155;"RR_sup";2.1389297745;"sup";"2.0-3.0";"2023-11-29"
35156;"RR_sup";2.1389297745;"sup";"2.0-3.0";"2023-11-29"
35157;"RR_sup";;"sup";"0";"2023-11-29"
35161;"RR_sup";;"sup";"0";"2023-11-29"
35162;"RR_sup";;"sup";"0";"2023-11-29"
35163;"RR_sup";;"sup";"0";"2023-11-29"
35171;"RR_sup";;"sup";"0";"2023-11-29"
35172;"RR_sup";;"sup";"0";"2023-11-29"
35173;"RR_sup";;"sup";"0";"2023-11-29"
35174;"RR_sup";2.2685266488;"sup";"2.0-3.0";"2023-11-29"
35011;"RR_sup_mv";;"sup_mv";"0";"2023-11-29"
35012;"RR_sup_mv";;"sup_mv";"0";"2023-11-29"
35013;"RR_sup_mv";;"sup_mv";"0";"2023-11-29"
35014;"RR_sup_mv";;"sup_mv";"0";"2023-11-29"
35015;"RR_sup_mv";;"sup_mv";"0";"2023-11-29"
35016;"RR_sup_mv";;"sup_mv";"0";"2023-11-29"
35021;"RR_sup_mv";2.477858751;"sup_mv";"2.0-3.0";"2023-11-29"
35022;"RR_sup_mv";2.477858751;"sup_mv";"2.0-3.0";"2023-11-29"
35023;"RR_sup_mv";2.477858751;"sup_mv";"2.0-3.0";"2023-11-29"
35031;"RR_sup_mv";;"sup_mv";"0";"2023-11-29"
35032;"RR_sup_mv";2.477858751;"sup_mv";"2.0-3.0";"2023-11-29"
35033;"RR_sup_mv";2.477858751;"sup_mv";"2.0-3.0";"2023-11-29"
35034;"RR_sup_mv";;"sup_mv";"0";"2023-11-29"
35041;"RR_sup_mv";;"sup_mv";"0";"2023-11-29"
35051;"RR_sup_mv";2.477858751;"sup_mv";"2.0-3.0";"2023-11-29"
35052;"RR_sup_mv";2.477858751;"sup_mv";"2.0-3.0";"2023-11-29"
35061;"RR_sup_mv";1.3827133122;"sup_mv";"1.1-2.0";"2023-11-29"
35062;"RR_sup_mv";;"sup_mv";"0";"2023-11-29"
35063;"RR_sup_mv";1.3827133122;"sup_mv";"1.1-2.0";"2023-11-29"
35064;"RR_sup_mv";;"sup_mv";"0";"2023-11-29"
35065;"RR_sup_mv";2.477858751;"sup_mv";"2.0-3.0";"2023-11-29"
35071;"RR_sup_mv";;"sup_mv";"0";"2023-11-29"
35072;"RR_sup_mv";;"sup_mv";"0";"2023-11-29"
35073;"RR_sup_mv";;"sup_mv";"0";"2023-11-29"
35074;"RR_sup_mv";;"sup_mv";"0";"2023-11-29"
35081;"RR_sup_mv";;"sup_mv";"0";"2023-11-29"
35082;"RR_sup_mv";2.477858751;"sup_mv";"2.0-3.0";"2023-11-29"
35083;"RR_sup_mv";2.477858751;"sup_mv";"2.0-3.0";"2023-11-29"
35091;"RR_sup_mv";2.477858751;"sup_mv";"2.0-3.0";"2023-11-29"
35092;"RR_sup_mv";;"sup_mv";"0";"2023-11-29"
35093;"RR_sup_mv";2.477858751;"sup_mv";"2.0-3.0";"2023-11-29"
35094;"RR_sup_mv";1.3827133122;"sup_mv";"1.1-2.0";"2023-11-29"
35095;"RR_sup_mv";2.477858751;"sup_mv";"2.0-3.0";"2023-11-29"
35101;"RR_sup_mv";;"sup_mv";"0";"2023-11-29"
35102;"RR_sup_mv";;"sup_mv";"0";"2023-11-29"
35103;"RR_sup_mv";;"sup_mv";"0";"2023-11-29"
35104;"RR_sup_mv";6.1634037635;"sup_mv";">3";"2023-11-29"
35111;"RR_sup_mv";2.477858751;"sup_mv";"2.0-3.0";"2023-11-29"
35112;"RR_sup_mv";;"sup_mv";"0";"2023-11-29"
35113;"RR_sup_mv";;"sup_mv";"0";"2023-11-29"
35114;"RR_sup_mv";52.9750988898;"sup_mv";">3";"2023-11-29"
35115;"RR_sup_mv";;"sup_mv";"0";"2023-11-29"
35121;"RR_sup_mv";1.3827133122;"sup_mv";"1.1-2.0";"2023-11-29"
35131;"RR_sup_mv";2.477858751;"sup_mv";"2.0-3.0";"2023-11-29"
35132;"RR_sup_mv";;"sup_mv";"0";"2023-11-29"
35133;"RR_sup_mv";;"sup_mv";"0";"2023-11-29"
35141;"RR_sup_mv";;"sup_mv";"0";"2023-11-29"
35142;"RR_sup_mv";;"sup_mv";"0";"2023-11-29"
35143;"RR_sup_mv";;"sup_mv";"0";"2023-11-29"
35151;"RR_sup_mv";2.477858751;"sup_mv";"2.0-3.0";"2023-11-29"
35152;"RR_sup_mv";2.477858751;"sup_mv";"2.0-3.0";"2023-11-29"
35153;"RR_sup_mv";2.477858751;"sup_mv";"2.0-3.0";"2023-11-29"
35154;"RR_sup_mv";2.477858751;"sup_mv";"2.0-3.0";"2023-11-29"
35155;"RR_sup_mv";2.477858751;"sup_mv";"2.0-3.0";"2023-11-29"
35156;"RR_sup_mv";2.477858751;"sup_mv";"2.0-3.0";"2023-11-29"
35157;"RR_sup_mv";2.477858751;"sup_mv";"2.0-3.0";"2023-11-29"
35161;"RR_sup_mv";1.3827133122;"sup_mv";"1.1-2.0";"2023-11-29"
35162;"RR_sup_mv";1.3827133122;"sup_mv";"1.1-2.0";"2023-11-29"
35163;"RR_sup_mv";;"sup_mv";"0";"2023-11-29"
35171;"RR_sup_mv";;"sup_mv";"0";"2023-11-29"
35172;"RR_sup_mv";;"sup_mv";"0";"2023-11-29"
35173;"RR_sup_mv";1.9444072277;"sup_mv";"1.1-2.0";"2023-11-29"
35174;"RR_sup_mv";1.9444072277;"sup_mv";"1.1-2.0";"2023-11-29"
35011;"RR_sup";;"sup";"0";"2023-11-08"
35012;"RR_sup";;"sup";"0";"2023-11-08"
35013;"RR_sup";;"sup";"0";"2023-11-08"
35014;"RR_sup";;"sup";"0";"2023-11-08"
35015;"RR_sup";;"sup";"0";"2023-11-08"
35016;"RR_sup";;"sup";"0";"2023-11-08"
35021;"RR_sup";2.4590814225;"sup";"2.0-3.0";"2023-11-08"
35022;"RR_sup";2.4590814225;"sup";"2.0-3.0";"2023-11-08"
35023;"RR_sup";2.4590814225;"sup";"2.0-3.0";"2023-11-08"
35031;"RR_sup";;"sup";"0";"2023-11-08"
35032;"RR_sup";2.4590814225;"sup";"2.0-3.0";"2023-11-08"
35033;"RR_sup";2.4590814225;"sup";"2.0-3.0";"2023-11-08"
35034;"RR_sup";;"sup";"0";"2023-11-08"
35041;"RR_sup";;"sup";"0";"2023-11-08"
35051;"RR_sup";;"sup";"0";"2023-11-08"
35052;"RR_sup";;"sup";"0";"2023-11-08"
35061;"RR_sup";1.6698861266;"sup";"1.1-2.0";"2023-11-08"
35062;"RR_sup";2.4590814225;"sup";"2.0-3.0";"2023-11-08"
35063;"RR_sup";1.6698861266;"sup";"1.1-2.0";"2023-11-08"
35064;"RR_sup";;"sup";"0";"2023-11-08"
35065;"RR_sup";2.4590814225;"sup";"2.0-3.0";"2023-11-08"
35071;"RR_sup";;"sup";"0";"2023-11-08"
35072;"RR_sup";;"sup";"0";"2023-11-08"
35073;"RR_sup";;"sup";"0";"2023-11-08"
35074;"RR_sup";4.6952705387;"sup";">3";"2023-11-08"
35081;"RR_sup";;"sup";"0";"2023-11-08"
35082;"RR_sup";;"sup";"0";"2023-11-08"
35083;"RR_sup";;"sup";"0";"2023-11-08"
35091;"RR_sup";2.4590814225;"sup";"2.0-3.0";"2023-11-08"
35092;"RR_sup";2.4590814225;"sup";"2.0-3.0";"2023-11-08"
35093;"RR_sup";2.4590814225;"sup";"2.0-3.0";"2023-11-08"
35094;"RR_sup";2.4590814225;"sup";"2.0-3.0";"2023-11-08"
35095;"RR_sup";2.4590814225;"sup";"2.0-3.0";"2023-11-08"
35101;"RR_sup";;"sup";"0";"2023-11-08"
35102;"RR_sup";;"sup";"0";"2023-11-08"
35103;"RR_sup";1.6698861266;"sup";"1.1-2.0";"2023-11-08"
35104;"RR_sup";;"sup";"0";"2023-11-08"
35111;"RR_sup";2.4590814225;"sup";"2.0-3.0";"2023-11-08"
35112;"RR_sup";2.4590814225;"sup";"2.0-3.0";"2023-11-08"
35113;"RR_sup";2.4590814225;"sup";"2.0-3.0";"2023-11-08"
35114;"RR_sup";2.4590814225;"sup";"2.0-3.0";"2023-11-08"
35115;"RR_sup";2.4590814225;"sup";"2.0-3.0";"2023-11-08"
35121;"RR_sup";1.6698861266;"sup";"1.1-2.0";"2023-11-08"
35131;"RR_sup";;"sup";"0";"2023-11-08"
35132;"RR_sup";;"sup";"0";"2023-11-08"
35133;"RR_sup";;"sup";"0";"2023-11-08"
35141;"RR_sup";;"sup";"0";"2023-11-08"
35142;"RR_sup";;"sup";"0";"2023-11-08"
35143;"RR_sup";;"sup";"0";"2023-11-08"
35151;"RR_sup";2.4590814225;"sup";"2.0-3.0";"2023-11-08"
35152;"RR_sup";2.4590814225;"sup";"2.0-3.0";"2023-11-08"
35153;"RR_sup";2.4590814225;"sup";"2.0-3.0";"2023-11-08"
35154;"RR_sup";2.4590814225;"sup";"2.0-3.0";"2023-11-08"
35155;"RR_sup";2.4590814225;"sup";"2.0-3.0";"2023-11-08"
35156;"RR_sup";2.4590814225;"sup";"2.0-3.0";"2023-11-08"
35157;"RR_sup";2.4590814225;"sup";"2.0-3.0";"2023-11-08"
35161;"RR_sup";1.6698861266;"sup";"1.1-2.0";"2023-11-08"
35162;"RR_sup";1.6698861266;"sup";"1.1-2.0";"2023-11-08"
35163;"RR_sup";1.6698861266;"sup";"1.1-2.0";"2023-11-08"
35171;"RR_sup";;"sup";"0";"2023-11-08"
35172;"RR_sup";;"sup";"0";"2023-11-08"
35173;"RR_sup";3.8203776338;"sup";">3";"2023-11-08"
35174;"RR_sup";3.8203776338;"sup";">3";"2023-11-08"
35011;"RR_sup_mv";;"sup_mv";"0";"2023-11-08"
35012;"RR_sup_mv";;"sup_mv";"0";"2023-11-08"
35013;"RR_sup_mv";;"sup_mv";"0";"2023-11-08"
35014;"RR_sup_mv";;"sup_mv";"0";"2023-11-08"
35015;"RR_sup_mv";;"sup_mv";"0";"2023-11-08"
35016;"RR_sup_mv";;"sup_mv";"0";"2023-11-08"
35021;"RR_sup_mv";;"sup_mv";"0";"2023-11-08"
35022;"RR_sup_mv";;"sup_mv";"0";"2023-11-08"
35023;"RR_sup_mv";;"sup_mv";"0";"2023-11-08"
35031;"RR_sup_mv";;"sup_mv";"0";"2023-11-08"
35032;"RR_sup_mv";2.206254197;"sup_mv";"2.0-3.0";"2023-11-08"
35033;"RR_sup_mv";2.206254197;"sup_mv";"2.0-3.0";"2023-11-08"
35034;"RR_sup_mv";;"sup_mv";"0";"2023-11-08"
35041;"RR_sup_mv";;"sup_mv";"0";"2023-11-08"
35051;"RR_sup_mv";;"sup_mv";"0";"2023-11-08"
35052;"RR_sup_mv";2.206254197;"sup_mv";"2.0-3.0";"2023-11-08"
35061;"RR_sup_mv";;"sup_mv";"0";"2023-11-08"
35062;"RR_sup_mv";;"sup_mv";"0";"2023-11-08"
35063;"RR_sup_mv";2.298745048;"sup_mv";"2.0-3.0";"2023-11-08"
35064;"RR_sup_mv";;"sup_mv";"0";"2023-11-08"
35065;"RR_sup_mv";;"sup_mv";"0";"2023-11-08"
35071;"RR_sup_mv";;"sup_mv";"0";"2023-11-08"
35072;"RR_sup_mv";;"sup_mv";"0";"2023-11-08"
35073;"RR_sup_mv";;"sup_mv";"0";"2023-11-08"
35074;"RR_sup_mv";3.2570841299;"sup_mv";">3";"2023-11-08"
35081;"RR_sup_mv";1.8758970282;"sup_mv";"1.1-2.0";"2023-11-08"
35082;"RR_sup_mv";1.8758970282;"sup_mv";"1.1-2.0";"2023-11-08"
35083;"RR_sup_mv";1.8758970282;"sup_mv";"1.1-2.0";"2023-11-08"
35091;"RR_sup_mv";2.2376882085;"sup_mv";"2.0-3.0";"2023-11-08"
35092;"RR_sup_mv";2.2376882085;"sup_mv";"2.0-3.0";"2023-11-08"
35093;"RR_sup_mv";;"sup_mv";"0";"2023-11-08"
35094;"RR_sup_mv";2.4701655211;"sup_mv";"2.0-3.0";"2023-11-08"
35095;"RR_sup_mv";2.2376882085;"sup_mv";"2.0-3.0";"2023-11-08"
35101;"RR_sup_mv";;"sup_mv";"0";"2023-11-08"
35102;"RR_sup_mv";;"sup_mv";"0";"2023-11-08"
35103;"RR_sup_mv";;"sup_mv";"0";"2023-11-08"
35104;"RR_sup_mv";;"sup_mv";"0";"2023-11-08"
35111;"RR_sup_mv";2.2376882085;"sup_mv";"2.0-3.0";"2023-11-08"
35112;"RR_sup_mv";2.2376882085;"sup_mv";"2.0-3.0";"2023-11-08"
35113;"RR_sup_mv";2.2376882085;"sup_mv";"2.0-3.0";"2023-11-08"
35114;"RR_sup_mv";2.2376882085;"sup_mv";"2.0-3.0";"2023-11-08"
35115;"RR_sup_mv";2.2376882085;"sup_mv";"2.0-3.0";"2023-11-08"
35121;"RR_sup_mv";;"sup_mv";"0";"2023-11-08"
35131;"RR_sup_mv";;"sup_mv";"0";"2023-11-08"
35132;"RR_sup_mv";;"sup_mv";"0";"2023-11-08"
35133;"RR_sup_mv";;"sup_mv";"0";"2023-11-08"
35141;"RR_sup_mv";;"sup_mv";"0";"2023-11-08"
35142;"RR_sup_mv";;"sup_mv";"0";"2023-11-08"
35143;"RR_sup_mv";;"sup_mv";"0";"2023-11-08"
35151;"RR_sup_mv";2.206254197;"sup_mv";"2.0-3.0";"2023-11-08"
35152;"RR_sup_mv";3.6297783775;"sup_mv";">3";"2023-11-08"
35153;"RR_sup_mv";3.6297783775;"sup_mv";">3";"2023-11-08"
35154;"RR_sup_mv";3.6297783775;"sup_mv";">3";"2023-11-08"
35155;"RR_sup_mv";;"sup_mv";"0";"2023-11-08"
35156;"RR_sup_mv";2.206254197;"sup_mv";"2.0-3.0";"2023-11-08"
35157;"RR_sup_mv";;"sup_mv";"0";"2023-11-08"
35161;"RR_sup_mv";;"sup_mv";"0";"2023-11-08"
35162;"RR_sup_mv";;"sup_mv";"0";"2023-11-08"
35163;"RR_sup_mv";;"sup_mv";"0";"2023-11-08"
35171;"RR_sup_mv";;"sup_mv";"0";"2023-11-08"
35172;"RR_sup_mv";;"sup_mv";"0";"2023-11-08"
35173;"RR_sup_mv";3.3714239392;"sup_mv";">3";"2023-11-08"
35174;"RR_sup_mv";3.3714239392;"sup_mv";">3";"2023-11-08"
35011;"RR_sup";;"sup";"0";"2023-11-01"
35012;"RR_sup";;"sup";"0";"2023-11-01"
35013;"RR_sup";;"sup";"0";"2023-11-01"
35014;"RR_sup";;"sup";"0";"2023-11-01"
35015;"RR_sup";;"sup";"0";"2023-11-01"
35016;"RR_sup";;"sup";"0";"2023-11-01"
35021;"RR_sup";1.8746906307;"sup";"1.1-2.0";"2023-11-01"
35022;"RR_sup";1.8746906307;"sup";"1.1-2.0";"2023-11-01"
35023;"RR_sup";1.8746906307;"sup";"1.1-2.0";"2023-11-01"
35031;"RR_sup";1.8746906307;"sup";"1.1-2.0";"2023-11-01"
35032;"RR_sup";1.8746906307;"sup";"1.1-2.0";"2023-11-01"
35033;"RR_sup";1.8746906307;"sup";"1.1-2.0";"2023-11-01"
35034;"RR_sup";1.8746906307;"sup";"1.1-2.0";"2023-11-01"
35041;"RR_sup";;"sup";"0";"2023-11-01"
35051;"RR_sup";;"sup";"0";"2023-11-01"
35052;"RR_sup";1.8746906307;"sup";"1.1-2.0";"2023-11-01"
35061;"RR_sup";1.8746906307;"sup";"1.1-2.0";"2023-11-01"
35062;"RR_sup";1.8746906307;"sup";"1.1-2.0";"2023-11-01"
35063;"RR_sup";1.8746906307;"sup";"1.1-2.0";"2023-11-01"
35064;"RR_sup";1.8746906307;"sup";"1.1-2.0";"2023-11-01"
35065;"RR_sup";1.8746906307;"sup";"1.1-2.0";"2023-11-01"
35071;"RR_sup";;"sup";"0";"2023-11-01"
35072;"RR_sup";;"sup";"0";"2023-11-01"
35073;"RR_sup";;"sup";"0";"2023-11-01"
35074;"RR_sup";2.8562067099;"sup";"2.0-3.0";"2023-11-01"
35081;"RR_sup";;"sup";"0";"2023-11-01"
35082;"RR_sup";;"sup";"0";"2023-11-01"
35083;"RR_sup";;"sup";"0";"2023-11-01"
35091;"RR_sup";1.8746906307;"sup";"1.1-2.0";"2023-11-01"
35092;"RR_sup";1.8746906307;"sup";"1.1-2.0";"2023-11-01"
35093;"RR_sup";1.8746906307;"sup";"1.1-2.0";"2023-11-01"
35094;"RR_sup";1.8746906307;"sup";"1.1-2.0";"2023-11-01"
35095;"RR_sup";1.8746906307;"sup";"1.1-2.0";"2023-11-01"
35101;"RR_sup";;"sup";"0";"2023-11-01"
35102;"RR_sup";;"sup";"0";"2023-11-01"
35103;"RR_sup";1.8746906307;"sup";"1.1-2.0";"2023-11-01"
35104;"RR_sup";;"sup";"0";"2023-11-01"
35111;"RR_sup";1.8746906307;"sup";"1.1-2.0";"2023-11-01"
35112;"RR_sup";1.8746906307;"sup";"1.1-2.0";"2023-11-01"
35113;"RR_sup";1.8746906307;"sup";"1.1-2.0";"2023-11-01"
35114;"RR_sup";1.8746906307;"sup";"1.1-2.0";"2023-11-01"
35115;"RR_sup";1.8746906307;"sup";"1.1-2.0";"2023-11-01"
35121;"RR_sup";;"sup";"0";"2023-11-01"
35131;"RR_sup";;"sup";"0";"2023-11-01"
35132;"RR_sup";;"sup";"0";"2023-11-01"
35133;"RR_sup";;"sup";"0";"2023-11-01"
35141;"RR_sup";2.8562067099;"sup";"2.0-3.0";"2023-11-01"
35142;"RR_sup";;"sup";"0";"2023-11-01"
35143;"RR_sup";;"sup";"0";"2023-11-01"
35151;"RR_sup";1.8746906307;"sup";"1.1-2.0";"2023-11-01"
35152;"RR_sup";1.8746906307;"sup";"1.1-2.0";"2023-11-01"
35153;"RR_sup";1.8746906307;"sup";"1.1-2.0";"2023-11-01"
35154;"RR_sup";1.8746906307;"sup";"1.1-2.0";"2023-11-01"
35155;"RR_sup";1.8746906307;"sup";"1.1-2.0";"2023-11-01"
35156;"RR_sup";1.8746906307;"sup";"1.1-2.0";"2023-11-01"
35157;"RR_sup";1.8746906307;"sup";"1.1-2.0";"2023-11-01"
35161;"RR_sup";1.8746906307;"sup";"1.1-2.0";"2023-11-01"
35162;"RR_sup";1.8746906307;"sup";"1.1-2.0";"2023-11-01"
35163;"RR_sup";1.9162122878;"sup";"1.1-2.0";"2023-11-01"
35171;"RR_sup";2.6095249085;"sup";"2.0-3.0";"2023-11-01"
35172;"RR_sup";;"sup";"0";"2023-11-01"
35173;"RR_sup";2.6095249085;"sup";"2.0-3.0";"2023-11-01"
35174;"RR_sup";2.6095249085;"sup";"2.0-3.0";"2023-11-01"
35011;"RR_sup_mv";;"sup_mv";"0";"2023-11-01"
35012;"RR_sup_mv";;"sup_mv";"0";"2023-11-01"
35013;"RR_sup_mv";;"sup_mv";"0";"2023-11-01"
35014;"RR_sup_mv";;"sup_mv";"0";"2023-11-01"
35015;"RR_sup_mv";;"sup_mv";"0";"2023-11-01"
35016;"RR_sup_mv";;"sup_mv";"0";"2023-11-01"
35021;"RR_sup_mv";2.0901958492;"sup_mv";"2.0-3.0";"2023-11-01"
35022;"RR_sup_mv";2.0901958492;"sup_mv";"2.0-3.0";"2023-11-01"
35023;"RR_sup_mv";2.0901958492;"sup_mv";"2.0-3.0";"2023-11-01"
35031;"RR_sup_mv";;"sup_mv";"0";"2023-11-01"
35032;"RR_sup_mv";1.7605309996;"sup_mv";"1.1-2.0";"2023-11-01"
35033;"RR_sup_mv";1.7605309996;"sup_mv";"1.1-2.0";"2023-11-01"
35034;"RR_sup_mv";;"sup_mv";"0";"2023-11-01"
35041;"RR_sup_mv";;"sup_mv";"0";"2023-11-01"
35051;"RR_sup_mv";;"sup_mv";"0";"2023-11-01"
35052;"RR_sup_mv";;"sup_mv";"0";"2023-11-01"
35061;"RR_sup_mv";;"sup_mv";"0";"2023-11-01"
35062;"RR_sup_mv";;"sup_mv";"0";"2023-11-01"
35063;"RR_sup_mv";1.754348474;"sup_mv";"1.1-2.0";"2023-11-01"
35064;"RR_sup_mv";;"sup_mv";"0";"2023-11-01"
35065;"RR_sup_mv";;"sup_mv";"0";"2023-11-01"
35071;"RR_sup_mv";;"sup_mv";"0";"2023-11-01"
35072;"RR_sup_mv";;"sup_mv";"0";"2023-11-01"
35073;"RR_sup_mv";;"sup_mv";"0";"2023-11-01"
35074;"RR_sup_mv";2.4500532518;"sup_mv";"2.0-3.0";"2023-11-01"
35081;"RR_sup_mv";;"sup_mv";"0";"2023-11-01"
35082;"RR_sup_mv";3.1373367954;"sup_mv";">3";"2023-11-01"
35083;"RR_sup_mv";;"sup_mv";"0";"2023-11-01"
35091;"RR_sup_mv";2.0901958492;"sup_mv";"2.0-3.0";"2023-11-01"
35092;"RR_sup_mv";2.0901958492;"sup_mv";"2.0-3.0";"2023-11-01"
35093;"RR_sup_mv";2.0901958492;"sup_mv";"2.0-3.0";"2023-11-01"
35094;"RR_sup_mv";;"sup_mv";"0";"2023-11-01"
35095;"RR_sup_mv";2.0901958492;"sup_mv";"2.0-3.0";"2023-11-01"
35101;"RR_sup_mv";;"sup_mv";"0";"2023-11-01"
35102;"RR_sup_mv";;"sup_mv";"0";"2023-11-01"
35103;"RR_sup_mv";;"sup_mv";"0";"2023-11-01"
35104;"RR_sup_mv";;"sup_mv";"0";"2023-11-01"
35111;"RR_sup_mv";2.0901958492;"sup_mv";"2.0-3.0";"2023-11-01"
35112;"RR_sup_mv";2.0901958492;"sup_mv";"2.0-3.0";"2023-11-01"
35113;"RR_sup_mv";2.0901958492;"sup_mv";"2.0-3.0";"2023-11-01"
35114;"RR_sup_mv";2.0901958492;"sup_mv";"2.0-3.0";"2023-11-01"
35115;"RR_sup_mv";2.0901958492;"sup_mv";"2.0-3.0";"2023-11-01"
35121;"RR_sup_mv";1.754348474;"sup_mv";"1.1-2.0";"2023-11-01"
35131;"RR_sup_mv";;"sup_mv";"0";"2023-11-01"
35132;"RR_sup_mv";;"sup_mv";"0";"2023-11-01"
35133;"RR_sup_mv";;"sup_mv";"0";"2023-11-01"
35141;"RR_sup_mv";2.4500532518;"sup_mv";"2.0-3.0";"2023-11-01"
35142;"RR_sup_mv";;"sup_mv";"0";"2023-11-01"
35143;"RR_sup_mv";;"sup_mv";"0";"2023-11-01"
35151;"RR_sup_mv";1.7605309996;"sup_mv";"1.1-2.0";"2023-11-01"
35152;"RR_sup_mv";2.0901958492;"sup_mv";"2.0-3.0";"2023-11-01"
35153;"RR_sup_mv";2.0901958492;"sup_mv";"2.0-3.0";"2023-11-01"
35154;"RR_sup_mv";2.0901958492;"sup_mv";"2.0-3.0";"2023-11-01"
35155;"RR_sup_mv";;"sup_mv";"0";"2023-11-01"
35156;"RR_sup_mv";2.0901958492;"sup_mv";"2.0-3.0";"2023-11-01"
35157;"RR_sup_mv";;"sup_mv";"0";"2023-11-01"
35161;"RR_sup_mv";1.754348474;"sup_mv";"1.1-2.0";"2023-11-01"
35162;"RR_sup_mv";1.754348474;"sup_mv";"1.1-2.0";"2023-11-01"
35163;"RR_sup_mv";1.754348474;"sup_mv";"1.1-2.0";"2023-11-01"
35171;"RR_sup_mv";2.3605784733;"sup_mv";"2.0-3.0";"2023-11-01"
35172;"RR_sup_mv";;"sup_mv";"0";"2023-11-01"
35173;"RR_sup_mv";2.3605784733;"sup_mv";"2.0-3.0";"2023-11-01"
35174;"RR_sup_mv";2.3605784733;"sup_mv";"2.0-3.0";"2023-11-01"
35011;"RR_sup";;"sup";"0";"2023-10-25"
35012;"RR_sup";;"sup";"0";"2023-10-25"
35013;"RR_sup";;"sup";"0";"2023-10-25"
35014;"RR_sup";;"sup";"0";"2023-10-25"
35015;"RR_sup";;"sup";"0";"2023-10-25"
35016;"RR_sup";;"sup";"0";"2023-10-25"
35021;"RR_sup";;"sup";"0";"2023-10-25"
35022;"RR_sup";;"sup";"0";"2023-10-25"
35023;"RR_sup";2.2753499402;"sup";"2.0-3.0";"2023-10-25"
35031;"RR_sup";;"sup";"0";"2023-10-25"
35032;"RR_sup";1.6880434583;"sup";"1.1-2.0";"2023-10-25"
35033;"RR_sup";1.6880434583;"sup";"1.1-2.0";"2023-10-25"
35034;"RR_sup";;"sup";"0";"2023-10-25"
35041;"RR_sup";;"sup";"0";"2023-10-25"
35051;"RR_sup";;"sup";"0";"2023-10-25"
35052;"RR_sup";1.6880434583;"sup";"1.1-2.0";"2023-10-25"
35061;"RR_sup";;"sup";"0";"2023-10-25"
35062;"RR_sup";;"sup";"0";"2023-10-25"
35063;"RR_sup";2.0821331846;"sup";"2.0-3.0";"2023-10-25"
35064;"RR_sup";;"sup";"0";"2023-10-25"
35065;"RR_sup";;"sup";"0";"2023-10-25"
35071;"RR_sup";;"sup";"0";"2023-10-25"
35072;"RR_sup";;"sup";"0";"2023-10-25"
35073;"RR_sup";;"sup";"0";"2023-10-25"
35074;"RR_sup";8.7676927253;"sup";">3";"2023-10-25"
35081;"RR_sup";;"sup";"0";"2023-10-25"
35082;"RR_sup";;"sup";"0";"2023-10-25"
35083;"RR_sup";;"sup";"0";"2023-10-25"
35091;"RR_sup";2.2753499402;"sup";"2.0-3.0";"2023-10-25"
35092;"RR_sup";;"sup";"0";"2023-10-25"
35093;"RR_sup";2.2753499402;"sup";"2.0-3.0";"2023-10-25"
35094;"RR_sup";;"sup";"0";"2023-10-25"
35095;"RR_sup";2.2753499402;"sup";"2.0-3.0";"2023-10-25"
35101;"RR_sup";1.5773947072;"sup";"1.1-2.0";"2023-10-25"
35102;"RR_sup";;"sup";"0";"2023-10-25"
35103;"RR_sup";2.0821331846;"sup";"2.0-3.0";"2023-10-25"
35104;"RR_sup";;"sup";"0";"2023-10-25"
35111;"RR_sup";14.6324446273;"sup";">3";"2023-10-25"
35112;"RR_sup";;"sup";"0";"2023-10-25"
35113;"RR_sup";2.2753499402;"sup";"2.0-3.0";"2023-10-25"
35114;"RR_sup";;"sup";"0";"2023-10-25"
35115;"RR_sup";47.0745044605;"sup";">3";"2023-10-25"
35121;"RR_sup";2.3455530339;"sup";"2.0-3.0";"2023-10-25"
35131;"RR_sup";;"sup";"0";"2023-10-25"
35132;"RR_sup";;"sup";"0";"2023-10-25"
35133;"RR_sup";1.5773947072;"sup";"1.1-2.0";"2023-10-25"
35141;"RR_sup";1.5773947072;"sup";"1.1-2.0";"2023-10-25"
35142;"RR_sup";1.5773947072;"sup";"1.1-2.0";"2023-10-25"
35143;"RR_sup";1.5773947072;"sup";"1.1-2.0";"2023-10-25"
35151;"RR_sup";1.6880434583;"sup";"1.1-2.0";"2023-10-25"
35152;"RR_sup";3.3662617775;"sup";">3";"2023-10-25"
35153;"RR_sup";3.3662617775;"sup";">3";"2023-10-25"
35154;"RR_sup";3.3662617775;"sup";">3";"2023-10-25"
35155;"RR_sup";;"sup";"0";"2023-10-25"
35156;"RR_sup";1.6880434583;"sup";"1.1-2.0";"2023-10-25"
35157;"RR_sup";3.3662617775;"sup";">3";"2023-10-25"
35161;"RR_sup";2.3455530339;"sup";"2.0-3.0";"2023-10-25"
35162;"RR_sup";4.3457912737;"sup";">3";"2023-10-25"
35163;"RR_sup";;"sup";"0";"2023-10-25"
35171;"RR_sup";2.6703912833;"sup";"2.0-3.0";"2023-10-25"
35172;"RR_sup";;"sup";"0";"2023-10-25"
35173;"RR_sup";2.555421031;"sup";"2.0-3.0";"2023-10-25"
35174;"RR_sup";2.555421031;"sup";"2.0-3.0";"2023-10-25"
35011;"RR_sup_mv";;"sup_mv";"0";"2023-10-25"
35012;"RR_sup_mv";;"sup_mv";"0";"2023-10-25"
35013;"RR_sup_mv";;"sup_mv";"0";"2023-10-25"
35014;"RR_sup_mv";;"sup_mv";"0";"2023-10-25"
35015;"RR_sup_mv";;"sup_mv";"0";"2023-10-25"
35016;"RR_sup_mv";;"sup_mv";"0";"2023-10-25"
35021;"RR_sup_mv";;"sup_mv";"0";"2023-10-25"
35022;"RR_sup_mv";;"sup_mv";"0";"2023-10-25"
35023;"RR_sup_mv";;"sup_mv";"0";"2023-10-25"
35031;"RR_sup_mv";;"sup_mv";"0";"2023-10-25"
35032;"RR_sup_mv";1.429610629;"sup_mv";"1.1-2.0";"2023-10-25"
35033;"RR_sup_mv";1.429610629;"sup_mv";"1.1-2.0";"2023-10-25"
35034;"RR_sup_mv";;"sup_mv";"0";"2023-10-25"
35041;"RR_sup_mv";;"sup_mv";"0";"2023-10-25"
35051;"RR_sup_mv";;"sup_mv";"0";"2023-10-25"
35052;"RR_sup_mv";1.429610629;"sup_mv";"1.1-2.0";"2023-10-25"
35061;"RR_sup_mv";1.9229682966;"sup_mv";"1.1-2.0";"2023-10-25"
35062;"RR_sup_mv";;"sup_mv";"0";"2023-10-25"
35063;"RR_sup_mv";1.9229682966;"sup_mv";"1.1-2.0";"2023-10-25"
35064;"RR_sup_mv";;"sup_mv";"0";"2023-10-25"
35065;"RR_sup_mv";;"sup_mv";"0";"2023-10-25"
35071;"RR_sup_mv";;"sup_mv";"0";"2023-10-25"
35072;"RR_sup_mv";;"sup_mv";"0";"2023-10-25"
35073;"RR_sup_mv";;"sup_mv";"0";"2023-10-25"
35074;"RR_sup_mv";7.1146961216;"sup_mv";">3";"2023-10-25"
35081;"RR_sup_mv";;"sup_mv";"0";"2023-10-25"
35082;"RR_sup_mv";;"sup_mv";"0";"2023-10-25"
35083;"RR_sup_mv";;"sup_mv";"0";"2023-10-25"
35091;"RR_sup_mv";5.7839919816;"sup_mv";">3";"2023-10-25"
35092;"RR_sup_mv";;"sup_mv";"0";"2023-10-25"
35093;"RR_sup_mv";2.5261864594;"sup_mv";"2.0-3.0";"2023-10-25"
35094;"RR_sup_mv";;"sup_mv";"0";"2023-10-25"
35095;"RR_sup_mv";5.7839919816;"sup_mv";">3";"2023-10-25"
35101;"RR_sup_mv";1.4244298347;"sup_mv";"1.1-2.0";"2023-10-25"
35102;"RR_sup_mv";;"sup_mv";"0";"2023-10-25"
35103;"RR_sup_mv";;"sup_mv";"0";"2023-10-25"
35104;"RR_sup_mv";;"sup_mv";"0";"2023-10-25"
35111;"RR_sup_mv";5.7839919816;"sup_mv";">3";"2023-10-25"
35112;"RR_sup_mv";;"sup_mv";"0";"2023-10-25"
35113;"RR_sup_mv";;"sup_mv";"0";"2023-10-25"
35114;"RR_sup_mv";;"sup_mv";"0";"2023-10-25"
35115;"RR_sup_mv";35.0764864654;"sup_mv";">3";"2023-10-25"
35121;"RR_sup_mv";1.9229682966;"sup_mv";"1.1-2.0";"2023-10-25"
35131;"RR_sup_mv";;"sup_mv";"0";"2023-10-25"
35132;"RR_sup_mv";;"sup_mv";"0";"2023-10-25"
35133;"RR_sup_mv";1.4244298347;"sup_mv";"1.1-2.0";"2023-10-25"
35141;"RR_sup_mv";1.4244298347;"sup_mv";"1.1-2.0";"2023-10-25"
35142;"RR_sup_mv";1.4244298347;"sup_mv";"1.1-2.0";"2023-10-25"
35143;"RR_sup_mv";1.4244298347;"sup_mv";"1.1-2.0";"2023-10-25"
35151;"RR_sup_mv";1.429610629;"sup_mv";"1.1-2.0";"2023-10-25"
35152;"RR_sup_mv";2.9815320247;"sup_mv";"2.0-3.0";"2023-10-25"
35153;"RR_sup_mv";2.9815320247;"sup_mv";"2.0-3.0";"2023-10-25"
35154;"RR_sup_mv";2.9815320247;"sup_mv";"2.0-3.0";"2023-10-25"
35155;"RR_sup_mv";1.429610629;"sup_mv";"1.1-2.0";"2023-10-25"
35156;"RR_sup_mv";1.429610629;"sup_mv";"1.1-2.0";"2023-10-25"
35157;"RR_sup_mv";2.9815320247;"sup_mv";"2.0-3.0";"2023-10-25"
35161;"RR_sup_mv";1.9229682966;"sup_mv";"1.1-2.0";"2023-10-25"
35162;"RR_sup_mv";1.9229682966;"sup_mv";"1.1-2.0";"2023-10-25"
35163;"RR_sup_mv";;"sup_mv";"0";"2023-10-25"
35171;"RR_sup_mv";2.4182642943;"sup_mv";"2.0-3.0";"2023-10-25"
35172;"RR_sup_mv";;"sup_mv";"0";"2023-10-25"
35173;"RR_sup_mv";2.4182642943;"sup_mv";"2.0-3.0";"2023-10-25"
35174;"RR_sup_mv";2.4182642943;"sup_mv";"2.0-3.0";"2023-10-25"
35011;"RR_sup";;"sup";"0";"2023-10-20"
35012;"RR_sup";;"sup";"0";"2023-10-20"
35013;"RR_sup";;"sup";"0";"2023-10-20"
35014;"RR_sup";;"sup";"0";"2023-10-20"
35015;"RR_sup";;"sup";"0";"2023-10-20"
35016;"RR_sup";;"sup";"0";"2023-10-20"
35021;"RR_sup";2.1610605086;"sup";"2.0-3.0";"2023-10-20"
35022;"RR_sup";2.1610605086;"sup";"2.0-3.0";"2023-10-20"
35023;"RR_sup";2.1610605086;"sup";"2.0-3.0";"2023-10-20"
35031;"RR_sup";1.867297574;"sup";"1.1-2.0";"2023-10-20"
35032;"RR_sup";;"sup";"0";"2023-10-20"
35033;"RR_sup";1.867297574;"sup";"1.1-2.0";"2023-10-20"
35034;"RR_sup";1.867297574;"sup";"1.1-2.0";"2023-10-20"
35041;"RR_sup";;"sup";"0";"2023-10-20"
35051;"RR_sup";;"sup";"0";"2023-10-20"
35052;"RR_sup";;"sup";"0";"2023-10-20"
35061;"RR_sup";;"sup";"0";"2023-10-20"
35062;"RR_sup";;"sup";"0";"2023-10-20"
35063;"RR_sup";1.8635972291;"sup";"1.1-2.0";"2023-10-20"
35064;"RR_sup";;"sup";"0";"2023-10-20"
35065;"RR_sup";2.1610605086;"sup";"2.0-3.0";"2023-10-20"
35071;"RR_sup";;"sup";"0";"2023-10-20"
35072;"RR_sup";;"sup";"0";"2023-10-20"
35073;"RR_sup";;"sup";"0";"2023-10-20"
35074;"RR_sup";5.8641947007;"sup";">3";"2023-10-20"
35081;"RR_sup";;"sup";"0";"2023-10-20"
35082;"RR_sup";;"sup";"0";"2023-10-20"
35083;"RR_sup";;"sup";"0";"2023-10-20"
35091;"RR_sup";2.1610605086;"sup";"2.0-3.0";"2023-10-20"
35092;"RR_sup";;"sup";"0";"2023-10-20"
35093;"RR_sup";2.1610605086;"sup";"2.0-3.0";"2023-10-20"
35094;"RR_sup";;"sup";"0";"2023-10-20"
35095;"RR_sup";2.1610605086;"sup";"2.0-3.0";"2023-10-20"
35101;"RR_sup";;"sup";"0";"2023-10-20"
35102;"RR_sup";;"sup";"0";"2023-10-20"
35103;"RR_sup";;"sup";"0";"2023-10-20"
35104;"RR_sup";;"sup";"0";"2023-10-20"
35111;"RR_sup";2.1610605086;"sup";"2.0-3.0";"2023-10-20"
35112;"RR_sup";;"sup";"0";"2023-10-20"
35113;"RR_sup";2.1610605086;"sup";"2.0-3.0";"2023-10-20"
35114;"RR_sup";;"sup";"0";"2023-10-20"
35115;"RR_sup";122.6604299067;"sup";">3";"2023-10-20"
35121;"RR_sup";;"sup";"0";"2023-10-20"
35131;"RR_sup";;"sup";"0";"2023-10-20"
35132;"RR_sup";;"sup";"0";"2023-10-20"
35133;"RR_sup";;"sup";"0";"2023-10-20"
35141;"RR_sup";;"sup";"0";"2023-10-20"
35142;"RR_sup";;"sup";"0";"2023-10-20"
35143;"RR_sup";;"sup";"0";"2023-10-20"
35151;"RR_sup";2.1610605086;"sup";"2.0-3.0";"2023-10-20"
35152;"RR_sup";;"sup";"0";"2023-10-20"
35153;"RR_sup";2.1610605086;"sup";"2.0-3.0";"2023-10-20"
35154;"RR_sup";2.1610605086;"sup";"2.0-3.0";"2023-10-20"
35155;"RR_sup";2.1610605086;"sup";"2.0-3.0";"2023-10-20"
35156;"RR_sup";2.1610605086;"sup";"2.0-3.0";"2023-10-20"
35157;"RR_sup";2.1610605086;"sup";"2.0-3.0";"2023-10-20"
35161;"RR_sup";1.8635972291;"sup";"1.1-2.0";"2023-10-20"
35162;"RR_sup";1.8635972291;"sup";"1.1-2.0";"2023-10-20"
35163;"RR_sup";1.8635972291;"sup";"1.1-2.0";"2023-10-20"
35171;"RR_sup";2.3107019703;"sup";"2.0-3.0";"2023-10-20"
35172;"RR_sup";;"sup";"0";"2023-10-20"
35173;"RR_sup";2.3107019703;"sup";"2.0-3.0";"2023-10-20"
35174;"RR_sup";2.3107019703;"sup";"2.0-3.0";"2023-10-20"
35011;"RR_sup_mv";;"sup_mv";"0";"2023-10-20"
35012;"RR_sup_mv";;"sup_mv";"0";"2023-10-20"
35013;"RR_sup_mv";;"sup_mv";"0";"2023-10-20"
35014;"RR_sup_mv";;"sup_mv";"0";"2023-10-20"
35015;"RR_sup_mv";;"sup_mv";"0";"2023-10-20"
35016;"RR_sup_mv";;"sup_mv";"0";"2023-10-20"
35021;"RR_sup_mv";2.0466396321;"sup_mv";"2.0-3.0";"2023-10-20"
35022;"RR_sup_mv";2.0466396321;"sup_mv";"2.0-3.0";"2023-10-20"
35023;"RR_sup_mv";2.0466396321;"sup_mv";"2.0-3.0";"2023-10-20"
35031;"RR_sup_mv";2.0321109866;"sup_mv";"2.0-3.0";"2023-10-20"
35032;"RR_sup_mv";;"sup_mv";"0";"2023-10-20"
35033;"RR_sup_mv";;"sup_mv";"0";"2023-10-20"
35034;"RR_sup_mv";2.0321109866;"sup_mv";"2.0-3.0";"2023-10-20"
35041;"RR_sup_mv";;"sup_mv";"0";"2023-10-20"
35051;"RR_sup_mv";;"sup_mv";"0";"2023-10-20"
35052;"RR_sup_mv";;"sup_mv";"0";"2023-10-20"
35061;"RR_sup_mv";;"sup_mv";"0";"2023-10-20"
35062;"RR_sup_mv";;"sup_mv";"0";"2023-10-20"
35063;"RR_sup_mv";2.8344853878;"sup_mv";"2.0-3.0";"2023-10-20"
35064;"RR_sup_mv";;"sup_mv";"0";"2023-10-20"
35065;"RR_sup_mv";2.0466396321;"sup_mv";"2.0-3.0";"2023-10-20"
35071;"RR_sup_mv";;"sup_mv";"0";"2023-10-20"
35072;"RR_sup_mv";;"sup_mv";"0";"2023-10-20"
35073;"RR_sup_mv";;"sup_mv";"0";"2023-10-20"
35074;"RR_sup_mv";5.1334208568;"sup_mv";">3";"2023-10-20"
35081;"RR_sup_mv";;"sup_mv";"0";"2023-10-20"
35082;"RR_sup_mv";;"sup_mv";"0";"2023-10-20"
35083;"RR_sup_mv";;"sup_mv";"0";"2023-10-20"
35091;"RR_sup_mv";2.0466396321;"sup_mv";"2.0-3.0";"2023-10-20"
35092;"RR_sup_mv";;"sup_mv";"0";"2023-10-20"
35093;"RR_sup_mv";2.0466396321;"sup_mv";"2.0-3.0";"2023-10-20"
35094;"RR_sup_mv";;"sup_mv";"0";"2023-10-20"
35095;"RR_sup_mv";2.0466396321;"sup_mv";"2.0-3.0";"2023-10-20"
35101;"RR_sup_mv";;"sup_mv";"0";"2023-10-20"
35102;"RR_sup_mv";;"sup_mv";"0";"2023-10-20"
35103;"RR_sup_mv";;"sup_mv";"0";"2023-10-20"
35104;"RR_sup_mv";;"sup_mv";"0";"2023-10-20"
35111;"RR_sup_mv";2.0466396321;"sup_mv";"2.0-3.0";"2023-10-20"
35112;"RR_sup_mv";;"sup_mv";"0";"2023-10-20"
35113;"RR_sup_mv";2.0466396321;"sup_mv";"2.0-3.0";"2023-10-20"
35114;"RR_sup_mv";;"sup_mv";"0";"2023-10-20"
35115;"RR_sup_mv";82.1949963685;"sup_mv";">3";"2023-10-20"
35121;"RR_sup_mv";;"sup_mv";"0";"2023-10-20"
35131;"RR_sup_mv";;"sup_mv";"0";"2023-10-20"
35132;"RR_sup_mv";;"sup_mv";"0";"2023-10-20"
35133;"RR_sup_mv";;"sup_mv";"0";"2023-10-20"
35141;"RR_sup_mv";;"sup_mv";"0";"2023-10-20"
35142;"RR_sup_mv";;"sup_mv";"0";"2023-10-20"
35143;"RR_sup_mv";;"sup_mv";"0";"2023-10-20"
35151;"RR_sup_mv";2.0466396321;"sup_mv";"2.0-3.0";"2023-10-20"
35152;"RR_sup_mv";;"sup_mv";"0";"2023-10-20"
35153;"RR_sup_mv";2.0466396321;"sup_mv";"2.0-3.0";"2023-10-20"
35154;"RR_sup_mv";2.0466396321;"sup_mv";"2.0-3.0";"2023-10-20"
35155;"RR_sup_mv";2.0466396321;"sup_mv";"2.0-3.0";"2023-10-20"
35156;"RR_sup_mv";2.0466396321;"sup_mv";"2.0-3.0";"2023-10-20"
35157;"RR_sup_mv";2.0466396321;"sup_mv";"2.0-3.0";"2023-10-20"
35161;"RR_sup_mv";;"sup_mv";"0";"2023-10-20"
35162;"RR_sup_mv";3.6753638786;"sup_mv";">3";"2023-10-20"
35163;"RR_sup_mv";;"sup_mv";"0";"2023-10-20"
35171;"RR_sup_mv";2.1681218382;"sup_mv";"2.0-3.0";"2023-10-20"
35172;"RR_sup_mv";;"sup_mv";"0";"2023-10-20"
35173;"RR_sup_mv";2.1681218382;"sup_mv";"2.0-3.0";"2023-10-20"
35174;"RR_sup_mv";2.1681218382;"sup_mv";"2.0-3.0";"2023-10-20"
35011;"RR_sup";;"sup";"0";"2023-10-18"
35012;"RR_sup";;"sup";"0";"2023-10-18"
35013;"RR_sup";;"sup";"0";"2023-10-18"
35014;"RR_sup";;"sup";"0";"2023-10-18"
35015;"RR_sup";;"sup";"0";"2023-10-18"
35016;"RR_sup";;"sup";"0";"2023-10-18"
35021;"RR_sup";1.6069212868;"sup";"1.1-2.0";"2023-10-18"
35022;"RR_sup";1.6069212868;"sup";"1.1-2.0";"2023-10-18"
35023;"RR_sup";1.6069212868;"sup";"1.1-2.0";"2023-10-18"
35031;"RR_sup";1.6069212868;"sup";"1.1-2.0";"2023-10-18"
35032;"RR_sup";1.6069212868;"sup";"1.1-2.0";"2023-10-18"
35033;"RR_sup";1.6069212868;"sup";"1.1-2.0";"2023-10-18"
35034;"RR_sup";1.6069212868;"sup";"1.1-2.0";"2023-10-18"
35041;"RR_sup";;"sup";"0";"2023-10-18"
35051;"RR_sup";1.6069212868;"sup";"1.1-2.0";"2023-10-18"
35052;"RR_sup";1.6069212868;"sup";"1.1-2.0";"2023-10-18"
35061;"RR_sup";1.6069212868;"sup";"1.1-2.0";"2023-10-18"
35062;"RR_sup";1.6069212868;"sup";"1.1-2.0";"2023-10-18"
35063;"RR_sup";1.6069212868;"sup";"1.1-2.0";"2023-10-18"
35064;"RR_sup";1.6069212868;"sup";"1.1-2.0";"2023-10-18"
35065;"RR_sup";1.6069212868;"sup";"1.1-2.0";"2023-10-18"
35071;"RR_sup";1.9047169776;"sup";"1.1-2.0";"2023-10-18"
35072;"RR_sup";;"sup";"0";"2023-10-18"
35073;"RR_sup";;"sup";"0";"2023-10-18"
35074;"RR_sup";1.9047169776;"sup";"1.1-2.0";"2023-10-18"
35081;"RR_sup";1.6069212868;"sup";"1.1-2.0";"2023-10-18"
35082;"RR_sup";1.6069212868;"sup";"1.1-2.0";"2023-10-18"
35083;"RR_sup";1.6069212868;"sup";"1.1-2.0";"2023-10-18"
35091;"RR_sup";1.6069212868;"sup";"1.1-2.0";"2023-10-18"
35092;"RR_sup";1.6069212868;"sup";"1.1-2.0";"2023-10-18"
35093;"RR_sup";1.6069212868;"sup";"1.1-2.0";"2023-10-18"
35094;"RR_sup";1.6069212868;"sup";"1.1-2.0";"2023-10-18"
35095;"RR_sup";1.6069212868;"sup";"1.1-2.0";"2023-10-18"
35101;"RR_sup";1.6069212868;"sup";"1.1-2.0";"2023-10-18"
35102;"RR_sup";1.6069212868;"sup";"1.1-2.0";"2023-10-18"
35103;"RR_sup";1.6069212868;"sup";"1.1-2.0";"2023-10-18"
35104;"RR_sup";1.6069212868;"sup";"1.1-2.0";"2023-10-18"
35111;"RR_sup";1.6069212868;"sup";"1.1-2.0";"2023-10-18"
35112;"RR_sup";1.6069212868;"sup";"1.1-2.0";"2023-10-18"
35113;"RR_sup";1.6069212868;"sup";"1.1-2.0";"2023-10-18"
35114;"RR_sup";1.6069212868;"sup";"1.1-2.0";"2023-10-18"
35115;"RR_sup";280.3019670574;"sup";">3";"2023-10-18"
35121;"RR_sup";;"sup";"0";"2023-10-18"
35131;"RR_sup";1.6069212868;"sup";"1.1-2.0";"2023-10-18"
35132;"RR_sup";1.6069212868;"sup";"1.1-2.0";"2023-10-18"
35133;"RR_sup";1.6069212868;"sup";"1.1-2.0";"2023-10-18"
35141;"RR_sup";1.6069212868;"sup";"1.1-2.0";"2023-10-18"
35142;"RR_sup";1.6069212868;"sup";"1.1-2.0";"2023-10-18"
35143;"RR_sup";1.6069212868;"sup";"1.1-2.0";"2023-10-18"
35151;"RR_sup";1.6069212868;"sup";"1.1-2.0";"2023-10-18"
35152;"RR_sup";1.6069212868;"sup";"1.1-2.0";"2023-10-18"
35153;"RR_sup";1.6069212868;"sup";"1.1-2.0";"2023-10-18"
35154;"RR_sup";1.6069212868;"sup";"1.1-2.0";"2023-10-18"
35155;"RR_sup";1.6069212868;"sup";"1.1-2.0";"2023-10-18"
35156;"RR_sup";1.6069212868;"sup";"1.1-2.0";"2023-10-18"
35157;"RR_sup";1.6069212868;"sup";"1.1-2.0";"2023-10-18"
35161;"RR_sup";;"sup";"0";"2023-10-18"
35162;"RR_sup";4.736351202;"sup";">3";"2023-10-18"
35163;"RR_sup";;"sup";"0";"2023-10-18"
35171;"RR_sup";2.4522050499;"sup";"2.0-3.0";"2023-10-18"
35172;"RR_sup";;"sup";"0";"2023-10-18"
35173;"RR_sup";;"sup";"0";"2023-10-18"
35174;"RR_sup";;"sup";"0";"2023-10-18"
35011;"RR_sup_mv";;"sup_mv";"0";"2023-10-18"
35012;"RR_sup_mv";;"sup_mv";"0";"2023-10-18"
35013;"RR_sup_mv";;"sup_mv";"0";"2023-10-18"
35014;"RR_sup_mv";;"sup_mv";"0";"2023-10-18"
35015;"RR_sup_mv";;"sup_mv";"0";"2023-10-18"
35016;"RR_sup_mv";;"sup_mv";"0";"2023-10-18"
35021;"RR_sup_mv";2.8298611241;"sup_mv";"2.0-3.0";"2023-10-18"
35022;"RR_sup_mv";2.8298611241;"sup_mv";"2.0-3.0";"2023-10-18"
35023;"RR_sup_mv";2.8298611241;"sup_mv";"2.0-3.0";"2023-10-18"
35031;"RR_sup_mv";1.7360560885;"sup_mv";"1.1-2.0";"2023-10-18"
35032;"RR_sup_mv";1.7360560885;"sup_mv";"1.1-2.0";"2023-10-18"
35033;"RR_sup_mv";1.7360560885;"sup_mv";"1.1-2.0";"2023-10-18"
35034;"RR_sup_mv";1.7360560885;"sup_mv";"1.1-2.0";"2023-10-18"
35041;"RR_sup_mv";;"sup_mv";"0";"2023-10-18"
35051;"RR_sup_mv";;"sup_mv";"0";"2023-10-18"
35052;"RR_sup_mv";1.7360560885;"sup_mv";"1.1-2.0";"2023-10-18"
35061;"RR_sup_mv";;"sup_mv";"0";"2023-10-18"
35062;"RR_sup_mv";;"sup_mv";"0";"2023-10-18"
35063;"RR_sup_mv";2.582114512;"sup_mv";"2.0-3.0";"2023-10-18"
35064;"RR_sup_mv";;"sup_mv";"0";"2023-10-18"
35065;"RR_sup_mv";;"sup_mv";"0";"2023-10-18"
35071;"RR_sup_mv";;"sup_mv";"0";"2023-10-18"
35072;"RR_sup_mv";;"sup_mv";"0";"2023-10-18"
35073;"RR_sup_mv";;"sup_mv";"0";"2023-10-18"
35074;"RR_sup_mv";;"sup_mv";"0";"2023-10-18"
35081;"RR_sup_mv";;"sup_mv";"0";"2023-10-18"
35082;"RR_sup_mv";;"sup_mv";"0";"2023-10-18"
35083;"RR_sup_mv";;"sup_mv";"0";"2023-10-18"
35091;"RR_sup_mv";2.8298611241;"sup_mv";"2.0-3.0";"2023-10-18"
35092;"RR_sup_mv";;"sup_mv";"0";"2023-10-18"
35093;"RR_sup_mv";1.8635043327;"sup_mv";"1.1-2.0";"2023-10-18"
35094;"RR_sup_mv";;"sup_mv";"0";"2023-10-18"
35095;"RR_sup_mv";2.8298611241;"sup_mv";"2.0-3.0";"2023-10-18"
35101;"RR_sup_mv";;"sup_mv";"0";"2023-10-18"
35102;"RR_sup_mv";;"sup_mv";"0";"2023-10-18"
35103;"RR_sup_mv";;"sup_mv";"0";"2023-10-18"
35104;"RR_sup_mv";;"sup_mv";"0";"2023-10-18"
35111;"RR_sup_mv";2.8298611241;"sup_mv";"2.0-3.0";"2023-10-18"
35112;"RR_sup_mv";;"sup_mv";"0";"2023-10-18"
35113;"RR_sup_mv";;"sup_mv";"0";"2023-10-18"
35114;"RR_sup_mv";2.8298611241;"sup_mv";"2.0-3.0";"2023-10-18"
35115;"RR_sup_mv";169.6493478522;"sup_mv";">3";"2023-10-18"
35121;"RR_sup_mv";;"sup_mv";"0";"2023-10-18"
35131;"RR_sup_mv";1.7360560885;"sup_mv";"1.1-2.0";"2023-10-18"
35132;"RR_sup_mv";;"sup_mv";"0";"2023-10-18"
35133;"RR_sup_mv";;"sup_mv";"0";"2023-10-18"
35141;"RR_sup_mv";;"sup_mv";"0";"2023-10-18"
35142;"RR_sup_mv";;"sup_mv";"0";"2023-10-18"
35143;"RR_sup_mv";;"sup_mv";"0";"2023-10-18"
35151;"RR_sup_mv";1.7360560885;"sup_mv";"1.1-2.0";"2023-10-18"
35152;"RR_sup_mv";2.8298611241;"sup_mv";"2.0-3.0";"2023-10-18"
35153;"RR_sup_mv";2.8298611241;"sup_mv";"2.0-3.0";"2023-10-18"
35154;"RR_sup_mv";2.8298611241;"sup_mv";"2.0-3.0";"2023-10-18"
35155;"RR_sup_mv";;"sup_mv";"0";"2023-10-18"
35156;"RR_sup_mv";2.8298611241;"sup_mv";"2.0-3.0";"2023-10-18"
35157;"RR_sup_mv";2.8298611241;"sup_mv";"2.0-3.0";"2023-10-18"
35161;"RR_sup_mv";;"sup_mv";"0";"2023-10-18"
35162;"RR_sup_mv";3.8727831108;"sup_mv";">3";"2023-10-18"
35163;"RR_sup_mv";;"sup_mv";"0";"2023-10-18"
35171;"RR_sup_mv";1.7958917371;"sup_mv";"1.1-2.0";"2023-10-18"
35172;"RR_sup_mv";;"sup_mv";"0";"2023-10-18"
35173;"RR_sup_mv";;"sup_mv";"0";"2023-10-18"
35174;"RR_sup_mv";;"sup_mv";"0";"2023-10-18"
35011;"RR_sup";;"sup";"0";"2023-10-11"
35012;"RR_sup";;"sup";"0";"2023-10-11"
35013;"RR_sup";;"sup";"0";"2023-10-11"
35014;"RR_sup";;"sup";"0";"2023-10-11"
35015;"RR_sup";;"sup";"0";"2023-10-11"
35016;"RR_sup";;"sup";"0";"2023-10-11"
35021;"RR_sup";;"sup";"0";"2023-10-11"
35022;"RR_sup";;"sup";"0";"2023-10-11"
35023;"RR_sup";;"sup";"0";"2023-10-11"
35031;"RR_sup";;"sup";"0";"2023-10-11"
35032;"RR_sup";2.8041078078;"sup";"2.0-3.0";"2023-10-11"
35033;"RR_sup";;"sup";"0";"2023-10-11"
35034;"RR_sup";;"sup";"0";"2023-10-11"
35041;"RR_sup";;"sup";"0";"2023-10-11"
35051;"RR_sup";;"sup";"0";"2023-10-11"
35052;"RR_sup";1.6915681806;"sup";"1.1-2.0";"2023-10-11"
35061;"RR_sup";;"sup";"0";"2023-10-11"
35062;"RR_sup";;"sup";"0";"2023-10-11"
35063;"RR_sup";1.5814863473;"sup";"1.1-2.0";"2023-10-11"
35064;"RR_sup";;"sup";"0";"2023-10-11"
35065;"RR_sup";;"sup";"0";"2023-10-11"
35071;"RR_sup";;"sup";"0";"2023-10-11"
35072;"RR_sup";;"sup";"0";"2023-10-11"
35073;"RR_sup";;"sup";"0";"2023-10-11"
35074;"RR_sup";2.9516072973;"sup";"2.0-3.0";"2023-10-11"
35081;"RR_sup";;"sup";"0";"2023-10-11"
35082;"RR_sup";1.6915681806;"sup";"1.1-2.0";"2023-10-11"
35083;"RR_sup";1.6915681806;"sup";"1.1-2.0";"2023-10-11"
35091;"RR_sup";2.0993873406;"sup";"2.0-3.0";"2023-10-11"
35092;"RR_sup";;"sup";"0";"2023-10-11"
35093;"RR_sup";1.7154834084;"sup";"1.1-2.0";"2023-10-11"
35094;"RR_sup";;"sup";"0";"2023-10-11"
35095;"RR_sup";;"sup";"0";"2023-10-11"
35101;"RR_sup";;"sup";"0";"2023-10-11"
35102;"RR_sup";;"sup";"0";"2023-10-11"
35103;"RR_sup";;"sup";"0";"2023-10-11"
35104;"RR_sup";;"sup";"0";"2023-10-11"
35111;"RR_sup";2.0993873406;"sup";"2.0-3.0";"2023-10-11"
35112;"RR_sup";;"sup";"0";"2023-10-11"
35113;"RR_sup";;"sup";"0";"2023-10-11"
35114;"RR_sup";2.0993873406;"sup";"2.0-3.0";"2023-10-11"
35115;"RR_sup";1007.0076543331;"sup";">3";"2023-10-11"
35121;"RR_sup";;"sup";"0";"2023-10-11"
35131;"RR_sup";;"sup";"0";"2023-10-11"
35132;"RR_sup";;"sup";"0";"2023-10-11"
35133;"RR_sup";;"sup";"0";"2023-10-11"
35141;"RR_sup";;"sup";"0";"2023-10-11"
35142;"RR_sup";;"sup";"0";"2023-10-11"
35143;"RR_sup";;"sup";"0";"2023-10-11"
35151;"RR_sup";;"sup";"0";"2023-10-11"
35152;"RR_sup";2.5416413876;"sup";"2.0-3.0";"2023-10-11"
35153;"RR_sup";2.5416413876;"sup";"2.0-3.0";"2023-10-11"
35154;"RR_sup";2.5416413876;"sup";"2.0-3.0";"2023-10-11"
35155;"RR_sup";;"sup";"0";"2023-10-11"
35156;"RR_sup";;"sup";"0";"2023-10-11"
35157;"RR_sup";;"sup";"0";"2023-10-11"
35161;"RR_sup";;"sup";"0";"2023-10-11"
35162;"RR_sup";1.6027861292;"sup";"1.1-2.0";"2023-10-11"
35163;"RR_sup";;"sup";"0";"2023-10-11"
35171;"RR_sup";;"sup";"0";"2023-10-11"
35172;"RR_sup";;"sup";"0";"2023-10-11"
35173;"RR_sup";;"sup";"0";"2023-10-11"
35174;"RR_sup";;"sup";"0";"2023-10-11"
35011;"RR_sup_mv";;"sup_mv";"0";"2023-10-11"
35012;"RR_sup_mv";;"sup_mv";"0";"2023-10-11"
35013;"RR_sup_mv";;"sup_mv";"0";"2023-10-11"
35014;"RR_sup_mv";;"sup_mv";"0";"2023-10-11"
35015;"RR_sup_mv";;"sup_mv";"0";"2023-10-11"
35016;"RR_sup_mv";;"sup_mv";"0";"2023-10-11"
35021;"RR_sup_mv";1.390019469;"sup_mv";"1.1-2.0";"2023-10-11"
35022;"RR_sup_mv";;"sup_mv";"0";"2023-10-11"
35023;"RR_sup_mv";1.390019469;"sup_mv";"1.1-2.0";"2023-10-11"
35031;"RR_sup_mv";;"sup_mv";"0";"2023-10-11"
35032;"RR_sup_mv";1.390019469;"sup_mv";"1.1-2.0";"2023-10-11"
35033;"RR_sup_mv";1.390019469;"sup_mv";"1.1-2.0";"2023-10-11"
35034;"RR_sup_mv";;"sup_mv";"0";"2023-10-11"
35041;"RR_sup_mv";;"sup_mv";"0";"2023-10-11"
35051;"RR_sup_mv";1.390019469;"sup_mv";"1.1-2.0";"2023-10-11"
35052;"RR_sup_mv";1.390019469;"sup_mv";"1.1-2.0";"2023-10-11"
35061;"RR_sup_mv";;"sup_mv";"0";"2023-10-11"
35062;"RR_sup_mv";;"sup_mv";"0";"2023-10-11"
35063;"RR_sup_mv";1.7413477831;"sup_mv";"1.1-2.0";"2023-10-11"
35064;"RR_sup_mv";;"sup_mv";"0";"2023-10-11"
35065;"RR_sup_mv";1.390019469;"sup_mv";"1.1-2.0";"2023-10-11"
35071;"RR_sup_mv";;"sup_mv";"0";"2023-10-11"
35072;"RR_sup_mv";;"sup_mv";"0";"2023-10-11"
35073;"RR_sup_mv";;"sup_mv";"0";"2023-10-11"
35074;"RR_sup_mv";3.1457156208;"sup_mv";">3";"2023-10-11"
35081;"RR_sup_mv";;"sup_mv";"0";"2023-10-11"
35082;"RR_sup_mv";;"sup_mv";"0";"2023-10-11"
35083;"RR_sup_mv";;"sup_mv";"0";"2023-10-11"
35091;"RR_sup_mv";1.390019469;"sup_mv";"1.1-2.0";"2023-10-11"
35092;"RR_sup_mv";;"sup_mv";"0";"2023-10-11"
35093;"RR_sup_mv";1.390019469;"sup_mv";"1.1-2.0";"2023-10-11"
35094;"RR_sup_mv";;"sup_mv";"0";"2023-10-11"
35095;"RR_sup_mv";1.390019469;"sup_mv";"1.1-2.0";"2023-10-11"
35101;"RR_sup_mv";;"sup_mv";"0";"2023-10-11"
35102;"RR_sup_mv";;"sup_mv";"0";"2023-10-11"
35103;"RR_sup_mv";;"sup_mv";"0";"2023-10-11"
35104;"RR_sup_mv";;"sup_mv";"0";"2023-10-11"
35111;"RR_sup_mv";;"sup_mv";"0";"2023-10-11"
35112;"RR_sup_mv";;"sup_mv";"0";"2023-10-11"
35113;"RR_sup_mv";;"sup_mv";"0";"2023-10-11"
35114;"RR_sup_mv";;"sup_mv";"0";"2023-10-11"
35115;"RR_sup_mv";604.8733776482;"sup_mv";">3";"2023-10-11"
35121;"RR_sup_mv";;"sup_mv";"0";"2023-10-11"
35131;"RR_sup_mv";;"sup_mv";"0";"2023-10-11"
35132;"RR_sup_mv";;"sup_mv";"0";"2023-10-11"
35133;"RR_sup_mv";;"sup_mv";"0";"2023-10-11"
35141;"RR_sup_mv";;"sup_mv";"0";"2023-10-11"
35142;"RR_sup_mv";;"sup_mv";"0";"2023-10-11"
35143;"RR_sup_mv";;"sup_mv";"0";"2023-10-11"
35151;"RR_sup_mv";1.390019469;"sup_mv";"1.1-2.0";"2023-10-11"
35152;"RR_sup_mv";1.390019469;"sup_mv";"1.1-2.0";"2023-10-11"
35153;"RR_sup_mv";1.390019469;"sup_mv";"1.1-2.0";"2023-10-11"
35154;"RR_sup_mv";1.390019469;"sup_mv";"1.1-2.0";"2023-10-11"
35155;"RR_sup_mv";1.390019469;"sup_mv";"1.1-2.0";"2023-10-11"
35156;"RR_sup_mv";1.390019469;"sup_mv";"1.1-2.0";"2023-10-11"
35157;"RR_sup_mv";1.390019469;"sup_mv";"1.1-2.0";"2023-10-11"
35161;"RR_sup_mv";;"sup_mv";"0";"2023-10-11"
35162;"RR_sup_mv";;"sup_mv";"0";"2023-10-11"
35163;"RR_sup_mv";;"sup_mv";"0";"2023-10-11"
35171;"RR_sup_mv";;"sup_mv";"0";"2023-10-11"
35172;"RR_sup_mv";;"sup_mv";"0";"2023-10-11"
35173;"RR_sup_mv";;"sup_mv";"0";"2023-10-11"
35174;"RR_sup_mv";;"sup_mv";"0";"2023-10-11"
35011;"RR_sup";;"sup";"0";"2023-09-27"
35012;"RR_sup";;"sup";"0";"2023-09-27"
35013;"RR_sup";;"sup";"0";"2023-09-27"
35014;"RR_sup";;"sup";"0";"2023-09-27"
35015;"RR_sup";;"sup";"0";"2023-09-27"
35016;"RR_sup";;"sup";"0";"2023-09-27"
35021;"RR_sup";2.9762359322;"sup";"2.0-3.0";"2023-09-27"
35022;"RR_sup";2.9762359322;"sup";"2.0-3.0";"2023-09-27"
35023;"RR_sup";2.9762359322;"sup";"2.0-3.0";"2023-09-27"
35031;"RR_sup";2.8446234345;"sup";"2.0-3.0";"2023-09-27"
35032;"RR_sup";2.8446234345;"sup";"2.0-3.0";"2023-09-27"
35033;"RR_sup";2.8446234345;"sup";"2.0-3.0";"2023-09-27"
35034;"RR_sup";;"sup";"0";"2023-09-27"
35041;"RR_sup";;"sup";"0";"2023-09-27"
35051;"RR_sup";;"sup";"0";"2023-09-27"
35052;"RR_sup";;"sup";"0";"2023-09-27"
35061;"RR_sup";1.8912300488;"sup";"1.1-2.0";"2023-09-27"
35062;"RR_sup";1.8912300488;"sup";"1.1-2.0";"2023-09-27"
35063;"RR_sup";4.5338694759;"sup";">3";"2023-09-27"
35064;"RR_sup";;"sup";"0";"2023-09-27"
35065;"RR_sup";;"sup";"0";"2023-09-27"
35071;"RR_sup";;"sup";"0";"2023-09-27"
35072;"RR_sup";;"sup";"0";"2023-09-27"
35073;"RR_sup";;"sup";"0";"2023-09-27"
35074;"RR_sup";1.7354057514;"sup";"1.1-2.0";"2023-09-27"
35081;"RR_sup";1.7492237921;"sup";"1.1-2.0";"2023-09-27"
35082;"RR_sup";1.7492237921;"sup";"1.1-2.0";"2023-09-27"
35083;"RR_sup";10.9474145711;"sup";">3";"2023-09-27"
35091;"RR_sup";2.9762359322;"sup";"2.0-3.0";"2023-09-27"
35092;"RR_sup";1.8912300488;"sup";"1.1-2.0";"2023-09-27"
35093;"RR_sup";1.8912300488;"sup";"1.1-2.0";"2023-09-27"
35094;"RR_sup";1.8912300488;"sup";"1.1-2.0";"2023-09-27"
35095;"RR_sup";2.9762359322;"sup";"2.0-3.0";"2023-09-27"
35101;"RR_sup";1.7354057514;"sup";"1.1-2.0";"2023-09-27"
35102;"RR_sup";;"sup";"0";"2023-09-27"
35103;"RR_sup";;"sup";"0";"2023-09-27"
35104;"RR_sup";3.3650591541;"sup";">3";"2023-09-27"
35111;"RR_sup";2.9762359322;"sup";"2.0-3.0";"2023-09-27"
35112;"RR_sup";;"sup";"0";"2023-09-27"
35113;"RR_sup";;"sup";"0";"2023-09-27"
35114;"RR_sup";2.9762359322;"sup";"2.0-3.0";"2023-09-27"
35115;"RR_sup";;"sup";"0";"2023-09-27"
35121;"RR_sup";;"sup";"0";"2023-09-27"
35131;"RR_sup";;"sup";"0";"2023-09-27"
35132;"RR_sup";1.7492237921;"sup";"1.1-2.0";"2023-09-27"
35133;"RR_sup";1.7492237921;"sup";"1.1-2.0";"2023-09-27"
35141;"RR_sup";1.7354057514;"sup";"1.1-2.0";"2023-09-27"
35142;"RR_sup";1.7354057514;"sup";"1.1-2.0";"2023-09-27"
35143;"RR_sup";6.350077083;"sup";">3";"2023-09-27"
35151;"RR_sup";2.8446234345;"sup";"2.0-3.0";"2023-09-27"
35152;"RR_sup";2.9762359322;"sup";"2.0-3.0";"2023-09-27"
35153;"RR_sup";2.9762359322;"sup";"2.0-3.0";"2023-09-27"
35154;"RR_sup";2.9762359322;"sup";"2.0-3.0";"2023-09-27"
35155;"RR_sup";;"sup";"0";"2023-09-27"
35156;"RR_sup";2.9762359322;"sup";"2.0-3.0";"2023-09-27"
35157;"RR_sup";2.9762359322;"sup";"2.0-3.0";"2023-09-27"
35161;"RR_sup";;"sup";"0";"2023-09-27"
35162;"RR_sup";;"sup";"0";"2023-09-27"
35163;"RR_sup";;"sup";"0";"2023-09-27"
35171;"RR_sup";;"sup";"0";"2023-09-27"
35172;"RR_sup";;"sup";"0";"2023-09-27"
35173;"RR_sup";;"sup";"0";"2023-09-27"
35174;"RR_sup";;"sup";"0";"2023-09-27"
35011;"RR_sup_mv";;"sup_mv";"0";"2023-09-27"
35012;"RR_sup_mv";;"sup_mv";"0";"2023-09-27"
35013;"RR_sup_mv";;"sup_mv";"0";"2023-09-27"
35014;"RR_sup_mv";;"sup_mv";"0";"2023-09-27"
35015;"RR_sup_mv";;"sup_mv";"0";"2023-09-27"
35016;"RR_sup_mv";;"sup_mv";"0";"2023-09-27"
35021;"RR_sup_mv";2.617551912;"sup_mv";"2.0-3.0";"2023-09-27"
35022;"RR_sup_mv";2.617551912;"sup_mv";"2.0-3.0";"2023-09-27"
35023;"RR_sup_mv";2.617551912;"sup_mv";"2.0-3.0";"2023-09-27"
35031;"RR_sup_mv";2.5459687692;"sup_mv";"2.0-3.0";"2023-09-27"
35032;"RR_sup_mv";2.5459687692;"sup_mv";"2.0-3.0";"2023-09-27"
35033;"RR_sup_mv";2.5459687692;"sup_mv";"2.0-3.0";"2023-09-27"
35034;"RR_sup_mv";;"sup_mv";"0";"2023-09-27"
35041;"RR_sup_mv";;"sup_mv";"0";"2023-09-27"
35051;"RR_sup_mv";1.6840046039;"sup_mv";"1.1-2.0";"2023-09-27"
35052;"RR_sup_mv";1.6840046039;"sup_mv";"1.1-2.0";"2023-09-27"
35061;"RR_sup_mv";;"sup_mv";"0";"2023-09-27"
35062;"RR_sup_mv";;"sup_mv";"0";"2023-09-27"
35063;"RR_sup_mv";4.0671804951;"sup_mv";">3";"2023-09-27"
35064;"RR_sup_mv";;"sup_mv";"0";"2023-09-27"
35065;"RR_sup_mv";2.2626333807;"sup_mv";"2.0-3.0";"2023-09-27"
35071;"RR_sup_mv";;"sup_mv";"0";"2023-09-27"
35072;"RR_sup_mv";;"sup_mv";"0";"2023-09-27"
35073;"RR_sup_mv";;"sup_mv";"0";"2023-09-27"
35074;"RR_sup_mv";;"sup_mv";"0";"2023-09-27"
35081;"RR_sup_mv";;"sup_mv";"0";"2023-09-27"
35082;"RR_sup_mv";1.6840046039;"sup_mv";"1.1-2.0";"2023-09-27"
35083;"RR_sup_mv";8.4367525892;"sup_mv";">3";"2023-09-27"
35091;"RR_sup_mv";2.617551912;"sup_mv";"2.0-3.0";"2023-09-27"
35092;"RR_sup_mv";2.2626333807;"sup_mv";"2.0-3.0";"2023-09-27"
35093;"RR_sup_mv";2.2626333807;"sup_mv";"2.0-3.0";"2023-09-27"
35094;"RR_sup_mv";;"sup_mv";"0";"2023-09-27"
35095;"RR_sup_mv";2.617551912;"sup_mv";"2.0-3.0";"2023-09-27"
35101;"RR_sup_mv";;"sup_mv";"0";"2023-09-27"
35102;"RR_sup_mv";;"sup_mv";"0";"2023-09-27"
35103;"RR_sup_mv";;"sup_mv";"0";"2023-09-27"
35104;"RR_sup_mv";2.9389592249;"sup_mv";"2.0-3.0";"2023-09-27"
35111;"RR_sup_mv";2.617551912;"sup_mv";"2.0-3.0";"2023-09-27"
35112;"RR_sup_mv";;"sup_mv";"0";"2023-09-27"
35113;"RR_sup_mv";;"sup_mv";"0";"2023-09-27"
35114;"RR_sup_mv";2.617551912;"sup_mv";"2.0-3.0";"2023-09-27"
35115;"RR_sup_mv";;"sup_mv";"0";"2023-09-27"
35121;"RR_sup_mv";;"sup_mv";"0";"2023-09-27"
35131;"RR_sup_mv";;"sup_mv";"0";"2023-09-27"
35132;"RR_sup_mv";1.6292104532;"sup_mv";"1.1-2.0";"2023-09-27"
35133;"RR_sup_mv";1.6292104532;"sup_mv";"1.1-2.0";"2023-09-27"
35141;"RR_sup_mv";;"sup_mv";"0";"2023-09-27"
35142;"RR_sup_mv";;"sup_mv";"0";"2023-09-27"
35143;"RR_sup_mv";5.0534882121;"sup_mv";">3";"2023-09-27"
35151;"RR_sup_mv";2.5459687692;"sup_mv";"2.0-3.0";"2023-09-27"
35152;"RR_sup_mv";2.617551912;"sup_mv";"2.0-3.0";"2023-09-27"
35153;"RR_sup_mv";2.617551912;"sup_mv";"2.0-3.0";"2023-09-27"
35154;"RR_sup_mv";2.617551912;"sup_mv";"2.0-3.0";"2023-09-27"
35155;"RR_sup_mv";1.6840046039;"sup_mv";"1.1-2.0";"2023-09-27"
35156;"RR_sup_mv";2.617551912;"sup_mv";"2.0-3.0";"2023-09-27"
35157;"RR_sup_mv";2.617551912;"sup_mv";"2.0-3.0";"2023-09-27"
35161;"RR_sup_mv";;"sup_mv";"0";"2023-09-27"
35162;"RR_sup_mv";;"sup_mv";"0";"2023-09-27"
35163;"RR_sup_mv";;"sup_mv";"0";"2023-09-27"
35171;"RR_sup_mv";;"sup_mv";"0";"2023-09-27"
35172;"RR_sup_mv";;"sup_mv";"0";"2023-09-27"
35173;"RR_sup_mv";;"sup_mv";"0";"2023-09-27"
35174;"RR_sup_mv";;"sup_mv";"0";"2023-09-27"
35011;"RR_sup";;"sup";"0";"2023-09-06"
35012;"RR_sup";;"sup";"0";"2023-09-06"
35013;"RR_sup";;"sup";"0";"2023-09-06"
35014;"RR_sup";;"sup";"0";"2023-09-06"
35015;"RR_sup";;"sup";"0";"2023-09-06"
35016;"RR_sup";;"sup";"0";"2023-09-06"
35021;"RR_sup";2.4163871938;"sup";"2.0-3.0";"2023-09-06"
35022;"RR_sup";2.4163871938;"sup";"2.0-3.0";"2023-09-06"
35023;"RR_sup";2.4163871938;"sup";"2.0-3.0";"2023-09-06"
35031;"RR_sup";;"sup";"0";"2023-09-06"
35032;"RR_sup";2.6666931276;"sup";"2.0-3.0";"2023-09-06"
35033;"RR_sup";2.6666931276;"sup";"2.0-3.0";"2023-09-06"
35034;"RR_sup";;"sup";"0";"2023-09-06"
35041;"RR_sup";;"sup";"0";"2023-09-06"
35051;"RR_sup";2.6666931276;"sup";"2.0-3.0";"2023-09-06"
35052;"RR_sup";2.6666931276;"sup";"2.0-3.0";"2023-09-06"
35061;"RR_sup";1.7898555336;"sup";"1.1-2.0";"2023-09-06"
35062;"RR_sup";;"sup";"0";"2023-09-06"
35063;"RR_sup";1.7898555336;"sup";"1.1-2.0";"2023-09-06"
35064;"RR_sup";;"sup";"0";"2023-09-06"
35065;"RR_sup";2.4163871938;"sup";"2.0-3.0";"2023-09-06"
35071;"RR_sup";;"sup";"0";"2023-09-06"
35072;"RR_sup";;"sup";"0";"2023-09-06"
35073;"RR_sup";;"sup";"0";"2023-09-06"
35074;"RR_sup";;"sup";"0";"2023-09-06"
35081;"RR_sup";;"sup";"0";"2023-09-06"
35082;"RR_sup";2.6666931276;"sup";"2.0-3.0";"2023-09-06"
35083;"RR_sup";2.6666931276;"sup";"2.0-3.0";"2023-09-06"
35091;"RR_sup";2.4163871938;"sup";"2.0-3.0";"2023-09-06"
35092;"RR_sup";2.4163871938;"sup";"2.0-3.0";"2023-09-06"
35093;"RR_sup";2.4163871938;"sup";"2.0-3.0";"2023-09-06"
35094;"RR_sup";1.7898555336;"sup";"1.1-2.0";"2023-09-06"
35095;"RR_sup";2.4163871938;"sup";"2.0-3.0";"2023-09-06"
35101;"RR_sup";1.6241355211;"sup";"1.1-2.0";"2023-09-06"
35102;"RR_sup";;"sup";"0";"2023-09-06"
35103;"RR_sup";;"sup";"0";"2023-09-06"
35104;"RR_sup";6.8968386707;"sup";">3";"2023-09-06"
35111;"RR_sup";2.4163871938;"sup";"2.0-3.0";"2023-09-06"
35112;"RR_sup";2.4163871938;"sup";"2.0-3.0";"2023-09-06"
35113;"RR_sup";2.4163871938;"sup";"2.0-3.0";"2023-09-06"
35114;"RR_sup";2.4163871938;"sup";"2.0-3.0";"2023-09-06"
35115;"RR_sup";2.4163871938;"sup";"2.0-3.0";"2023-09-06"
35121;"RR_sup";;"sup";"0";"2023-09-06"
35131;"RR_sup";2.6666931276;"sup";"2.0-3.0";"2023-09-06"
35132;"RR_sup";1.6241355211;"sup";"1.1-2.0";"2023-09-06"
35133;"RR_sup";1.6241355211;"sup";"1.1-2.0";"2023-09-06"
35141;"RR_sup";1.6241355211;"sup";"1.1-2.0";"2023-09-06"
35142;"RR_sup";1.6241355211;"sup";"1.1-2.0";"2023-09-06"
35143;"RR_sup";1.6241355211;"sup";"1.1-2.0";"2023-09-06"
35151;"RR_sup";2.6666931276;"sup";"2.0-3.0";"2023-09-06"
35152;"RR_sup";;"sup";"0";"2023-09-06"
35153;"RR_sup";;"sup";"0";"2023-09-06"
35154;"RR_sup";;"sup";"0";"2023-09-06"
35155;"RR_sup";2.6666931276;"sup";"2.0-3.0";"2023-09-06"
35156;"RR_sup";2.6666931276;"sup";"2.0-3.0";"2023-09-06"
35157;"RR_sup";;"sup";"0";"2023-09-06"
35161;"RR_sup";;"sup";"0";"2023-09-06"
35162;"RR_sup";1.7898555336;"sup";"1.1-2.0";"2023-09-06"
35163;"RR_sup";;"sup";"0";"2023-09-06"
35171;"RR_sup";;"sup";"0";"2023-09-06"
35172;"RR_sup";;"sup";"0";"2023-09-06"
35173;"RR_sup";1.645776334;"sup";"1.1-2.0";"2023-09-06"
35174;"RR_sup";1.645776334;"sup";"1.1-2.0";"2023-09-06"
35011;"RR_sup_mv";;"sup_mv";"0";"2023-09-06"
35012;"RR_sup_mv";;"sup_mv";"0";"2023-09-06"
35013;"RR_sup_mv";;"sup_mv";"0";"2023-09-06"
35014;"RR_sup_mv";;"sup_mv";"0";"2023-09-06"
35015;"RR_sup_mv";;"sup_mv";"0";"2023-09-06"
35016;"RR_sup_mv";;"sup_mv";"0";"2023-09-06"
35021;"RR_sup_mv";;"sup_mv";"0";"2023-09-06"
35022;"RR_sup_mv";2.1859984216;"sup_mv";"2.0-3.0";"2023-09-06"
35023;"RR_sup_mv";2.5646171785;"sup_mv";"2.0-3.0";"2023-09-06"
35031;"RR_sup_mv";;"sup_mv";"0";"2023-09-06"
35032;"RR_sup_mv";2.617927361;"sup_mv";"2.0-3.0";"2023-09-06"
35033;"RR_sup_mv";2.617927361;"sup_mv";"2.0-3.0";"2023-09-06"
35034;"RR_sup_mv";;"sup_mv";"0";"2023-09-06"
35041;"RR_sup_mv";;"sup_mv";"0";"2023-09-06"
35051;"RR_sup_mv";;"sup_mv";"0";"2023-09-06"
35052;"RR_sup_mv";2.617927361;"sup_mv";"2.0-3.0";"2023-09-06"
35061;"RR_sup_mv";;"sup_mv";"0";"2023-09-06"
35062;"RR_sup_mv";;"sup_mv";"0";"2023-09-06"
35063;"RR_sup_mv";3.0845304531;"sup_mv";">3";"2023-09-06"
35064;"RR_sup_mv";;"sup_mv";"0";"2023-09-06"
35065;"RR_sup_mv";2.617927361;"sup_mv";"2.0-3.0";"2023-09-06"
35071;"RR_sup_mv";;"sup_mv";"0";"2023-09-06"
35072;"RR_sup_mv";;"sup_mv";"0";"2023-09-06"
35073;"RR_sup_mv";;"sup_mv";"0";"2023-09-06"
35074;"RR_sup_mv";;"sup_mv";"0";"2023-09-06"
35081;"RR_sup_mv";1.5768866164;"sup_mv";"1.1-2.0";"2023-09-06"
35082;"RR_sup_mv";1.5768866164;"sup_mv";"1.1-2.0";"2023-09-06"
35083;"RR_sup_mv";1.5768866164;"sup_mv";"1.1-2.0";"2023-09-06"
35091;"RR_sup_mv";2.5646171785;"sup_mv";"2.0-3.0";"2023-09-06"
35092;"RR_sup_mv";;"sup_mv";"0";"2023-09-06"
35093;"RR_sup_mv";2.5646171785;"sup_mv";"2.0-3.0";"2023-09-06"
35094;"RR_sup_mv";;"sup_mv";"0";"2023-09-06"
35095;"RR_sup_mv";2.5646171785;"sup_mv";"2.0-3.0";"2023-09-06"
35101;"RR_sup_mv";;"sup_mv";"0";"2023-09-06"
35102;"RR_sup_mv";;"sup_mv";"0";"2023-09-06"
35103;"RR_sup_mv";;"sup_mv";"0";"2023-09-06"
35104;"RR_sup_mv";5.2509468345;"sup_mv";">3";"2023-09-06"
35111;"RR_sup_mv";;"sup_mv";"0";"2023-09-06"
35112;"RR_sup_mv";;"sup_mv";"0";"2023-09-06"
35113;"RR_sup_mv";2.5646171785;"sup_mv";"2.0-3.0";"2023-09-06"
35114;"RR_sup_mv";;"sup_mv";"0";"2023-09-06"
35115;"RR_sup_mv";7.8516037412;"sup_mv";">3";"2023-09-06"
35121;"RR_sup_mv";;"sup_mv";"0";"2023-09-06"
35131;"RR_sup_mv";;"sup_mv";"0";"2023-09-06"
35132;"RR_sup_mv";1.5768866164;"sup_mv";"1.1-2.0";"2023-09-06"
35133;"RR_sup_mv";1.5768866164;"sup_mv";"1.1-2.0";"2023-09-06"
35141;"RR_sup_mv";;"sup_mv";"0";"2023-09-06"
35142;"RR_sup_mv";;"sup_mv";"0";"2023-09-06"
35143;"RR_sup_mv";2.5318341913;"sup_mv";"2.0-3.0";"2023-09-06"
35151;"RR_sup_mv";2.617927361;"sup_mv";"2.0-3.0";"2023-09-06"
35152;"RR_sup_mv";2.1859984216;"sup_mv";"2.0-3.0";"2023-09-06"
35153;"RR_sup_mv";2.1859984216;"sup_mv";"2.0-3.0";"2023-09-06"
35154;"RR_sup_mv";2.1859984216;"sup_mv";"2.0-3.0";"2023-09-06"
35155;"RR_sup_mv";2.617927361;"sup_mv";"2.0-3.0";"2023-09-06"
35156;"RR_sup_mv";2.617927361;"sup_mv";"2.0-3.0";"2023-09-06"
35157;"RR_sup_mv";;"sup_mv";"0";"2023-09-06"
35161;"RR_sup_mv";;"sup_mv";"0";"2023-09-06"
35162;"RR_sup_mv";;"sup_mv";"0";"2023-09-06"
35163;"RR_sup_mv";;"sup_mv";"0";"2023-09-06"
35171;"RR_sup_mv";;"sup_mv";"0";"2023-09-06"
35172;"RR_sup_mv";;"sup_mv";"0";"2023-09-06"
35173;"RR_sup_mv";;"sup_mv";"0";"2023-09-06"
35174;"RR_sup_mv";;"sup_mv";"0";"2023-09-06"
35011;"RR_sup";;"sup";"0";"2023-08-30"
35012;"RR_sup";;"sup";"0";"2023-08-30"
35013;"RR_sup";;"sup";"0";"2023-08-30"
35014;"RR_sup";;"sup";"0";"2023-08-30"
35015;"RR_sup";;"sup";"0";"2023-08-30"
35016;"RR_sup";;"sup";"0";"2023-08-30"
35021;"RR_sup";2.40669641;"sup";"2.0-3.0";"2023-08-30"
35022;"RR_sup";2.40669641;"sup";"2.0-3.0";"2023-08-30"
35023;"RR_sup";;"sup";"0";"2023-08-30"
35031;"RR_sup";;"sup";"0";"2023-08-30"
35032;"RR_sup";;"sup";"0";"2023-08-30"
35033;"RR_sup";;"sup";"0";"2023-08-30"
35034;"RR_sup";;"sup";"0";"2023-08-30"
35041;"RR_sup";;"sup";"0";"2023-08-30"
35051;"RR_sup";;"sup";"0";"2023-08-30"
35052;"RR_sup";23.4655595867;"sup";">3";"2023-08-30"
35061;"RR_sup";;"sup";"0";"2023-08-30"
35062;"RR_sup";;"sup";"0";"2023-08-30"
35063;"RR_sup";4.2690743168;"sup";">3";"2023-08-30"
35064;"RR_sup";;"sup";"0";"2023-08-30"
35065;"RR_sup";4.3067855064;"sup";">3";"2023-08-30"
35071;"RR_sup";;"sup";"0";"2023-08-30"
35072;"RR_sup";;"sup";"0";"2023-08-30"
35073;"RR_sup";;"sup";"0";"2023-08-30"
35074;"RR_sup";;"sup";"0";"2023-08-30"
35081;"RR_sup";;"sup";"0";"2023-08-30"
35082;"RR_sup";3.5261411355;"sup";">3";"2023-08-30"
35083;"RR_sup";3.5261411355;"sup";">3";"2023-08-30"
35091;"RR_sup";2.40669641;"sup";"2.0-3.0";"2023-08-30"
35092;"RR_sup";;"sup";"0";"2023-08-30"
35093;"RR_sup";4.3067855064;"sup";">3";"2023-08-30"
35094;"RR_sup";;"sup";"0";"2023-08-30"
35095;"RR_sup";;"sup";"0";"2023-08-30"
35101;"RR_sup";;"sup";"0";"2023-08-30"
35102;"RR_sup";;"sup";"0";"2023-08-30"
35103;"RR_sup";;"sup";"0";"2023-08-30"
35104;"RR_sup";5.5744682339;"sup";">3";"2023-08-30"
35111;"RR_sup";2.40669641;"sup";"2.0-3.0";"2023-08-30"
35112;"RR_sup";;"sup";"0";"2023-08-30"
35113;"RR_sup";15.5085493128;"sup";">3";"2023-08-30"
35114;"RR_sup";12.3826453328;"sup";">3";"2023-08-30"
35115;"RR_sup";12.3826453328;"sup";">3";"2023-08-30"
35121;"RR_sup";;"sup";"0";"2023-08-30"
35131;"RR_sup";;"sup";"0";"2023-08-30"
35132;"RR_sup";;"sup";"0";"2023-08-30"
35133;"RR_sup";;"sup";"0";"2023-08-30"
35141;"RR_sup";;"sup";"0";"2023-08-30"
35142;"RR_sup";;"sup";"0";"2023-08-30"
35143;"RR_sup";;"sup";"0";"2023-08-30"
35151;"RR_sup";;"sup";"0";"2023-08-30"
35152;"RR_sup";2.40669641;"sup";"2.0-3.0";"2023-08-30"
35153;"RR_sup";2.40669641;"sup";"2.0-3.0";"2023-08-30"
35154;"RR_sup";;"sup";"0";"2023-08-30"
35155;"RR_sup";2.9710315844;"sup";"2.0-3.0";"2023-08-30"
35156;"RR_sup";;"sup";"0";"2023-08-30"
35157;"RR_sup";;"sup";"0";"2023-08-30"
35161;"RR_sup";;"sup";"0";"2023-08-30"
35162;"RR_sup";;"sup";"0";"2023-08-30"
35163;"RR_sup";;"sup";"0";"2023-08-30"
35171;"RR_sup";;"sup";"0";"2023-08-30"
35172;"RR_sup";;"sup";"0";"2023-08-30"
35173;"RR_sup";2.6072827975;"sup";"2.0-3.0";"2023-08-30"
35174;"RR_sup";2.2982622965;"sup";"2.0-3.0";"2023-08-30"
35011;"RR_sup_mv";;"sup_mv";"0";"2023-08-30"
35012;"RR_sup_mv";;"sup_mv";"0";"2023-08-30"
35013;"RR_sup_mv";;"sup_mv";"0";"2023-08-30"
35014;"RR_sup_mv";;"sup_mv";"0";"2023-08-30"
35015;"RR_sup_mv";;"sup_mv";"0";"2023-08-30"
35016;"RR_sup_mv";;"sup_mv";"0";"2023-08-30"
35021;"RR_sup_mv";2.1143277048;"sup_mv";"2.0-3.0";"2023-08-30"
35022;"RR_sup_mv";2.1143277048;"sup_mv";"2.0-3.0";"2023-08-30"
35023;"RR_sup_mv";;"sup_mv";"0";"2023-08-30"
35031;"RR_sup_mv";;"sup_mv";"0";"2023-08-30"
35032;"RR_sup_mv";;"sup_mv";"0";"2023-08-30"
35033;"RR_sup_mv";;"sup_mv";"0";"2023-08-30"
35034;"RR_sup_mv";;"sup_mv";"0";"2023-08-30"
35041;"RR_sup_mv";;"sup_mv";"0";"2023-08-30"
35051;"RR_sup_mv";;"sup_mv";"0";"2023-08-30"
35052;"RR_sup_mv";16.1838017274;"sup_mv";">3";"2023-08-30"
35061;"RR_sup_mv";;"sup_mv";"0";"2023-08-30"
35062;"RR_sup_mv";;"sup_mv";"0";"2023-08-30"
35063;"RR_sup_mv";4.0449315177;"sup_mv";">3";"2023-08-30"
35064;"RR_sup_mv";;"sup_mv";"0";"2023-08-30"
35065;"RR_sup_mv";3.9548851217;"sup_mv";">3";"2023-08-30"
35071;"RR_sup_mv";;"sup_mv";"0";"2023-08-30"
35072;"RR_sup_mv";;"sup_mv";"0";"2023-08-30"
35073;"RR_sup_mv";;"sup_mv";"0";"2023-08-30"
35074;"RR_sup_mv";;"sup_mv";"0";"2023-08-30"
35081;"RR_sup_mv";;"sup_mv";"0";"2023-08-30"
35082;"RR_sup_mv";2.8590809269;"sup_mv";"2.0-3.0";"2023-08-30"
35083;"RR_sup_mv";2.8590809269;"sup_mv";"2.0-3.0";"2023-08-30"
35091;"RR_sup_mv";2.1143277048;"sup_mv";"2.0-3.0";"2023-08-30"
35092;"RR_sup_mv";;"sup_mv";"0";"2023-08-30"
35093;"RR_sup_mv";3.9548851217;"sup_mv";">3";"2023-08-30"
35094;"RR_sup_mv";;"sup_mv";"0";"2023-08-30"
35095;"RR_sup_mv";;"sup_mv";"0";"2023-08-30"
35101;"RR_sup_mv";;"sup_mv";"0";"2023-08-30"
35102;"RR_sup_mv";;"sup_mv";"0";"2023-08-30"
35103;"RR_sup_mv";;"sup_mv";"0";"2023-08-30"
35104;"RR_sup_mv";4.4804774573;"sup_mv";">3";"2023-08-30"
35111;"RR_sup_mv";2.1143277048;"sup_mv";"2.0-3.0";"2023-08-30"
35112;"RR_sup_mv";;"sup_mv";"0";"2023-08-30"
35113;"RR_sup_mv";12.4099285868;"sup_mv";">3";"2023-08-30"
35114;"RR_sup_mv";8.9863137958;"sup_mv";">3";"2023-08-30"
35115;"RR_sup_mv";8.9863137958;"sup_mv";">3";"2023-08-30"
35121;"RR_sup_mv";;"sup_mv";"0";"2023-08-30"
35131;"RR_sup_mv";;"sup_mv";"0";"2023-08-30"
35132;"RR_sup_mv";;"sup_mv";"0";"2023-08-30"
35133;"RR_sup_mv";;"sup_mv";"0";"2023-08-30"
35141;"RR_sup_mv";;"sup_mv";"0";"2023-08-30"
35142;"RR_sup_mv";;"sup_mv";"0";"2023-08-30"
35143;"RR_sup_mv";;"sup_mv";"0";"2023-08-30"
35151;"RR_sup_mv";;"sup_mv";"0";"2023-08-30"
35152;"RR_sup_mv";2.1143277048;"sup_mv";"2.0-3.0";"2023-08-30"
35153;"RR_sup_mv";2.1143277048;"sup_mv";"2.0-3.0";"2023-08-30"
35154;"RR_sup_mv";;"sup_mv";"0";"2023-08-30"
35155;"RR_sup_mv";2.2728322456;"sup_mv";"2.0-3.0";"2023-08-30"
35156;"RR_sup_mv";;"sup_mv";"0";"2023-08-30"
35157;"RR_sup_mv";;"sup_mv";"0";"2023-08-30"
35161;"RR_sup_mv";;"sup_mv";"0";"2023-08-30"
35162;"RR_sup_mv";;"sup_mv";"0";"2023-08-30"
35163;"RR_sup_mv";;"sup_mv";"0";"2023-08-30"
35171;"RR_sup_mv";;"sup_mv";"0";"2023-08-30"
35172;"RR_sup_mv";;"sup_mv";"0";"2023-08-30"
35173;"RR_sup_mv";2.3241270716;"sup_mv";"2.0-3.0";"2023-08-30"
35174;"RR_sup_mv";2.0269322383;"sup_mv";"2.0-3.0";"2023-08-30"
35011;"RR_sup";;"sup";"0";"2023-08-23"
35012;"RR_sup";;"sup";"0";"2023-08-23"
35013;"RR_sup";;"sup";"0";"2023-08-23"
35014;"RR_sup";;"sup";"0";"2023-08-23"
35015;"RR_sup";;"sup";"0";"2023-08-23"
35016;"RR_sup";;"sup";"0";"2023-08-23"
35021;"RR_sup";4.1864391285;"sup";">3";"2023-08-23"
35022;"RR_sup";4.1864391285;"sup";">3";"2023-08-23"
35023;"RR_sup";4.1864391285;"sup";">3";"2023-08-23"
35031;"RR_sup";;"sup";"0";"2023-08-23"
35032;"RR_sup";4.1864391285;"sup";">3";"2023-08-23"
35033;"RR_sup";;"sup";"0";"2023-08-23"
35034;"RR_sup";;"sup";"0";"2023-08-23"
35041;"RR_sup";;"sup";"0";"2023-08-23"
35051;"RR_sup";4.1864391285;"sup";">3";"2023-08-23"
35052;"RR_sup";4.1864391285;"sup";">3";"2023-08-23"
35061;"RR_sup";1.7416372095;"sup";"1.1-2.0";"2023-08-23"
35062;"RR_sup";;"sup";"0";"2023-08-23"
35063;"RR_sup";1.7416372095;"sup";"1.1-2.0";"2023-08-23"
35064;"RR_sup";;"sup";"0";"2023-08-23"
35065;"RR_sup";4.1864391285;"sup";">3";"2023-08-23"
35071;"RR_sup";;"sup";"0";"2023-08-23"
35072;"RR_sup";;"sup";"0";"2023-08-23"
35073;"RR_sup";;"sup";"0";"2023-08-23"
35074;"RR_sup";;"sup";"0";"2023-08-23"
35081;"RR_sup";;"sup";"0";"2023-08-23"
35082;"RR_sup";;"sup";"0";"2023-08-23"
35083;"RR_sup";;"sup";"0";"2023-08-23"
35091;"RR_sup";4.1864391285;"sup";">3";"2023-08-23"
35092;"RR_sup";4.1864391285;"sup";">3";"2023-08-23"
35093;"RR_sup";4.1864391285;"sup";">3";"2023-08-23"
35094;"RR_sup";;"sup";"0";"2023-08-23"
35095;"RR_sup";4.1864391285;"sup";">3";"2023-08-23"
35101;"RR_sup";;"sup";"0";"2023-08-23"
35102;"RR_sup";;"sup";"0";"2023-08-23"
35103;"RR_sup";;"sup";"0";"2023-08-23"
35104;"RR_sup";20.5587115691;"sup";">3";"2023-08-23"
35111;"RR_sup";4.1864391285;"sup";">3";"2023-08-23"
35112;"RR_sup";4.1864391285;"sup";">3";"2023-08-23"
35113;"RR_sup";4.1864391285;"sup";">3";"2023-08-23"
35114;"RR_sup";4.1864391285;"sup";">3";"2023-08-23"
35115;"RR_sup";4.1864391285;"sup";">3";"2023-08-23"
35121;"RR_sup";1.7416372095;"sup";"1.1-2.0";"2023-08-23"
35131;"RR_sup";;"sup";"0";"2023-08-23"
35132;"RR_sup";;"sup";"0";"2023-08-23"
35133;"RR_sup";;"sup";"0";"2023-08-23"
35141;"RR_sup";;"sup";"0";"2023-08-23"
35142;"RR_sup";;"sup";"0";"2023-08-23"
35143;"RR_sup";;"sup";"0";"2023-08-23"
35151;"RR_sup";4.1864391285;"sup";">3";"2023-08-23"
35152;"RR_sup";4.1864391285;"sup";">3";"2023-08-23"
35153;"RR_sup";4.1864391285;"sup";">3";"2023-08-23"
35154;"RR_sup";4.1864391285;"sup";">3";"2023-08-23"
35155;"RR_sup";4.1864391285;"sup";">3";"2023-08-23"
35156;"RR_sup";4.1864391285;"sup";">3";"2023-08-23"
35157;"RR_sup";4.1864391285;"sup";">3";"2023-08-23"
35161;"RR_sup";1.7416372095;"sup";"1.1-2.0";"2023-08-23"
35162;"RR_sup";1.7416372095;"sup";"1.1-2.0";"2023-08-23"
35163;"RR_sup";;"sup";"0";"2023-08-23"
35171;"RR_sup";;"sup";"0";"2023-08-23"
35172;"RR_sup";;"sup";"0";"2023-08-23"
35173;"RR_sup";;"sup";"0";"2023-08-23"
35174;"RR_sup";;"sup";"0";"2023-08-23"
35011;"RR_sup_mv";;"sup_mv";"0";"2023-08-23"
35012;"RR_sup_mv";;"sup_mv";"0";"2023-08-23"
35013;"RR_sup_mv";;"sup_mv";"0";"2023-08-23"
35014;"RR_sup_mv";;"sup_mv";"0";"2023-08-23"
35015;"RR_sup_mv";;"sup_mv";"0";"2023-08-23"
35016;"RR_sup_mv";;"sup_mv";"0";"2023-08-23"
35021;"RR_sup_mv";3.4512577712;"sup_mv";">3";"2023-08-23"
35022;"RR_sup_mv";3.4512577712;"sup_mv";">3";"2023-08-23"
35023;"RR_sup_mv";3.4512577712;"sup_mv";">3";"2023-08-23"
35031;"RR_sup_mv";;"sup_mv";"0";"2023-08-23"
35032;"RR_sup_mv";3.4512577712;"sup_mv";">3";"2023-08-23"
35033;"RR_sup_mv";;"sup_mv";"0";"2023-08-23"
35034;"RR_sup_mv";;"sup_mv";"0";"2023-08-23"
35041;"RR_sup_mv";;"sup_mv";"0";"2023-08-23"
35051;"RR_sup_mv";3.4512577712;"sup_mv";">3";"2023-08-23"
35052;"RR_sup_mv";3.4512577712;"sup_mv";">3";"2023-08-23"
35061;"RR_sup_mv";1.6535989567;"sup_mv";"1.1-2.0";"2023-08-23"
35062;"RR_sup_mv";;"sup_mv";"0";"2023-08-23"
35063;"RR_sup_mv";1.6535989567;"sup_mv";"1.1-2.0";"2023-08-23"
35064;"RR_sup_mv";;"sup_mv";"0";"2023-08-23"
35065;"RR_sup_mv";3.4512577712;"sup_mv";">3";"2023-08-23"
35071;"RR_sup_mv";;"sup_mv";"0";"2023-08-23"
35072;"RR_sup_mv";;"sup_mv";"0";"2023-08-23"
35073;"RR_sup_mv";;"sup_mv";"0";"2023-08-23"
35074;"RR_sup_mv";;"sup_mv";"0";"2023-08-23"
35081;"RR_sup_mv";;"sup_mv";"0";"2023-08-23"
35082;"RR_sup_mv";;"sup_mv";"0";"2023-08-23"
35083;"RR_sup_mv";;"sup_mv";"0";"2023-08-23"
35091;"RR_sup_mv";3.4512577712;"sup_mv";">3";"2023-08-23"
35092;"RR_sup_mv";3.4512577712;"sup_mv";">3";"2023-08-23"
35093;"RR_sup_mv";3.4512577712;"sup_mv";">3";"2023-08-23"
35094;"RR_sup_mv";;"sup_mv";"0";"2023-08-23"
35095;"RR_sup_mv";3.4512577712;"sup_mv";">3";"2023-08-23"
35101;"RR_sup_mv";;"sup_mv";"0";"2023-08-23"
35102;"RR_sup_mv";;"sup_mv";"0";"2023-08-23"
35103;"RR_sup_mv";;"sup_mv";"0";"2023-08-23"
35104;"RR_sup_mv";15.7705840971;"sup_mv";">3";"2023-08-23"
35111;"RR_sup_mv";3.4512577712;"sup_mv";">3";"2023-08-23"
35112;"RR_sup_mv";3.4512577712;"sup_mv";">3";"2023-08-23"
35113;"RR_sup_mv";3.4512577712;"sup_mv";">3";"2023-08-23"
35114;"RR_sup_mv";3.4512577712;"sup_mv";">3";"2023-08-23"
35115;"RR_sup_mv";3.4512577712;"sup_mv";">3";"2023-08-23"
35121;"RR_sup_mv";1.6535989567;"sup_mv";"1.1-2.0";"2023-08-23"
35131;"RR_sup_mv";;"sup_mv";"0";"2023-08-23"
35132;"RR_sup_mv";;"sup_mv";"0";"2023-08-23"
35133;"RR_sup_mv";;"sup_mv";"0";"2023-08-23"
35141;"RR_sup_mv";;"sup_mv";"0";"2023-08-23"
35142;"RR_sup_mv";;"sup_mv";"0";"2023-08-23"
35143;"RR_sup_mv";;"sup_mv";"0";"2023-08-23"
35151;"RR_sup_mv";3.4512577712;"sup_mv";">3";"2023-08-23"
35152;"RR_sup_mv";3.4512577712;"sup_mv";">3";"2023-08-23"
35153;"RR_sup_mv";3.4512577712;"sup_mv";">3";"2023-08-23"
35154;"RR_sup_mv";3.4512577712;"sup_mv";">3";"2023-08-23"
35155;"RR_sup_mv";3.4512577712;"sup_mv";">3";"2023-08-23"
35156;"RR_sup_mv";3.4512577712;"sup_mv";">3";"2023-08-23"
35157;"RR_sup_mv";3.4512577712;"sup_mv";">3";"2023-08-23"
35161;"RR_sup_mv";1.6535989567;"sup_mv";"1.1-2.0";"2023-08-23"
35162;"RR_sup_mv";1.6535989567;"sup_mv";"1.1-2.0";"2023-08-23"
35163;"RR_sup_mv";;"sup_mv";"0";"2023-08-23"
35171;"RR_sup_mv";;"sup_mv";"0";"2023-08-23"
35172;"RR_sup_mv";;"sup_mv";"0";"2023-08-23"
35173;"RR_sup_mv";;"sup_mv";"0";"2023-08-23"
35174;"RR_sup_mv";;"sup_mv";"0";"2023-08-23"
35011;"RR_sup";;"sup";"0";"2023-07-19"
35012;"RR_sup";;"sup";"0";"2023-07-19"
35013;"RR_sup";;"sup";"0";"2023-07-19"
35014;"RR_sup";;"sup";"0";"2023-07-19"
35015;"RR_sup";;"sup";"0";"2023-07-19"
35016;"RR_sup";;"sup";"0";"2023-07-19"
35021;"RR_sup";;"sup";"0";"2023-07-19"
35022;"RR_sup";;"sup";"0";"2023-07-19"
35023;"RR_sup";;"sup";"0";"2023-07-19"
35031;"RR_sup";;"sup";"0";"2023-07-19"
35032;"RR_sup";2.798458402;"sup";"2.0-3.0";"2023-07-19"
35033;"RR_sup";2.798458402;"sup";"2.0-3.0";"2023-07-19"
35034;"RR_sup";;"sup";"0";"2023-07-19"
35041;"RR_sup";;"sup";"0";"2023-07-19"
35051;"RR_sup";;"sup";"0";"2023-07-19"
35052;"RR_sup";;"sup";"0";"2023-07-19"
35061;"RR_sup";;"sup";"0";"2023-07-19"
35062;"RR_sup";;"sup";"0";"2023-07-19"
35063;"RR_sup";4.134457165;"sup";">3";"2023-07-19"
35064;"RR_sup";;"sup";"0";"2023-07-19"
35065;"RR_sup";;"sup";"0";"2023-07-19"
35071;"RR_sup";;"sup";"0";"2023-07-19"
35072;"RR_sup";;"sup";"0";"2023-07-19"
35073;"RR_sup";;"sup";"0";"2023-07-19"
35074;"RR_sup";5.2299976942;"sup";">3";"2023-07-19"
35081;"RR_sup";;"sup";"0";"2023-07-19"
35082;"RR_sup";;"sup";"0";"2023-07-19"
35083;"RR_sup";;"sup";"0";"2023-07-19"
35091;"RR_sup";2.8055835713;"sup";"2.0-3.0";"2023-07-19"
35092;"RR_sup";3.2096413466;"sup";">3";"2023-07-19"
35093;"RR_sup";3.2096413466;"sup";">3";"2023-07-19"
35094;"RR_sup";3.2096413466;"sup";">3";"2023-07-19"
35095;"RR_sup";3.2096413466;"sup";">3";"2023-07-19"
35101;"RR_sup";;"sup";"0";"2023-07-19"
35102;"RR_sup";;"sup";"0";"2023-07-19"
35103;"RR_sup";;"sup";"0";"2023-07-19"
35104;"RR_sup";;"sup";"0";"2023-07-19"
35111;"RR_sup";2.8055835713;"sup";"2.0-3.0";"2023-07-19"
35112;"RR_sup";;"sup";"0";"2023-07-19"
35113;"RR_sup";3.2096413466;"sup";">3";"2023-07-19"
35114;"RR_sup";2.8055835713;"sup";"2.0-3.0";"2023-07-19"
35115;"RR_sup";;"sup";"0";"2023-07-19"
35121;"RR_sup";2.5038492963;"sup";"2.0-3.0";"2023-07-19"
35131;"RR_sup";;"sup";"0";"2023-07-19"
35132;"RR_sup";1.5565486692;"sup";"1.1-2.0";"2023-07-19"
35133;"RR_sup";1.5565486692;"sup";"1.1-2.0";"2023-07-19"
35141;"RR_sup";;"sup";"0";"2023-07-19"
35142;"RR_sup";;"sup";"0";"2023-07-19"
35143;"RR_sup";;"sup";"0";"2023-07-19"
35151;"RR_sup";2.798458402;"sup";"2.0-3.0";"2023-07-19"
35152;"RR_sup";2.2933119785;"sup";"2.0-3.0";"2023-07-19"
35153;"RR_sup";2.2933119785;"sup";"2.0-3.0";"2023-07-19"
35154;"RR_sup";2.2933119785;"sup";"2.0-3.0";"2023-07-19"
35155;"RR_sup";2.2933119785;"sup";"2.0-3.0";"2023-07-19"
35156;"RR_sup";2.2933119785;"sup";"2.0-3.0";"2023-07-19"
35157;"RR_sup";2.2933119785;"sup";"2.0-3.0";"2023-07-19"
35161;"RR_sup";;"sup";"0";"2023-07-19"
35162;"RR_sup";;"sup";"0";"2023-07-19"
35163;"RR_sup";;"sup";"0";"2023-07-19"
35171;"RR_sup";;"sup";"0";"2023-07-19"
35172;"RR_sup";;"sup";"0";"2023-07-19"
35173;"RR_sup";;"sup";"0";"2023-07-19"
35174;"RR_sup";;"sup";"0";"2023-07-19"
35011;"RR_sup_mv";;"sup_mv";"0";"2023-07-19"
35012;"RR_sup_mv";;"sup_mv";"0";"2023-07-19"
35013;"RR_sup_mv";;"sup_mv";"0";"2023-07-19"
35014;"RR_sup_mv";;"sup_mv";"0";"2023-07-19"
35015;"RR_sup_mv";;"sup_mv";"0";"2023-07-19"
35016;"RR_sup_mv";;"sup_mv";"0";"2023-07-19"
35021;"RR_sup_mv";2.122429851;"sup_mv";"2.0-3.0";"2023-07-19"
35022;"RR_sup_mv";2.122429851;"sup_mv";"2.0-3.0";"2023-07-19"
35023;"RR_sup_mv";2.122429851;"sup_mv";"2.0-3.0";"2023-07-19"
35031;"RR_sup_mv";;"sup_mv";"0";"2023-07-19"
35032;"RR_sup_mv";;"sup_mv";"0";"2023-07-19"
35033;"RR_sup_mv";;"sup_mv";"0";"2023-07-19"
35034;"RR_sup_mv";;"sup_mv";"0";"2023-07-19"
35041;"RR_sup_mv";;"sup_mv";"0";"2023-07-19"
35051;"RR_sup_mv";;"sup_mv";"0";"2023-07-19"
35052;"RR_sup_mv";;"sup_mv";"0";"2023-07-19"
35061;"RR_sup_mv";;"sup_mv";"0";"2023-07-19"
35062;"RR_sup_mv";;"sup_mv";"0";"2023-07-19"
35063;"RR_sup_mv";3.6887909884;"sup_mv";">3";"2023-07-19"
35064;"RR_sup_mv";;"sup_mv";"0";"2023-07-19"
35065;"RR_sup_mv";2.122429851;"sup_mv";"2.0-3.0";"2023-07-19"
35071;"RR_sup_mv";;"sup_mv";"0";"2023-07-19"
35072;"RR_sup_mv";;"sup_mv";"0";"2023-07-19"
35073;"RR_sup_mv";;"sup_mv";"0";"2023-07-19"
35074;"RR_sup_mv";4.0921206201;"sup_mv";">3";"2023-07-19"
35081;"RR_sup_mv";;"sup_mv";"0";"2023-07-19"
35082;"RR_sup_mv";;"sup_mv";"0";"2023-07-19"
35083;"RR_sup_mv";;"sup_mv";"0";"2023-07-19"
35091;"RR_sup_mv";2.122429851;"sup_mv";"2.0-3.0";"2023-07-19"
35092;"RR_sup_mv";2.122429851;"sup_mv";"2.0-3.0";"2023-07-19"
35093;"RR_sup_mv";2.122429851;"sup_mv";"2.0-3.0";"2023-07-19"
35094;"RR_sup_mv";2.122429851;"sup_mv";"2.0-3.0";"2023-07-19"
35095;"RR_sup_mv";2.122429851;"sup_mv";"2.0-3.0";"2023-07-19"
35101;"RR_sup_mv";;"sup_mv";"0";"2023-07-19"
35102;"RR_sup_mv";;"sup_mv";"0";"2023-07-19"
35103;"RR_sup_mv";;"sup_mv";"0";"2023-07-19"
35104;"RR_sup_mv";;"sup_mv";"0";"2023-07-19"
35111;"RR_sup_mv";2.122429851;"sup_mv";"2.0-3.0";"2023-07-19"
35112;"RR_sup_mv";2.122429851;"sup_mv";"2.0-3.0";"2023-07-19"
35113;"RR_sup_mv";2.122429851;"sup_mv";"2.0-3.0";"2023-07-19"
35114;"RR_sup_mv";2.122429851;"sup_mv";"2.0-3.0";"2023-07-19"
35115;"RR_sup_mv";2.122429851;"sup_mv";"2.0-3.0";"2023-07-19"
35121;"RR_sup_mv";;"sup_mv";"0";"2023-07-19"
35131;"RR_sup_mv";;"sup_mv";"0";"2023-07-19"
35132;"RR_sup_mv";;"sup_mv";"0";"2023-07-19"
35133;"RR_sup_mv";;"sup_mv";"0";"2023-07-19"
35141;"RR_sup_mv";;"sup_mv";"0";"2023-07-19"
35142;"RR_sup_mv";;"sup_mv";"0";"2023-07-19"
35143;"RR_sup_mv";;"sup_mv";"0";"2023-07-19"
35151;"RR_sup_mv";2.122429851;"sup_mv";"2.0-3.0";"2023-07-19"
35152;"RR_sup_mv";2.122429851;"sup_mv";"2.0-3.0";"2023-07-19"
35153;"RR_sup_mv";2.122429851;"sup_mv";"2.0-3.0";"2023-07-19"
35154;"RR_sup_mv";2.122429851;"sup_mv";"2.0-3.0";"2023-07-19"
35155;"RR_sup_mv";2.122429851;"sup_mv";"2.0-3.0";"2023-07-19"
35156;"RR_sup_mv";2.122429851;"sup_mv";"2.0-3.0";"2023-07-19"
35157;"RR_sup_mv";2.122429851;"sup_mv";"2.0-3.0";"2023-07-19"
35161;"RR_sup_mv";;"sup_mv";"0";"2023-07-19"
35162;"RR_sup_mv";;"sup_mv";"0";"2023-07-19"
35163;"RR_sup_mv";;"sup_mv";"0";"2023-07-19"
35171;"RR_sup_mv";;"sup_mv";"0";"2023-07-19"
35172;"RR_sup_mv";;"sup_mv";"0";"2023-07-19"
35173;"RR_sup_mv";;"sup_mv";"0";"2023-07-19"
35174;"RR_sup_mv";;"sup_mv";"0";"2023-07-19"
35011;"RR_sup";;"sup";"0";"2023-07-04"
35012;"RR_sup";;"sup";"0";"2023-07-04"
35013;"RR_sup";;"sup";"0";"2023-07-04"
35014;"RR_sup";;"sup";"0";"2023-07-04"
35015;"RR_sup";;"sup";"0";"2023-07-04"
35016;"RR_sup";;"sup";"0";"2023-07-04"
35021;"RR_sup";2.6096116498;"sup";"2.0-3.0";"2023-07-04"
35022;"RR_sup";2.6096116498;"sup";"2.0-3.0";"2023-07-04"
35023;"RR_sup";2.6096116498;"sup";"2.0-3.0";"2023-07-04"
35031;"RR_sup";;"sup";"0";"2023-07-04"
35032;"RR_sup";2.6096116498;"sup";"2.0-3.0";"2023-07-04"
35033;"RR_sup";2.6096116498;"sup";"2.0-3.0";"2023-07-04"
35034;"RR_sup";;"sup";"0";"2023-07-04"
35041;"RR_sup";;"sup";"0";"2023-07-04"
35051;"RR_sup";;"sup";"0";"2023-07-04"
35052;"RR_sup";;"sup";"0";"2023-07-04"
35061;"RR_sup";2.6096116498;"sup";"2.0-3.0";"2023-07-04"
35062;"RR_sup";2.6096116498;"sup";"2.0-3.0";"2023-07-04"
35063;"RR_sup";2.6096116498;"sup";"2.0-3.0";"2023-07-04"
35064;"RR_sup";2.6096116498;"sup";"2.0-3.0";"2023-07-04"
35065;"RR_sup";2.6096116498;"sup";"2.0-3.0";"2023-07-04"
35071;"RR_sup";2.16483794;"sup";"2.0-3.0";"2023-07-04"
35072;"RR_sup";;"sup";"0";"2023-07-04"
35073;"RR_sup";;"sup";"0";"2023-07-04"
35074;"RR_sup";2.16483794;"sup";"2.0-3.0";"2023-07-04"
35081;"RR_sup";;"sup";"0";"2023-07-04"
35082;"RR_sup";;"sup";"0";"2023-07-04"
35083;"RR_sup";;"sup";"0";"2023-07-04"
35091;"RR_sup";2.6096116498;"sup";"2.0-3.0";"2023-07-04"
35092;"RR_sup";2.6096116498;"sup";"2.0-3.0";"2023-07-04"
35093;"RR_sup";2.6096116498;"sup";"2.0-3.0";"2023-07-04"
35094;"RR_sup";2.6096116498;"sup";"2.0-3.0";"2023-07-04"
35095;"RR_sup";2.6096116498;"sup";"2.0-3.0";"2023-07-04"
35101;"RR_sup";;"sup";"0";"2023-07-04"
35102;"RR_sup";;"sup";"0";"2023-07-04"
35103;"RR_sup";;"sup";"0";"2023-07-04"
35104;"RR_sup";;"sup";"0";"2023-07-04"
35111;"RR_sup";2.6096116498;"sup";"2.0-3.0";"2023-07-04"
35112;"RR_sup";2.6096116498;"sup";"2.0-3.0";"2023-07-04"
35113;"RR_sup";2.6096116498;"sup";"2.0-3.0";"2023-07-04"
35114;"RR_sup";2.6096116498;"sup";"2.0-3.0";"2023-07-04"
35115;"RR_sup";2.6096116498;"sup";"2.0-3.0";"2023-07-04"
35121;"RR_sup";;"sup";"0";"2023-07-04"
35131;"RR_sup";;"sup";"0";"2023-07-04"
35132;"RR_sup";;"sup";"0";"2023-07-04"
35133;"RR_sup";;"sup";"0";"2023-07-04"
35141;"RR_sup";;"sup";"0";"2023-07-04"
35142;"RR_sup";;"sup";"0";"2023-07-04"
35143;"RR_sup";;"sup";"0";"2023-07-04"
35151;"RR_sup";2.6096116498;"sup";"2.0-3.0";"2023-07-04"
35152;"RR_sup";2.6096116498;"sup";"2.0-3.0";"2023-07-04"
35153;"RR_sup";2.6096116498;"sup";"2.0-3.0";"2023-07-04"
35154;"RR_sup";2.6096116498;"sup";"2.0-3.0";"2023-07-04"
35155;"RR_sup";2.6096116498;"sup";"2.0-3.0";"2023-07-04"
35156;"RR_sup";2.6096116498;"sup";"2.0-3.0";"2023-07-04"
35157;"RR_sup";2.6096116498;"sup";"2.0-3.0";"2023-07-04"
35161;"RR_sup";;"sup";"0";"2023-07-04"
35162;"RR_sup";2.6096116498;"sup";"2.0-3.0";"2023-07-04"
35163;"RR_sup";;"sup";"0";"2023-07-04"
35171;"RR_sup";;"sup";"0";"2023-07-04"
35172;"RR_sup";;"sup";"0";"2023-07-04"
35173;"RR_sup";1.5925765642;"sup";"1.1-2.0";"2023-07-04"
35174;"RR_sup";1.5925765642;"sup";"1.1-2.0";"2023-07-04"
35011;"RR_sup_mv";;"sup_mv";"0";"2023-07-04"
35012;"RR_sup_mv";;"sup_mv";"0";"2023-07-04"
35013;"RR_sup_mv";;"sup_mv";"0";"2023-07-04"
35014;"RR_sup_mv";;"sup_mv";"0";"2023-07-04"
35015;"RR_sup_mv";;"sup_mv";"0";"2023-07-04"
35016;"RR_sup_mv";;"sup_mv";"0";"2023-07-04"
35021;"RR_sup_mv";2.1497238292;"sup_mv";"2.0-3.0";"2023-07-04"
35022;"RR_sup_mv";2.1497238292;"sup_mv";"2.0-3.0";"2023-07-04"
35023;"RR_sup_mv";2.1497238292;"sup_mv";"2.0-3.0";"2023-07-04"
35031;"RR_sup_mv";;"sup_mv";"0";"2023-07-04"
35032;"RR_sup_mv";2.1497238292;"sup_mv";"2.0-3.0";"2023-07-04"
35033;"RR_sup_mv";2.1497238292;"sup_mv";"2.0-3.0";"2023-07-04"
35034;"RR_sup_mv";;"sup_mv";"0";"2023-07-04"
35041;"RR_sup_mv";;"sup_mv";"0";"2023-07-04"
35051;"RR_sup_mv";;"sup_mv";"0";"2023-07-04"
35052;"RR_sup_mv";;"sup_mv";"0";"2023-07-04"
35061;"RR_sup_mv";2.1497238292;"sup_mv";"2.0-3.0";"2023-07-04"
35062;"RR_sup_mv";2.1497238292;"sup_mv";"2.0-3.0";"2023-07-04"
35063;"RR_sup_mv";2.1497238292;"sup_mv";"2.0-3.0";"2023-07-04"
35064;"RR_sup_mv";2.1497238292;"sup_mv";"2.0-3.0";"2023-07-04"
35065;"RR_sup_mv";2.1497238292;"sup_mv";"2.0-3.0";"2023-07-04"
35071;"RR_sup_mv";;"sup_mv";"0";"2023-07-04"
35072;"RR_sup_mv";;"sup_mv";"0";"2023-07-04"
35073;"RR_sup_mv";;"sup_mv";"0";"2023-07-04"
35074;"RR_sup_mv";;"sup_mv";"0";"2023-07-04"
35081;"RR_sup_mv";;"sup_mv";"0";"2023-07-04"
35082;"RR_sup_mv";;"sup_mv";"0";"2023-07-04"
35083;"RR_sup_mv";;"sup_mv";"0";"2023-07-04"
35091;"RR_sup_mv";2.1497238292;"sup_mv";"2.0-3.0";"2023-07-04"
35092;"RR_sup_mv";2.1497238292;"sup_mv";"2.0-3.0";"2023-07-04"
35093;"RR_sup_mv";2.1497238292;"sup_mv";"2.0-3.0";"2023-07-04"
35094;"RR_sup_mv";2.1497238292;"sup_mv";"2.0-3.0";"2023-07-04"
35095;"RR_sup_mv";2.1497238292;"sup_mv";"2.0-3.0";"2023-07-04"
35101;"RR_sup_mv";;"sup_mv";"0";"2023-07-04"
35102;"RR_sup_mv";;"sup_mv";"0";"2023-07-04"
35103;"RR_sup_mv";;"sup_mv";"0";"2023-07-04"
35104;"RR_sup_mv";;"sup_mv";"0";"2023-07-04"
35111;"RR_sup_mv";2.1497238292;"sup_mv";"2.0-3.0";"2023-07-04"
35112;"RR_sup_mv";2.1497238292;"sup_mv";"2.0-3.0";"2023-07-04"
35113;"RR_sup_mv";2.1497238292;"sup_mv";"2.0-3.0";"2023-07-04"
35114;"RR_sup_mv";2.1497238292;"sup_mv";"2.0-3.0";"2023-07-04"
35115;"RR_sup_mv";2.1497238292;"sup_mv";"2.0-3.0";"2023-07-04"
35121;"RR_sup_mv";;"sup_mv";"0";"2023-07-04"
35131;"RR_sup_mv";;"sup_mv";"0";"2023-07-04"
35132;"RR_sup_mv";;"sup_mv";"0";"2023-07-04"
35133;"RR_sup_mv";;"sup_mv";"0";"2023-07-04"
35141;"RR_sup_mv";;"sup_mv";"0";"2023-07-04"
35142;"RR_sup_mv";;"sup_mv";"0";"2023-07-04"
35143;"RR_sup_mv";;"sup_mv";"0";"2023-07-04"
35151;"RR_sup_mv";2.1497238292;"sup_mv";"2.0-3.0";"2023-07-04"
35152;"RR_sup_mv";2.1497238292;"sup_mv";"2.0-3.0";"2023-07-04"
35153;"RR_sup_mv";2.1497238292;"sup_mv";"2.0-3.0";"2023-07-04"
35154;"RR_sup_mv";2.1497238292;"sup_mv";"2.0-3.0";"2023-07-04"
35155;"RR_sup_mv";2.1497238292;"sup_mv";"2.0-3.0";"2023-07-04"
35156;"RR_sup_mv";2.1497238292;"sup_mv";"2.0-3.0";"2023-07-04"
35157;"RR_sup_mv";2.1497238292;"sup_mv";"2.0-3.0";"2023-07-04"
35161;"RR_sup_mv";;"sup_mv";"0";"2023-07-04"
35162;"RR_sup_mv";;"sup_mv";"0";"2023-07-04"
35163;"RR_sup_mv";;"sup_mv";"0";"2023-07-04"
35171;"RR_sup_mv";;"sup_mv";"0";"2023-07-04"
35172;"RR_sup_mv";;"sup_mv";"0";"2023-07-04"
35173;"RR_sup_mv";;"sup_mv";"0";"2023-07-04"
35174;"RR_sup_mv";;"sup_mv";"0";"2023-07-04"
35011;"RR_sup";;"sup";"0";"2023-06-20"
35012;"RR_sup";;"sup";"0";"2023-06-20"
35013;"RR_sup";;"sup";"0";"2023-06-20"
35014;"RR_sup";;"sup";"0";"2023-06-20"
35015;"RR_sup";;"sup";"0";"2023-06-20"
35016;"RR_sup";;"sup";"0";"2023-06-20"
35021;"RR_sup";;"sup";"0";"2023-06-20"
35022;"RR_sup";;"sup";"0";"2023-06-20"
35023;"RR_sup";;"sup";"0";"2023-06-20"
35031;"RR_sup";;"sup";"0";"2023-06-20"
35032;"RR_sup";9.5822449859;"sup";">3";"2023-06-20"
35033;"RR_sup";;"sup";"0";"2023-06-20"
35034;"RR_sup";;"sup";"0";"2023-06-20"
35041;"RR_sup";;"sup";"0";"2023-06-20"
35051;"RR_sup";;"sup";"0";"2023-06-20"
35052;"RR_sup";;"sup";"0";"2023-06-20"
35061;"RR_sup";2.3362816883;"sup";"2.0-3.0";"2023-06-20"
35062;"RR_sup";;"sup";"0";"2023-06-20"
35063;"RR_sup";4.3632282511;"sup";">3";"2023-06-20"
35064;"RR_sup";;"sup";"0";"2023-06-20"
35065;"RR_sup";7.3016499156;"sup";">3";"2023-06-20"
35071;"RR_sup";;"sup";"0";"2023-06-20"
35072;"RR_sup";;"sup";"0";"2023-06-20"
35073;"RR_sup";;"sup";"0";"2023-06-20"
35074;"RR_sup";2.4026600134;"sup";"2.0-3.0";"2023-06-20"
35081;"RR_sup";;"sup";"0";"2023-06-20"
35082;"RR_sup";6.6540502926;"sup";">3";"2023-06-20"
35083;"RR_sup";6.6540502926;"sup";">3";"2023-06-20"
35091;"RR_sup";6.3573257;"sup";">3";"2023-06-20"
35092;"RR_sup";;"sup";"0";"2023-06-20"
35093;"RR_sup";;"sup";"0";"2023-06-20"
35094;"RR_sup";2.3362816883;"sup";"2.0-3.0";"2023-06-20"
35095;"RR_sup";;"sup";"0";"2023-06-20"
35101;"RR_sup";1.7230504694;"sup";"1.1-2.0";"2023-06-20"
35102;"RR_sup";;"sup";"0";"2023-06-20"
35103;"RR_sup";1.5988628015;"sup";"1.1-2.0";"2023-06-20"
35104;"RR_sup";;"sup";"0";"2023-06-20"
35111;"RR_sup";6.3573257;"sup";">3";"2023-06-20"
35112;"RR_sup";6.3573257;"sup";">3";"2023-06-20"
35113;"RR_sup";6.3573257;"sup";">3";"2023-06-20"
35114;"RR_sup";6.3573257;"sup";">3";"2023-06-20"
35115;"RR_sup";6.3573257;"sup";">3";"2023-06-20"
35121;"RR_sup";;"sup";"0";"2023-06-20"
35131;"RR_sup";;"sup";"0";"2023-06-20"
35132;"RR_sup";;"sup";"0";"2023-06-20"
35133;"RR_sup";;"sup";"0";"2023-06-20"
35141;"RR_sup";2.4026600134;"sup";"2.0-3.0";"2023-06-20"
35142;"RR_sup";1.7230504694;"sup";"1.1-2.0";"2023-06-20"
35143;"RR_sup";1.7230504694;"sup";"1.1-2.0";"2023-06-20"
35151;"RR_sup";;"sup";"0";"2023-06-20"
35152;"RR_sup";11.6338051842;"sup";">3";"2023-06-20"
35153;"RR_sup";;"sup";"0";"2023-06-20"
35154;"RR_sup";2.2435934891;"sup";"2.0-3.0";"2023-06-20"
35155;"RR_sup";1.9238019674;"sup";"1.1-2.0";"2023-06-20"
35156;"RR_sup";1.9238019674;"sup";"1.1-2.0";"2023-06-20"
35157;"RR_sup";2.2435934891;"sup";"2.0-3.0";"2023-06-20"
35161;"RR_sup";;"sup";"0";"2023-06-20"
35162;"RR_sup";7.8343181784;"sup";">3";"2023-06-20"
35163;"RR_sup";;"sup";"0";"2023-06-20"
35171;"RR_sup";;"sup";"0";"2023-06-20"
35172;"RR_sup";;"sup";"0";"2023-06-20"
35173;"RR_sup";2.2296326484;"sup";"2.0-3.0";"2023-06-20"
35174;"RR_sup";;"sup";"0";"2023-06-20"
35011;"RR_sup_mv";;"sup_mv";"0";"2023-06-20"
35012;"RR_sup_mv";;"sup_mv";"0";"2023-06-20"
35013;"RR_sup_mv";;"sup_mv";"0";"2023-06-20"
35014;"RR_sup_mv";;"sup_mv";"0";"2023-06-20"
35015;"RR_sup_mv";;"sup_mv";"0";"2023-06-20"
35016;"RR_sup_mv";;"sup_mv";"0";"2023-06-20"
35021;"RR_sup_mv";2.4823636721;"sup_mv";"2.0-3.0";"2023-06-20"
35022;"RR_sup_mv";2.4823636721;"sup_mv";"2.0-3.0";"2023-06-20"
35023;"RR_sup_mv";2.4823636721;"sup_mv";"2.0-3.0";"2023-06-20"
35031;"RR_sup_mv";;"sup_mv";"0";"2023-06-20"
35032;"RR_sup_mv";2.4823636721;"sup_mv";"2.0-3.0";"2023-06-20"
35033;"RR_sup_mv";2.4823636721;"sup_mv";"2.0-3.0";"2023-06-20"
35034;"RR_sup_mv";;"sup_mv";"0";"2023-06-20"
35041;"RR_sup_mv";;"sup_mv";"0";"2023-06-20"
35051;"RR_sup_mv";;"sup_mv";"0";"2023-06-20"
35052;"RR_sup_mv";;"sup_mv";"0";"2023-06-20"
35061;"RR_sup_mv";2.4823636721;"sup_mv";"2.0-3.0";"2023-06-20"
35062;"RR_sup_mv";2.4823636721;"sup_mv";"2.0-3.0";"2023-06-20"
35063;"RR_sup_mv";2.4823636721;"sup_mv";"2.0-3.0";"2023-06-20"
35064;"RR_sup_mv";2.4823636721;"sup_mv";"2.0-3.0";"2023-06-20"
35065;"RR_sup_mv";2.4823636721;"sup_mv";"2.0-3.0";"2023-06-20"
35071;"RR_sup_mv";;"sup_mv";"0";"2023-06-20"
35072;"RR_sup_mv";;"sup_mv";"0";"2023-06-20"
35073;"RR_sup_mv";;"sup_mv";"0";"2023-06-20"
35074;"RR_sup_mv";1.5861766935;"sup_mv";"1.1-2.0";"2023-06-20"
35081;"RR_sup_mv";;"sup_mv";"0";"2023-06-20"
35082;"RR_sup_mv";4.5910142703;"sup_mv";">3";"2023-06-20"
35083;"RR_sup_mv";4.5910142703;"sup_mv";">3";"2023-06-20"
35091;"RR_sup_mv";2.4823636721;"sup_mv";"2.0-3.0";"2023-06-20"
35092;"RR_sup_mv";2.4823636721;"sup_mv";"2.0-3.0";"2023-06-20"
35093;"RR_sup_mv";2.4823636721;"sup_mv";"2.0-3.0";"2023-06-20"
35094;"RR_sup_mv";2.4823636721;"sup_mv";"2.0-3.0";"2023-06-20"
35095;"RR_sup_mv";2.4823636721;"sup_mv";"2.0-3.0";"2023-06-20"
35101;"RR_sup_mv";;"sup_mv";"0";"2023-06-20"
35102;"RR_sup_mv";;"sup_mv";"0";"2023-06-20"
35103;"RR_sup_mv";;"sup_mv";"0";"2023-06-20"
35104;"RR_sup_mv";;"sup_mv";"0";"2023-06-20"
35111;"RR_sup_mv";2.4823636721;"sup_mv";"2.0-3.0";"2023-06-20"
35112;"RR_sup_mv";2.4823636721;"sup_mv";"2.0-3.0";"2023-06-20"
35113;"RR_sup_mv";2.4823636721;"sup_mv";"2.0-3.0";"2023-06-20"
35114;"RR_sup_mv";2.4823636721;"sup_mv";"2.0-3.0";"2023-06-20"
35115;"RR_sup_mv";2.4823636721;"sup_mv";"2.0-3.0";"2023-06-20"
35121;"RR_sup_mv";;"sup_mv";"0";"2023-06-20"
35131;"RR_sup_mv";;"sup_mv";"0";"2023-06-20"
35132;"RR_sup_mv";;"sup_mv";"0";"2023-06-20"
35133;"RR_sup_mv";;"sup_mv";"0";"2023-06-20"
35141;"RR_sup_mv";1.5861766935;"sup_mv";"1.1-2.0";"2023-06-20"
35142;"RR_sup_mv";1.5861766935;"sup_mv";"1.1-2.0";"2023-06-20"
35143;"RR_sup_mv";;"sup_mv";"0";"2023-06-20"
35151;"RR_sup_mv";2.4823636721;"sup_mv";"2.0-3.0";"2023-06-20"
35152;"RR_sup_mv";2.4823636721;"sup_mv";"2.0-3.0";"2023-06-20"
35153;"RR_sup_mv";2.4823636721;"sup_mv";"2.0-3.0";"2023-06-20"
35154;"RR_sup_mv";2.4823636721;"sup_mv";"2.0-3.0";"2023-06-20"
35155;"RR_sup_mv";2.4823636721;"sup_mv";"2.0-3.0";"2023-06-20"
35156;"RR_sup_mv";2.4823636721;"sup_mv";"2.0-3.0";"2023-06-20"
35157;"RR_sup_mv";2.4823636721;"sup_mv";"2.0-3.0";"2023-06-20"
35161;"RR_sup_mv";;"sup_mv";"0";"2023-06-20"
35162;"RR_sup_mv";2.4823636721;"sup_mv";"2.0-3.0";"2023-06-20"
35163;"RR_sup_mv";;"sup_mv";"0";"2023-06-20"
35171;"RR_sup_mv";;"sup_mv";"0";"2023-06-20"
35172;"RR_sup_mv";;"sup_mv";"0";"2023-06-20"
35173;"RR_sup_mv";;"sup_mv";"0";"2023-06-20"
35174;"RR_sup_mv";;"sup_mv";"0";"2023-06-20"
35011;"RR_sup";;"sup";"0";"2023-06-14"
35012;"RR_sup";;"sup";"0";"2023-06-14"
35013;"RR_sup";;"sup";"0";"2023-06-14"
35014;"RR_sup";;"sup";"0";"2023-06-14"
35015;"RR_sup";;"sup";"0";"2023-06-14"
35016;"RR_sup";;"sup";"0";"2023-06-14"
35021;"RR_sup";;"sup";"0";"2023-06-14"
35022;"RR_sup";2.573529393;"sup";"2.0-3.0";"2023-06-14"
35023;"RR_sup";;"sup";"0";"2023-06-14"
35031;"RR_sup";;"sup";"0";"2023-06-14"
35032;"RR_sup";2.1982154983;"sup";"2.0-3.0";"2023-06-14"
35033;"RR_sup";2.1982154983;"sup";"2.0-3.0";"2023-06-14"
35034;"RR_sup";;"sup";"0";"2023-06-14"
35041;"RR_sup";;"sup";"0";"2023-06-14"
35051;"RR_sup";;"sup";"0";"2023-06-14"
35052;"RR_sup";2.1982154983;"sup";"2.0-3.0";"2023-06-14"
35061;"RR_sup";;"sup";"0";"2023-06-14"
35062;"RR_sup";;"sup";"0";"2023-06-14"
35063;"RR_sup";4.189221926;"sup";">3";"2023-06-14"
35064;"RR_sup";;"sup";"0";"2023-06-14"
35065;"RR_sup";2.1982154983;"sup";"2.0-3.0";"2023-06-14"
35071;"RR_sup";;"sup";"0";"2023-06-14"
35072;"RR_sup";;"sup";"0";"2023-06-14"
35073;"RR_sup";;"sup";"0";"2023-06-14"
35074;"RR_sup";2.3681778465;"sup";"2.0-3.0";"2023-06-14"
35081;"RR_sup";;"sup";"0";"2023-06-14"
35082;"RR_sup";;"sup";"0";"2023-06-14"
35083;"RR_sup";19.1558946083;"sup";">3";"2023-06-14"
35091;"RR_sup";7.6974203088;"sup";">3";"2023-06-14"
35092;"RR_sup";;"sup";"0";"2023-06-14"
35093;"RR_sup";;"sup";"0";"2023-06-14"
35094;"RR_sup";;"sup";"0";"2023-06-14"
35095;"RR_sup";7.6974203088;"sup";">3";"2023-06-14"
35101;"RR_sup";2.3681778465;"sup";"2.0-3.0";"2023-06-14"
35102;"RR_sup";;"sup";"0";"2023-06-14"
35103;"RR_sup";;"sup";"0";"2023-06-14"
35104;"RR_sup";;"sup";"0";"2023-06-14"
35111;"RR_sup";7.6974203088;"sup";">3";"2023-06-14"
35112;"RR_sup";7.6974203088;"sup";">3";"2023-06-14"
35113;"RR_sup";7.6974203088;"sup";">3";"2023-06-14"
35114;"RR_sup";7.6974203088;"sup";">3";"2023-06-14"
35115;"RR_sup";7.6974203088;"sup";">3";"2023-06-14"
35121;"RR_sup";;"sup";"0";"2023-06-14"
35131;"RR_sup";;"sup";"0";"2023-06-14"
35132;"RR_sup";;"sup";"0";"2023-06-14"
35133;"RR_sup";;"sup";"0";"2023-06-14"
35141;"RR_sup";2.3681778465;"sup";"2.0-3.0";"2023-06-14"
35142;"RR_sup";2.3681778465;"sup";"2.0-3.0";"2023-06-14"
35143;"RR_sup";2.3681778465;"sup";"2.0-3.0";"2023-06-14"
35151;"RR_sup";2.1982154983;"sup";"2.0-3.0";"2023-06-14"
35152;"RR_sup";2.573529393;"sup";"2.0-3.0";"2023-06-14"
35153;"RR_sup";2.573529393;"sup";"2.0-3.0";"2023-06-14"
35154;"RR_sup";2.573529393;"sup";"2.0-3.0";"2023-06-14"
35155;"RR_sup";2.1982154983;"sup";"2.0-3.0";"2023-06-14"
35156;"RR_sup";2.1982154983;"sup";"2.0-3.0";"2023-06-14"
35157;"RR_sup";2.573529393;"sup";"2.0-3.0";"2023-06-14"
35161;"RR_sup";;"sup";"0";"2023-06-14"
35162;"RR_sup";18.3369990283;"sup";">3";"2023-06-14"
35163;"RR_sup";;"sup";"0";"2023-06-14"
35171;"RR_sup";;"sup";"0";"2023-06-14"
35172;"RR_sup";;"sup";"0";"2023-06-14"
35173;"RR_sup";1.69169944;"sup";"1.1-2.0";"2023-06-14"
35174;"RR_sup";1.69169944;"sup";"1.1-2.0";"2023-06-14"
35011;"RR_sup_mv";;"sup_mv";"0";"2023-06-14"
35012;"RR_sup_mv";;"sup_mv";"0";"2023-06-14"
35013;"RR_sup_mv";;"sup_mv";"0";"2023-06-14"
35014;"RR_sup_mv";;"sup_mv";"0";"2023-06-14"
35015;"RR_sup_mv";;"sup_mv";"0";"2023-06-14"
35016;"RR_sup_mv";;"sup_mv";"0";"2023-06-14"
35021;"RR_sup_mv";2.8201093692;"sup_mv";"2.0-3.0";"2023-06-14"
35022;"RR_sup_mv";2.8201093692;"sup_mv";"2.0-3.0";"2023-06-14"
35023;"RR_sup_mv";2.8201093692;"sup_mv";"2.0-3.0";"2023-06-14"
35031;"RR_sup_mv";;"sup_mv";"0";"2023-06-14"
35032;"RR_sup_mv";2.8201093692;"sup_mv";"2.0-3.0";"2023-06-14"
35033;"RR_sup_mv";2.8201093692;"sup_mv";"2.0-3.0";"2023-06-14"
35034;"RR_sup_mv";;"sup_mv";"0";"2023-06-14"
35041;"RR_sup_mv";;"sup_mv";"0";"2023-06-14"
35051;"RR_sup_mv";;"sup_mv";"0";"2023-06-14"
35052;"RR_sup_mv";;"sup_mv";"0";"2023-06-14"
35061;"RR_sup_mv";2.8201093692;"sup_mv";"2.0-3.0";"2023-06-14"
35062;"RR_sup_mv";2.8201093692;"sup_mv";"2.0-3.0";"2023-06-14"
35063;"RR_sup_mv";2.8201093692;"sup_mv";"2.0-3.0";"2023-06-14"
35064;"RR_sup_mv";2.8201093692;"sup_mv";"2.0-3.0";"2023-06-14"
35065;"RR_sup_mv";2.8201093692;"sup_mv";"2.0-3.0";"2023-06-14"
35071;"RR_sup_mv";;"sup_mv";"0";"2023-06-14"
35072;"RR_sup_mv";;"sup_mv";"0";"2023-06-14"
35073;"RR_sup_mv";;"sup_mv";"0";"2023-06-14"
35074;"RR_sup_mv";1.7486244571;"sup_mv";"1.1-2.0";"2023-06-14"
35081;"RR_sup_mv";;"sup_mv";"0";"2023-06-14"
35082;"RR_sup_mv";;"sup_mv";"0";"2023-06-14"
35083;"RR_sup_mv";13.7433716588;"sup_mv";">3";"2023-06-14"
35091;"RR_sup_mv";2.8201093692;"sup_mv";"2.0-3.0";"2023-06-14"
35092;"RR_sup_mv";2.8201093692;"sup_mv";"2.0-3.0";"2023-06-14"
35093;"RR_sup_mv";2.8201093692;"sup_mv";"2.0-3.0";"2023-06-14"
35094;"RR_sup_mv";2.8201093692;"sup_mv";"2.0-3.0";"2023-06-14"
35095;"RR_sup_mv";2.8201093692;"sup_mv";"2.0-3.0";"2023-06-14"
35101;"RR_sup_mv";1.7486244571;"sup_mv";"1.1-2.0";"2023-06-14"
35102;"RR_sup_mv";;"sup_mv";"0";"2023-06-14"
35103;"RR_sup_mv";;"sup_mv";"0";"2023-06-14"
35104;"RR_sup_mv";;"sup_mv";"0";"2023-06-14"
35111;"RR_sup_mv";2.8201093692;"sup_mv";"2.0-3.0";"2023-06-14"
35112;"RR_sup_mv";2.8201093692;"sup_mv";"2.0-3.0";"2023-06-14"
35113;"RR_sup_mv";2.8201093692;"sup_mv";"2.0-3.0";"2023-06-14"
35114;"RR_sup_mv";2.8201093692;"sup_mv";"2.0-3.0";"2023-06-14"
35115;"RR_sup_mv";2.8201093692;"sup_mv";"2.0-3.0";"2023-06-14"
35121;"RR_sup_mv";;"sup_mv";"0";"2023-06-14"
35131;"RR_sup_mv";;"sup_mv";"0";"2023-06-14"
35132;"RR_sup_mv";;"sup_mv";"0";"2023-06-14"
35133;"RR_sup_mv";;"sup_mv";"0";"2023-06-14"
35141;"RR_sup_mv";1.7486244571;"sup_mv";"1.1-2.0";"2023-06-14"
35142;"RR_sup_mv";1.7486244571;"sup_mv";"1.1-2.0";"2023-06-14"
35143;"RR_sup_mv";1.7486244571;"sup_mv";"1.1-2.0";"2023-06-14"
35151;"RR_sup_mv";2.8201093692;"sup_mv";"2.0-3.0";"2023-06-14"
35152;"RR_sup_mv";2.8201093692;"sup_mv";"2.0-3.0";"2023-06-14"
35153;"RR_sup_mv";2.8201093692;"sup_mv";"2.0-3.0";"2023-06-14"
35154;"RR_sup_mv";2.8201093692;"sup_mv";"2.0-3.0";"2023-06-14"
35155;"RR_sup_mv";2.8201093692;"sup_mv";"2.0-3.0";"2023-06-14"
35156;"RR_sup_mv";2.8201093692;"sup_mv";"2.0-3.0";"2023-06-14"
35157;"RR_sup_mv";2.8201093692;"sup_mv";"2.0-3.0";"2023-06-14"
35161;"RR_sup_mv";;"sup_mv";"0";"2023-06-14"
35162;"RR_sup_mv";2.8201093692;"sup_mv";"2.0-3.0";"2023-06-14"
35163;"RR_sup_mv";;"sup_mv";"0";"2023-06-14"
35171;"RR_sup_mv";;"sup_mv";"0";"2023-06-14"
35172;"RR_sup_mv";;"sup_mv";"0";"2023-06-14"
35173;"RR_sup_mv";;"sup_mv";"0";"2023-06-14"
35174;"RR_sup_mv";;"sup_mv";"0";"2023-06-14"
35011;"RR_sup";;"sup";"0";"2023-06-06"
35012;"RR_sup";;"sup";"0";"2023-06-06"
35013;"RR_sup";;"sup";"0";"2023-06-06"
35014;"RR_sup";;"sup";"0";"2023-06-06"
35015;"RR_sup";;"sup";"0";"2023-06-06"
35016;"RR_sup";;"sup";"0";"2023-06-06"
35021;"RR_sup";;"sup";"0";"2023-06-06"
35022;"RR_sup";;"sup";"0";"2023-06-06"
35023;"RR_sup";;"sup";"0";"2023-06-06"
35031;"RR_sup";;"sup";"0";"2023-06-06"
35032;"RR_sup";2.0957921689;"sup";"2.0-3.0";"2023-06-06"
35033;"RR_sup";2.0957921689;"sup";"2.0-3.0";"2023-06-06"
35034;"RR_sup";;"sup";"0";"2023-06-06"
35041;"RR_sup";;"sup";"0";"2023-06-06"
35051;"RR_sup";;"sup";"0";"2023-06-06"
35052;"RR_sup";2.0957921689;"sup";"2.0-3.0";"2023-06-06"
35061;"RR_sup";;"sup";"0";"2023-06-06"
35062;"RR_sup";;"sup";"0";"2023-06-06"
35063;"RR_sup";2.2737275346;"sup";"2.0-3.0";"2023-06-06"
35064;"RR_sup";;"sup";"0";"2023-06-06"
35065;"RR_sup";2.0957921689;"sup";"2.0-3.0";"2023-06-06"
35071;"RR_sup";;"sup";"0";"2023-06-06"
35072;"RR_sup";;"sup";"0";"2023-06-06"
35073;"RR_sup";;"sup";"0";"2023-06-06"
35074;"RR_sup";;"sup";"0";"2023-06-06"
35081;"RR_sup";;"sup";"0";"2023-06-06"
35082;"RR_sup";;"sup";"0";"2023-06-06"
35083;"RR_sup";102.0891471989;"sup";">3";"2023-06-06"
35091;"RR_sup";4.7078007722;"sup";">3";"2023-06-06"
35092;"RR_sup";4.7078007722;"sup";">3";"2023-06-06"
35093;"RR_sup";4.7078007722;"sup";">3";"2023-06-06"
35094;"RR_sup";;"sup";"0";"2023-06-06"
35095;"RR_sup";4.7078007722;"sup";">3";"2023-06-06"
35101;"RR_sup";;"sup";"0";"2023-06-06"
35102;"RR_sup";2.2737275346;"sup";"2.0-3.0";"2023-06-06"
35103;"RR_sup";2.2737275346;"sup";"2.0-3.0";"2023-06-06"
35104;"RR_sup";2.2737275346;"sup";"2.0-3.0";"2023-06-06"
35111;"RR_sup";4.7078007722;"sup";">3";"2023-06-06"
35112;"RR_sup";4.7078007722;"sup";">3";"2023-06-06"
35113;"RR_sup";4.7078007722;"sup";">3";"2023-06-06"
35114;"RR_sup";4.7078007722;"sup";">3";"2023-06-06"
35115;"RR_sup";;"sup";"0";"2023-06-06"
35121;"RR_sup";2.4258451755;"sup";"2.0-3.0";"2023-06-06"
35131;"RR_sup";1.5222177755;"sup";"1.1-2.0";"2023-06-06"
35132;"RR_sup";1.5222177755;"sup";"1.1-2.0";"2023-06-06"
35133;"RR_sup";1.5222177755;"sup";"1.1-2.0";"2023-06-06"
35141;"RR_sup";;"sup";"0";"2023-06-06"
35142;"RR_sup";;"sup";"0";"2023-06-06"
35143;"RR_sup";;"sup";"0";"2023-06-06"
35151;"RR_sup";2.0957921689;"sup";"2.0-3.0";"2023-06-06"
35152;"RR_sup";2.5660422;"sup";"2.0-3.0";"2023-06-06"
35153;"RR_sup";2.5660422;"sup";"2.0-3.0";"2023-06-06"
35154;"RR_sup";2.5660422;"sup";"2.0-3.0";"2023-06-06"
35155;"RR_sup";2.0957921689;"sup";"2.0-3.0";"2023-06-06"
35156;"RR_sup";2.0957921689;"sup";"2.0-3.0";"2023-06-06"
35157;"RR_sup";;"sup";"0";"2023-06-06"
35161;"RR_sup";;"sup";"0";"2023-06-06"
35162;"RR_sup";;"sup";"0";"2023-06-06"
35163;"RR_sup";;"sup";"0";"2023-06-06"
35171;"RR_sup";;"sup";"0";"2023-06-06"
35172;"RR_sup";;"sup";"0";"2023-06-06"
35173;"RR_sup";;"sup";"0";"2023-06-06"
35174;"RR_sup";;"sup";"0";"2023-06-06"
35011;"RR_sup_mv";;"sup_mv";"0";"2023-06-06"
35012;"RR_sup_mv";;"sup_mv";"0";"2023-06-06"
35013;"RR_sup_mv";;"sup_mv";"0";"2023-06-06"
35014;"RR_sup_mv";;"sup_mv";"0";"2023-06-06"
35015;"RR_sup_mv";;"sup_mv";"0";"2023-06-06"
35016;"RR_sup_mv";;"sup_mv";"0";"2023-06-06"
35021;"RR_sup_mv";;"sup_mv";"0";"2023-06-06"
35022;"RR_sup_mv";;"sup_mv";"0";"2023-06-06"
35023;"RR_sup_mv";;"sup_mv";"0";"2023-06-06"
35031;"RR_sup_mv";;"sup_mv";"0";"2023-06-06"
35032;"RR_sup_mv";1.8017918034;"sup_mv";"1.1-2.0";"2023-06-06"
35033;"RR_sup_mv";1.8017918034;"sup_mv";"1.1-2.0";"2023-06-06"
35034;"RR_sup_mv";;"sup_mv";"0";"2023-06-06"
35041;"RR_sup_mv";;"sup_mv";"0";"2023-06-06"
35051;"RR_sup_mv";;"sup_mv";"0";"2023-06-06"
35052;"RR_sup_mv";1.8017918034;"sup_mv";"1.1-2.0";"2023-06-06"
35061;"RR_sup_mv";;"sup_mv";"0";"2023-06-06"
35062;"RR_sup_mv";;"sup_mv";"0";"2023-06-06"
35063;"RR_sup_mv";2.1301357272;"sup_mv";"2.0-3.0";"2023-06-06"
35064;"RR_sup_mv";;"sup_mv";"0";"2023-06-06"
35065;"RR_sup_mv";1.8017918034;"sup_mv";"1.1-2.0";"2023-06-06"
35071;"RR_sup_mv";;"sup_mv";"0";"2023-06-06"
35072;"RR_sup_mv";;"sup_mv";"0";"2023-06-06"
35073;"RR_sup_mv";;"sup_mv";"0";"2023-06-06"
35074;"RR_sup_mv";;"sup_mv";"0";"2023-06-06"
35081;"RR_sup_mv";;"sup_mv";"0";"2023-06-06"
35082;"RR_sup_mv";;"sup_mv";"0";"2023-06-06"
35083;"RR_sup_mv";63.827932073;"sup_mv";">3";"2023-06-06"
35091;"RR_sup_mv";3.7827602823;"sup_mv";">3";"2023-06-06"
35092;"RR_sup_mv";3.7827602823;"sup_mv";">3";"2023-06-06"
35093;"RR_sup_mv";3.7827602823;"sup_mv";">3";"2023-06-06"
35094;"RR_sup_mv";;"sup_mv";"0";"2023-06-06"
35095;"RR_sup_mv";3.7827602823;"sup_mv";">3";"2023-06-06"
35101;"RR_sup_mv";;"sup_mv";"0";"2023-06-06"
35102;"RR_sup_mv";2.1301357272;"sup_mv";"2.0-3.0";"2023-06-06"
35103;"RR_sup_mv";2.1301357272;"sup_mv";"2.0-3.0";"2023-06-06"
35104;"RR_sup_mv";2.1301357272;"sup_mv";"2.0-3.0";"2023-06-06"
35111;"RR_sup_mv";3.7827602823;"sup_mv";">3";"2023-06-06"
35112;"RR_sup_mv";3.7827602823;"sup_mv";">3";"2023-06-06"
35113;"RR_sup_mv";3.7827602823;"sup_mv";">3";"2023-06-06"
35114;"RR_sup_mv";3.7827602823;"sup_mv";">3";"2023-06-06"
35115;"RR_sup_mv";;"sup_mv";"0";"2023-06-06"
35121;"RR_sup_mv";;"sup_mv";"0";"2023-06-06"
35131;"RR_sup_mv";1.8017918034;"sup_mv";"1.1-2.0";"2023-06-06"
35132;"RR_sup_mv";;"sup_mv";"0";"2023-06-06"
35133;"RR_sup_mv";;"sup_mv";"0";"2023-06-06"
35141;"RR_sup_mv";;"sup_mv";"0";"2023-06-06"
35142;"RR_sup_mv";;"sup_mv";"0";"2023-06-06"
35143;"RR_sup_mv";;"sup_mv";"0";"2023-06-06"
35151;"RR_sup_mv";1.8017918034;"sup_mv";"1.1-2.0";"2023-06-06"
35152;"RR_sup_mv";;"sup_mv";"0";"2023-06-06"
35153;"RR_sup_mv";;"sup_mv";"0";"2023-06-06"
35154;"RR_sup_mv";;"sup_mv";"0";"2023-06-06"
35155;"RR_sup_mv";1.8017918034;"sup_mv";"1.1-2.0";"2023-06-06"
35156;"RR_sup_mv";1.8017918034;"sup_mv";"1.1-2.0";"2023-06-06"
35157;"RR_sup_mv";;"sup_mv";"0";"2023-06-06"
35161;"RR_sup_mv";;"sup_mv";"0";"2023-06-06"
35162;"RR_sup_mv";;"sup_mv";"0";"2023-06-06"
35163;"RR_sup_mv";;"sup_mv";"0";"2023-06-06"
35171;"RR_sup_mv";;"sup_mv";"0";"2023-06-06"
35172;"RR_sup_mv";;"sup_mv";"0";"2023-06-06"
35173;"RR_sup_mv";;"sup_mv";"0";"2023-06-06"
35174;"RR_sup_mv";;"sup_mv";"0";"2023-06-06"
35011;"RR_sup";;"sup";"0";"2023-05-31"
35012;"RR_sup";;"sup";"0";"2023-05-31"
35013;"RR_sup";;"sup";"0";"2023-05-31"
35014;"RR_sup";;"sup";"0";"2023-05-31"
35015;"RR_sup";;"sup";"0";"2023-05-31"
35016;"RR_sup";;"sup";"0";"2023-05-31"
35021;"RR_sup";;"sup";"0";"2023-05-31"
35022;"RR_sup";;"sup";"0";"2023-05-31"
35023;"RR_sup";;"sup";"0";"2023-05-31"
35031;"RR_sup";;"sup";"0";"2023-05-31"
35032;"RR_sup";;"sup";"0";"2023-05-31"
35033;"RR_sup";;"sup";"0";"2023-05-31"
35034;"RR_sup";;"sup";"0";"2023-05-31"
35041;"RR_sup";;"sup";"0";"2023-05-31"
35051;"RR_sup";;"sup";"0";"2023-05-31"
35052;"RR_sup";;"sup";"0";"2023-05-31"
35061;"RR_sup";;"sup";"0";"2023-05-31"
35062;"RR_sup";;"sup";"0";"2023-05-31"
35063;"RR_sup";1.7499037026;"sup";"1.1-2.0";"2023-05-31"
35064;"RR_sup";;"sup";"0";"2023-05-31"
35065;"RR_sup";;"sup";"0";"2023-05-31"
35071;"RR_sup";;"sup";"0";"2023-05-31"
35072;"RR_sup";;"sup";"0";"2023-05-31"
35073;"RR_sup";;"sup";"0";"2023-05-31"
35074;"RR_sup";;"sup";"0";"2023-05-31"
35081;"RR_sup";;"sup";"0";"2023-05-31"
35082;"RR_sup";;"sup";"0";"2023-05-31"
35083;"RR_sup";871.7563948447;"sup";">3";"2023-05-31"
35091;"RR_sup";;"sup";"0";"2023-05-31"
35092;"RR_sup";;"sup";"0";"2023-05-31"
35093;"RR_sup";1.6389121557;"sup";"1.1-2.0";"2023-05-31"
35094;"RR_sup";;"sup";"0";"2023-05-31"
35095;"RR_sup";;"sup";"0";"2023-05-31"
35101;"RR_sup";;"sup";"0";"2023-05-31"
35102;"RR_sup";;"sup";"0";"2023-05-31"
35103;"RR_sup";;"sup";"0";"2023-05-31"
35104;"RR_sup";2.2793906267;"sup";"2.0-3.0";"2023-05-31"
35111;"RR_sup";;"sup";"0";"2023-05-31"
35112;"RR_sup";;"sup";"0";"2023-05-31"
35113;"RR_sup";3.861924733;"sup";">3";"2023-05-31"
35114;"RR_sup";;"sup";"0";"2023-05-31"
35115;"RR_sup";;"sup";"0";"2023-05-31"
35121;"RR_sup";;"sup";"0";"2023-05-31"
35131;"RR_sup";;"sup";"0";"2023-05-31"
35132;"RR_sup";;"sup";"0";"2023-05-31"
35133;"RR_sup";;"sup";"0";"2023-05-31"
35141;"RR_sup";;"sup";"0";"2023-05-31"
35142;"RR_sup";;"sup";"0";"2023-05-31"
35143;"RR_sup";;"sup";"0";"2023-05-31"
35151;"RR_sup";;"sup";"0";"2023-05-31"
35152;"RR_sup";;"sup";"0";"2023-05-31"
35153;"RR_sup";;"sup";"0";"2023-05-31"
35154;"RR_sup";;"sup";"0";"2023-05-31"
35155;"RR_sup";;"sup";"0";"2023-05-31"
35156;"RR_sup";;"sup";"0";"2023-05-31"
35157;"RR_sup";;"sup";"0";"2023-05-31"
35161;"RR_sup";;"sup";"0";"2023-05-31"
35162;"RR_sup";;"sup";"0";"2023-05-31"
35163;"RR_sup";;"sup";"0";"2023-05-31"
35171;"RR_sup";;"sup";"0";"2023-05-31"
35172;"RR_sup";;"sup";"0";"2023-05-31"
35173;"RR_sup";;"sup";"0";"2023-05-31"
35174;"RR_sup";;"sup";"0";"2023-05-31"
35011;"RR_sup_mv";;"sup_mv";"0";"2023-05-31"
35012;"RR_sup_mv";;"sup_mv";"0";"2023-05-31"
35013;"RR_sup_mv";;"sup_mv";"0";"2023-05-31"
35014;"RR_sup_mv";;"sup_mv";"0";"2023-05-31"
35015;"RR_sup_mv";;"sup_mv";"0";"2023-05-31"
35016;"RR_sup_mv";;"sup_mv";"0";"2023-05-31"
35021;"RR_sup_mv";;"sup_mv";"0";"2023-05-31"
35022;"RR_sup_mv";;"sup_mv";"0";"2023-05-31"
35023;"RR_sup_mv";;"sup_mv";"0";"2023-05-31"
35031;"RR_sup_mv";;"sup_mv";"0";"2023-05-31"
35032;"RR_sup_mv";1.5016027798;"sup_mv";"1.1-2.0";"2023-05-31"
35033;"RR_sup_mv";;"sup_mv";"0";"2023-05-31"
35034;"RR_sup_mv";;"sup_mv";"0";"2023-05-31"
35041;"RR_sup_mv";;"sup_mv";"0";"2023-05-31"
35051;"RR_sup_mv";;"sup_mv";"0";"2023-05-31"
35052;"RR_sup_mv";;"sup_mv";"0";"2023-05-31"
35061;"RR_sup_mv";;"sup_mv";"0";"2023-05-31"
35062;"RR_sup_mv";;"sup_mv";"0";"2023-05-31"
35063;"RR_sup_mv";2.354489946;"sup_mv";"2.0-3.0";"2023-05-31"
35064;"RR_sup_mv";;"sup_mv";"0";"2023-05-31"
35065;"RR_sup_mv";;"sup_mv";"0";"2023-05-31"
35071;"RR_sup_mv";;"sup_mv";"0";"2023-05-31"
35072;"RR_sup_mv";;"sup_mv";"0";"2023-05-31"
35073;"RR_sup_mv";;"sup_mv";"0";"2023-05-31"
35074;"RR_sup_mv";;"sup_mv";"0";"2023-05-31"
35081;"RR_sup_mv";;"sup_mv";"0";"2023-05-31"
35082;"RR_sup_mv";;"sup_mv";"0";"2023-05-31"
35083;"RR_sup_mv";479.2723705657;"sup_mv";">3";"2023-05-31"
35091;"RR_sup_mv";;"sup_mv";"0";"2023-05-31"
35092;"RR_sup_mv";;"sup_mv";"0";"2023-05-31"
35093;"RR_sup_mv";2.1219115855;"sup_mv";"2.0-3.0";"2023-05-31"
35094;"RR_sup_mv";;"sup_mv";"0";"2023-05-31"
35095;"RR_sup_mv";;"sup_mv";"0";"2023-05-31"
35101;"RR_sup_mv";;"sup_mv";"0";"2023-05-31"
35102;"RR_sup_mv";;"sup_mv";"0";"2023-05-31"
35103;"RR_sup_mv";;"sup_mv";"0";"2023-05-31"
35104;"RR_sup_mv";2.8222332327;"sup_mv";"2.0-3.0";"2023-05-31"
35111;"RR_sup_mv";;"sup_mv";"0";"2023-05-31"
35112;"RR_sup_mv";;"sup_mv";"0";"2023-05-31"
35113;"RR_sup_mv";4.2984983725;"sup_mv";">3";"2023-05-31"
35114;"RR_sup_mv";;"sup_mv";"0";"2023-05-31"
35115;"RR_sup_mv";;"sup_mv";"0";"2023-05-31"
35121;"RR_sup_mv";;"sup_mv";"0";"2023-05-31"
35131;"RR_sup_mv";;"sup_mv";"0";"2023-05-31"
35132;"RR_sup_mv";;"sup_mv";"0";"2023-05-31"
35133;"RR_sup_mv";;"sup_mv";"0";"2023-05-31"
35141;"RR_sup_mv";;"sup_mv";"0";"2023-05-31"
35142;"RR_sup_mv";;"sup_mv";"0";"2023-05-31"
35143;"RR_sup_mv";;"sup_mv";"0";"2023-05-31"
35151;"RR_sup_mv";1.5016027798;"sup_mv";"1.1-2.0";"2023-05-31"
35152;"RR_sup_mv";;"sup_mv";"0";"2023-05-31"
35153;"RR_sup_mv";;"sup_mv";"0";"2023-05-31"
35154;"RR_sup_mv";2.1059789344;"sup_mv";"2.0-3.0";"2023-05-31"
35155;"RR_sup_mv";;"sup_mv";"0";"2023-05-31"
35156;"RR_sup_mv";;"sup_mv";"0";"2023-05-31"
35157;"RR_sup_mv";;"sup_mv";"0";"2023-05-31"
35161;"RR_sup_mv";;"sup_mv";"0";"2023-05-31"
35162;"RR_sup_mv";;"sup_mv";"0";"2023-05-31"
35163;"RR_sup_mv";;"sup_mv";"0";"2023-05-31"
35171;"RR_sup_mv";;"sup_mv";"0";"2023-05-31"
35172;"RR_sup_mv";;"sup_mv";"0";"2023-05-31"
35173;"RR_sup_mv";;"sup_mv";"0";"2023-05-31"
35174;"RR_sup_mv";;"sup_mv";"0";"2023-05-31"
35011;"RR_sup";;"sup";"0";"2023-04-28"
35012;"RR_sup";;"sup";"0";"2023-04-28"
35013;"RR_sup";;"sup";"0";"2023-04-28"
35014;"RR_sup";;"sup";"0";"2023-04-28"
35015;"RR_sup";;"sup";"0";"2023-04-28"
35016;"RR_sup";;"sup";"0";"2023-04-28"
35021;"RR_sup";3.9519182681;"sup";">3";"2023-04-28"
35022;"RR_sup";;"sup";"0";"2023-04-28"
35023;"RR_sup";3.9519182681;"sup";">3";"2023-04-28"
35031;"RR_sup";3.9519182681;"sup";">3";"2023-04-28"
35032;"RR_sup";3.9519182681;"sup";">3";"2023-04-28"
35033;"RR_sup";3.9519182681;"sup";">3";"2023-04-28"
35034;"RR_sup";;"sup";"0";"2023-04-28"
35041;"RR_sup";;"sup";"0";"2023-04-28"
35051;"RR_sup";3.9519182681;"sup";">3";"2023-04-28"
35052;"RR_sup";3.9519182681;"sup";">3";"2023-04-28"
35061;"RR_sup";;"sup";"0";"2023-04-28"
35062;"RR_sup";;"sup";"0";"2023-04-28"
35063;"RR_sup";3.2481752649;"sup";">3";"2023-04-28"
35064;"RR_sup";;"sup";"0";"2023-04-28"
35065;"RR_sup";3.9519182681;"sup";">3";"2023-04-28"
35071;"RR_sup";1.600089096;"sup";"1.1-2.0";"2023-04-28"
35072;"RR_sup";1.600089096;"sup";"1.1-2.0";"2023-04-28"
35073;"RR_sup";;"sup";"0";"2023-04-28"
35074;"RR_sup";1.600089096;"sup";"1.1-2.0";"2023-04-28"
35081;"RR_sup";;"sup";"0";"2023-04-28"
35082;"RR_sup";3.9519182681;"sup";">3";"2023-04-28"
35083;"RR_sup";3.9519182681;"sup";">3";"2023-04-28"
35091;"RR_sup";;"sup";"0";"2023-04-28"
35092;"RR_sup";;"sup";"0";"2023-04-28"
35093;"RR_sup";3.9519182681;"sup";">3";"2023-04-28"
35094;"RR_sup";;"sup";"0";"2023-04-28"
35095;"RR_sup";3.9519182681;"sup";">3";"2023-04-28"
35101;"RR_sup";;"sup";"0";"2023-04-28"
35102;"RR_sup";;"sup";"0";"2023-04-28"
35103;"RR_sup";3.2481752649;"sup";">3";"2023-04-28"
35104;"RR_sup";;"sup";"0";"2023-04-28"
35111;"RR_sup";;"sup";"0";"2023-04-28"
35112;"RR_sup";;"sup";"0";"2023-04-28"
35113;"RR_sup";;"sup";"0";"2023-04-28"
35114;"RR_sup";;"sup";"0";"2023-04-28"
35115;"RR_sup";;"sup";"0";"2023-04-28"
35121;"RR_sup";2.724341163;"sup";"2.0-3.0";"2023-04-28"
35131;"RR_sup";3.9519182681;"sup";">3";"2023-04-28"
35132;"RR_sup";;"sup";"0";"2023-04-28"
35133;"RR_sup";;"sup";"0";"2023-04-28"
35141;"RR_sup";1.600089096;"sup";"1.1-2.0";"2023-04-28"
35142;"RR_sup";;"sup";"0";"2023-04-28"
35143;"RR_sup";;"sup";"0";"2023-04-28"
35151;"RR_sup";3.9519182681;"sup";">3";"2023-04-28"
35152;"RR_sup";3.9519182681;"sup";">3";"2023-04-28"
35153;"RR_sup";3.9519182681;"sup";">3";"2023-04-28"
35154;"RR_sup";3.9519182681;"sup";">3";"2023-04-28"
35155;"RR_sup";3.9519182681;"sup";">3";"2023-04-28"
35156;"RR_sup";3.9519182681;"sup";">3";"2023-04-28"
35157;"RR_sup";3.9519182681;"sup";">3";"2023-04-28"
35161;"RR_sup";;"sup";"0";"2023-04-28"
35162;"RR_sup";;"sup";"0";"2023-04-28"
35163;"RR_sup";;"sup";"0";"2023-04-28"
35171;"RR_sup";;"sup";"0";"2023-04-28"
35172;"RR_sup";;"sup";"0";"2023-04-28"
35173;"RR_sup";2.0467612758;"sup";"2.0-3.0";"2023-04-28"
35174;"RR_sup";;"sup";"0";"2023-04-28"
35011;"RR_sup_mv";;"sup_mv";"0";"2023-04-28"
35012;"RR_sup_mv";;"sup_mv";"0";"2023-04-28"
35013;"RR_sup_mv";;"sup_mv";"0";"2023-04-28"
35014;"RR_sup_mv";;"sup_mv";"0";"2023-04-28"
35015;"RR_sup_mv";;"sup_mv";"0";"2023-04-28"
35016;"RR_sup_mv";;"sup_mv";"0";"2023-04-28"
35021;"RR_sup_mv";3.1736976869;"sup_mv";">3";"2023-04-28"
35022;"RR_sup_mv";;"sup_mv";"0";"2023-04-28"
35023;"RR_sup_mv";3.1736976869;"sup_mv";">3";"2023-04-28"
35031;"RR_sup_mv";3.1736976869;"sup_mv";">3";"2023-04-28"
35032;"RR_sup_mv";3.1736976869;"sup_mv";">3";"2023-04-28"
35033;"RR_sup_mv";3.1736976869;"sup_mv";">3";"2023-04-28"
35034;"RR_sup_mv";;"sup_mv";"0";"2023-04-28"
35041;"RR_sup_mv";;"sup_mv";"0";"2023-04-28"
35051;"RR_sup_mv";3.1736976869;"sup_mv";">3";"2023-04-28"
35052;"RR_sup_mv";3.1736976869;"sup_mv";">3";"2023-04-28"
35061;"RR_sup_mv";;"sup_mv";"0";"2023-04-28"
35062;"RR_sup_mv";;"sup_mv";"0";"2023-04-28"
35063;"RR_sup_mv";3.0083734844;"sup_mv";">3";"2023-04-28"
35064;"RR_sup_mv";;"sup_mv";"0";"2023-04-28"
35065;"RR_sup_mv";3.1736976869;"sup_mv";">3";"2023-04-28"
35071;"RR_sup_mv";;"sup_mv";"0";"2023-04-28"
35072;"RR_sup_mv";1.5602114489;"sup_mv";"1.1-2.0";"2023-04-28"
35073;"RR_sup_mv";;"sup_mv";"0";"2023-04-28"
35074;"RR_sup_mv";;"sup_mv";"0";"2023-04-28"
35081;"RR_sup_mv";;"sup_mv";"0";"2023-04-28"
35082;"RR_sup_mv";3.1736976869;"sup_mv";">3";"2023-04-28"
35083;"RR_sup_mv";3.1736976869;"sup_mv";">3";"2023-04-28"
35091;"RR_sup_mv";;"sup_mv";"0";"2023-04-28"
35092;"RR_sup_mv";;"sup_mv";"0";"2023-04-28"
35093;"RR_sup_mv";3.1736976869;"sup_mv";">3";"2023-04-28"
35094;"RR_sup_mv";;"sup_mv";"0";"2023-04-28"
35095;"RR_sup_mv";3.1736976869;"sup_mv";">3";"2023-04-28"
35101;"RR_sup_mv";;"sup_mv";"0";"2023-04-28"
35102;"RR_sup_mv";;"sup_mv";"0";"2023-04-28"
35103;"RR_sup_mv";3.0083734844;"sup_mv";">3";"2023-04-28"
35104;"RR_sup_mv";;"sup_mv";"0";"2023-04-28"
35111;"RR_sup_mv";;"sup_mv";"0";"2023-04-28"
35112;"RR_sup_mv";;"sup_mv";"0";"2023-04-28"
35113;"RR_sup_mv";;"sup_mv";"0";"2023-04-28"
35114;"RR_sup_mv";;"sup_mv";"0";"2023-04-28"
35115;"RR_sup_mv";;"sup_mv";"0";"2023-04-28"
35121;"RR_sup_mv";2.1495458395;"sup_mv";"2.0-3.0";"2023-04-28"
35131;"RR_sup_mv";3.1736976869;"sup_mv";">3";"2023-04-28"
35132;"RR_sup_mv";;"sup_mv";"0";"2023-04-28"
35133;"RR_sup_mv";;"sup_mv";"0";"2023-04-28"
35141;"RR_sup_mv";;"sup_mv";"0";"2023-04-28"
35142;"RR_sup_mv";;"sup_mv";"0";"2023-04-28"
35143;"RR_sup_mv";;"sup_mv";"0";"2023-04-28"
35151;"RR_sup_mv";3.1736976869;"sup_mv";">3";"2023-04-28"
35152;"RR_sup_mv";3.1736976869;"sup_mv";">3";"2023-04-28"
35153;"RR_sup_mv";3.1736976869;"sup_mv";">3";"2023-04-28"
35154;"RR_sup_mv";3.1736976869;"sup_mv";">3";"2023-04-28"
35155;"RR_sup_mv";3.1736976869;"sup_mv";">3";"2023-04-28"
35156;"RR_sup_mv";3.1736976869;"sup_mv";">3";"2023-04-28"
35157;"RR_sup_mv";3.1736976869;"sup_mv";">3";"2023-04-28"
35161;"RR_sup_mv";;"sup_mv";"0";"2023-04-28"
35162;"RR_sup_mv";;"sup_mv";"0";"2023-04-28"
35163;"RR_sup_mv";;"sup_mv";"0";"2023-04-28"
35171;"RR_sup_mv";;"sup_mv";"0";"2023-04-28"
35172;"RR_sup_mv";;"sup_mv";"0";"2023-04-28"
35173;"RR_sup_mv";1.8361787199;"sup_mv";"1.1-2.0";"2023-04-28"
35174;"RR_sup_mv";;"sup_mv";"0";"2023-04-28"
35011;"RR_sup";;"sup";"0";"2023-03-10"
35012;"RR_sup";;"sup";"0";"2023-03-10"
35013;"RR_sup";;"sup";"0";"2023-03-10"
35014;"RR_sup";;"sup";"0";"2023-03-10"
35015;"RR_sup";1.535706574;"sup";"1.1-2.0";"2023-03-10"
35016;"RR_sup";;"sup";"0";"2023-03-10"
35021;"RR_sup";2.3693956666;"sup";"2.0-3.0";"2023-03-10"
35022;"RR_sup";2.3693956666;"sup";"2.0-3.0";"2023-03-10"
35023;"RR_sup";2.3693956666;"sup";"2.0-3.0";"2023-03-10"
35031;"RR_sup";;"sup";"0";"2023-03-10"
35032;"RR_sup";;"sup";"0";"2023-03-10"
35033;"RR_sup";;"sup";"0";"2023-03-10"
35034;"RR_sup";;"sup";"0";"2023-03-10"
35041;"RR_sup";;"sup";"0";"2023-03-10"
35051;"RR_sup";;"sup";"0";"2023-03-10"
35052;"RR_sup";;"sup";"0";"2023-03-10"
35061;"RR_sup";;"sup";"0";"2023-03-10"
35062;"RR_sup";;"sup";"0";"2023-03-10"
35063;"RR_sup";4.506848964;"sup";">3";"2023-03-10"
35064;"RR_sup";4.506848964;"sup";">3";"2023-03-10"
35065;"RR_sup";2.3693956666;"sup";"2.0-3.0";"2023-03-10"
35071;"RR_sup";2.9440375755;"sup";"2.0-3.0";"2023-03-10"
35072;"RR_sup";1.5001735487;"sup";"1.1-2.0";"2023-03-10"
35073;"RR_sup";;"sup";"0";"2023-03-10"
35074;"RR_sup";2.9440375755;"sup";"2.0-3.0";"2023-03-10"
35081;"RR_sup";;"sup";"0";"2023-03-10"
35082;"RR_sup";;"sup";"0";"2023-03-10"
35083;"RR_sup";;"sup";"0";"2023-03-10"
35091;"RR_sup";2.3693956666;"sup";"2.0-3.0";"2023-03-10"
35092;"RR_sup";2.3693956666;"sup";"2.0-3.0";"2023-03-10"
35093;"RR_sup";2.3693956666;"sup";"2.0-3.0";"2023-03-10"
35094;"RR_sup";;"sup";"0";"2023-03-10"
35095;"RR_sup";2.3693956666;"sup";"2.0-3.0";"2023-03-10"
35101;"RR_sup";;"sup";"0";"2023-03-10"
35102;"RR_sup";1.5001735487;"sup";"1.1-2.0";"2023-03-10"
35103;"RR_sup";4.506848964;"sup";">3";"2023-03-10"
35104;"RR_sup";;"sup";"0";"2023-03-10"
35111;"RR_sup";2.3693956666;"sup";"2.0-3.0";"2023-03-10"
35112;"RR_sup";;"sup";"0";"2023-03-10"
35113;"RR_sup";2.3693956666;"sup";"2.0-3.0";"2023-03-10"
35114;"RR_sup";;"sup";"0";"2023-03-10"
35115;"RR_sup";;"sup";"0";"2023-03-10"
35121;"RR_sup";2.2173548317;"sup";"2.0-3.0";"2023-03-10"
35131;"RR_sup";;"sup";"0";"2023-03-10"
35132;"RR_sup";1.9557164932;"sup";"1.1-2.0";"2023-03-10"
35133;"RR_sup";1.9557164932;"sup";"1.1-2.0";"2023-03-10"
35141;"RR_sup";2.9440375755;"sup";"2.0-3.0";"2023-03-10"
35142;"RR_sup";;"sup";"0";"2023-03-10"
35143;"RR_sup";;"sup";"0";"2023-03-10"
35151;"RR_sup";2.3693956666;"sup";"2.0-3.0";"2023-03-10"
35152;"RR_sup";2.3693956666;"sup";"2.0-3.0";"2023-03-10"
35153;"RR_sup";2.3693956666;"sup";"2.0-3.0";"2023-03-10"
35154;"RR_sup";2.3693956666;"sup";"2.0-3.0";"2023-03-10"
35155;"RR_sup";2.3693956666;"sup";"2.0-3.0";"2023-03-10"
35156;"RR_sup";2.3693956666;"sup";"2.0-3.0";"2023-03-10"
35157;"RR_sup";2.3693956666;"sup";"2.0-3.0";"2023-03-10"
35161;"RR_sup";2.2173548317;"sup";"2.0-3.0";"2023-03-10"
35162;"RR_sup";;"sup";"0";"2023-03-10"
35163;"RR_sup";;"sup";"0";"2023-03-10"
35171;"RR_sup";;"sup";"0";"2023-03-10"
35172;"RR_sup";;"sup";"0";"2023-03-10"
35173;"RR_sup";3.6262725397;"sup";">3";"2023-03-10"
35174;"RR_sup";3.6262725397;"sup";">3";"2023-03-10"
35011;"RR_sup_mv";;"sup_mv";"0";"2023-03-10"
35012;"RR_sup_mv";;"sup_mv";"0";"2023-03-10"
35013;"RR_sup_mv";;"sup_mv";"0";"2023-03-10"
35014;"RR_sup_mv";;"sup_mv";"0";"2023-03-10"
35015;"RR_sup_mv";1.4392996919;"sup_mv";"1.1-2.0";"2023-03-10"
35016;"RR_sup_mv";;"sup_mv";"0";"2023-03-10"
35021;"RR_sup_mv";2.0571181851;"sup_mv";"2.0-3.0";"2023-03-10"
35022;"RR_sup_mv";2.0571181851;"sup_mv";"2.0-3.0";"2023-03-10"
35023;"RR_sup_mv";2.0571181851;"sup_mv";"2.0-3.0";"2023-03-10"
35031;"RR_sup_mv";;"sup_mv";"0";"2023-03-10"
35032;"RR_sup_mv";2.0571181851;"sup_mv";"2.0-3.0";"2023-03-10"
35033;"RR_sup_mv";;"sup_mv";"0";"2023-03-10"
35034;"RR_sup_mv";;"sup_mv";"0";"2023-03-10"
35041;"RR_sup_mv";;"sup_mv";"0";"2023-03-10"
35051;"RR_sup_mv";;"sup_mv";"0";"2023-03-10"
35052;"RR_sup_mv";;"sup_mv";"0";"2023-03-10"
35061;"RR_sup_mv";;"sup_mv";"0";"2023-03-10"
35062;"RR_sup_mv";;"sup_mv";"0";"2023-03-10"
35063;"RR_sup_mv";3.6608465089;"sup_mv";">3";"2023-03-10"
35064;"RR_sup_mv";3.6608465089;"sup_mv";">3";"2023-03-10"
35065;"RR_sup_mv";2.0571181851;"sup_mv";"2.0-3.0";"2023-03-10"
35071;"RR_sup_mv";1.4944474198;"sup_mv";"1.1-2.0";"2023-03-10"
35072;"RR_sup_mv";1.4944474198;"sup_mv";"1.1-2.0";"2023-03-10"
35073;"RR_sup_mv";;"sup_mv";"0";"2023-03-10"
35074;"RR_sup_mv";1.4944474198;"sup_mv";"1.1-2.0";"2023-03-10"
35081;"RR_sup_mv";;"sup_mv";"0";"2023-03-10"
35082;"RR_sup_mv";;"sup_mv";"0";"2023-03-10"
35083;"RR_sup_mv";;"sup_mv";"0";"2023-03-10"
35091;"RR_sup_mv";2.0571181851;"sup_mv";"2.0-3.0";"2023-03-10"
35092;"RR_sup_mv";2.0571181851;"sup_mv";"2.0-3.0";"2023-03-10"
35093;"RR_sup_mv";2.0571181851;"sup_mv";"2.0-3.0";"2023-03-10"
35094;"RR_sup_mv";;"sup_mv";"0";"2023-03-10"
35095;"RR_sup_mv";2.0571181851;"sup_mv";"2.0-3.0";"2023-03-10"
35101;"RR_sup_mv";;"sup_mv";"0";"2023-03-10"
35102;"RR_sup_mv";;"sup_mv";"0";"2023-03-10"
35103;"RR_sup_mv";3.6608465089;"sup_mv";">3";"2023-03-10"
35104;"RR_sup_mv";;"sup_mv";"0";"2023-03-10"
35111;"RR_sup_mv";2.0571181851;"sup_mv";"2.0-3.0";"2023-03-10"
35112;"RR_sup_mv";2.0571181851;"sup_mv";"2.0-3.0";"2023-03-10"
35113;"RR_sup_mv";2.0571181851;"sup_mv";"2.0-3.0";"2023-03-10"
35114;"RR_sup_mv";2.0571181851;"sup_mv";"2.0-3.0";"2023-03-10"
35115;"RR_sup_mv";2.0571181851;"sup_mv";"2.0-3.0";"2023-03-10"
35121;"RR_sup_mv";1.734380094;"sup_mv";"1.1-2.0";"2023-03-10"
35131;"RR_sup_mv";;"sup_mv";"0";"2023-03-10"
35132;"RR_sup_mv";1.5874577939;"sup_mv";"1.1-2.0";"2023-03-10"
35133;"RR_sup_mv";1.5874577939;"sup_mv";"1.1-2.0";"2023-03-10"
35141;"RR_sup_mv";1.4944474198;"sup_mv";"1.1-2.0";"2023-03-10"
35142;"RR_sup_mv";2.9348947849;"sup_mv";"2.0-3.0";"2023-03-10"
35143;"RR_sup_mv";;"sup_mv";"0";"2023-03-10"
35151;"RR_sup_mv";2.0571181851;"sup_mv";"2.0-3.0";"2023-03-10"
35152;"RR_sup_mv";2.0571181851;"sup_mv";"2.0-3.0";"2023-03-10"
35153;"RR_sup_mv";2.0571181851;"sup_mv";"2.0-3.0";"2023-03-10"
35154;"RR_sup_mv";2.0571181851;"sup_mv";"2.0-3.0";"2023-03-10"
35155;"RR_sup_mv";2.0571181851;"sup_mv";"2.0-3.0";"2023-03-10"
35156;"RR_sup_mv";2.0571181851;"sup_mv";"2.0-3.0";"2023-03-10"
35157;"RR_sup_mv";2.0571181851;"sup_mv";"2.0-3.0";"2023-03-10"
35161;"RR_sup_mv";1.734380094;"sup_mv";"1.1-2.0";"2023-03-10"
35162;"RR_sup_mv";;"sup_mv";"0";"2023-03-10"
35163;"RR_sup_mv";;"sup_mv";"0";"2023-03-10"
35171;"RR_sup_mv";;"sup_mv";"0";"2023-03-10"
35172;"RR_sup_mv";;"sup_mv";"0";"2023-03-10"
35173;"RR_sup_mv";2.6217073416;"sup_mv";"2.0-3.0";"2023-03-10"
35174;"RR_sup_mv";2.6217073416;"sup_mv";"2.0-3.0";"2023-03-10"
35011;"RR_sup";;"sup";"0";"2023-02-18"
35012;"RR_sup";;"sup";"0";"2023-02-18"
35013;"RR_sup";;"sup";"0";"2023-02-18"
35014;"RR_sup";2.0057696342;"sup";"2.0-3.0";"2023-02-18"
35015;"RR_sup";2.0550493131;"sup";"2.0-3.0";"2023-02-18"
35016;"RR_sup";;"sup";"0";"2023-02-18"
35021;"RR_sup";2.6732424433;"sup";"2.0-3.0";"2023-02-18"
35022;"RR_sup";2.6732424433;"sup";"2.0-3.0";"2023-02-18"
35023;"RR_sup";2.6732424433;"sup";"2.0-3.0";"2023-02-18"
35031;"RR_sup";;"sup";"0";"2023-02-18"
35032;"RR_sup";;"sup";"0";"2023-02-18"
35033;"RR_sup";;"sup";"0";"2023-02-18"
35034;"RR_sup";;"sup";"0";"2023-02-18"
35041;"RR_sup";1.8187236489;"sup";"1.1-2.0";"2023-02-18"
35051;"RR_sup";;"sup";"0";"2023-02-18"
35052;"RR_sup";;"sup";"0";"2023-02-18"
35061;"RR_sup";;"sup";"0";"2023-02-18"
35062;"RR_sup";;"sup";"0";"2023-02-18"
35063;"RR_sup";3.8950765323;"sup";">3";"2023-02-18"
35064;"RR_sup";3.8950765323;"sup";">3";"2023-02-18"
35065;"RR_sup";2.6732424433;"sup";"2.0-3.0";"2023-02-18"
35071;"RR_sup";;"sup";"0";"2023-02-18"
35072;"RR_sup";2.8454021112;"sup";"2.0-3.0";"2023-02-18"
35073;"RR_sup";;"sup";"0";"2023-02-18"
35074;"RR_sup";;"sup";"0";"2023-02-18"
35081;"RR_sup";;"sup";"0";"2023-02-18"
35082;"RR_sup";;"sup";"0";"2023-02-18"
35083;"RR_sup";;"sup";"0";"2023-02-18"
35091;"RR_sup";2.6732424433;"sup";"2.0-3.0";"2023-02-18"
35092;"RR_sup";;"sup";"0";"2023-02-18"
35093;"RR_sup";2.6732424433;"sup";"2.0-3.0";"2023-02-18"
35094;"RR_sup";;"sup";"0";"2023-02-18"
35095;"RR_sup";2.6732424433;"sup";"2.0-3.0";"2023-02-18"
35101;"RR_sup";;"sup";"0";"2023-02-18"
35102;"RR_sup";2.8454021112;"sup";"2.0-3.0";"2023-02-18"
35103;"RR_sup";3.8950765323;"sup";">3";"2023-02-18"
35104;"RR_sup";;"sup";"0";"2023-02-18"
35111;"RR_sup";2.6732424433;"sup";"2.0-3.0";"2023-02-18"
35112;"RR_sup";2.6732424433;"sup";"2.0-3.0";"2023-02-18"
35113;"RR_sup";2.6732424433;"sup";"2.0-3.0";"2023-02-18"
35114;"RR_sup";;"sup";"0";"2023-02-18"
35115;"RR_sup";;"sup";"0";"2023-02-18"
35121;"RR_sup";;"sup";"0";"2023-02-18"
35131;"RR_sup";;"sup";"0";"2023-02-18"
35132;"RR_sup";1.618479115;"sup";"1.1-2.0";"2023-02-18"
35133;"RR_sup";1.618479115;"sup";"1.1-2.0";"2023-02-18"
35141;"RR_sup";;"sup";"0";"2023-02-18"
35142;"RR_sup";;"sup";"0";"2023-02-18"
35143;"RR_sup";;"sup";"0";"2023-02-18"
35151;"RR_sup";2.6732424433;"sup";"2.0-3.0";"2023-02-18"
35152;"RR_sup";2.6732424433;"sup";"2.0-3.0";"2023-02-18"
35153;"RR_sup";2.6732424433;"sup";"2.0-3.0";"2023-02-18"
35154;"RR_sup";2.6732424433;"sup";"2.0-3.0";"2023-02-18"
35155;"RR_sup";2.6732424433;"sup";"2.0-3.0";"2023-02-18"
35156;"RR_sup";2.6732424433;"sup";"2.0-3.0";"2023-02-18"
35157;"RR_sup";2.6732424433;"sup";"2.0-3.0";"2023-02-18"
35161;"RR_sup";;"sup";"0";"2023-02-18"
35162;"RR_sup";;"sup";"0";"2023-02-18"
35163;"RR_sup";2.0057696342;"sup";"2.0-3.0";"2023-02-18"
35171;"RR_sup";;"sup";"0";"2023-02-18"
35172;"RR_sup";;"sup";"0";"2023-02-18"
35173;"RR_sup";1.9268182519;"sup";"1.1-2.0";"2023-02-18"
35174;"RR_sup";;"sup";"0";"2023-02-18"
35011;"RR_sup_mv";;"sup_mv";"0";"2023-02-18"
35012;"RR_sup_mv";;"sup_mv";"0";"2023-02-18"
35013;"RR_sup_mv";1.6948672464;"sup_mv";"1.1-2.0";"2023-02-18"
35014;"RR_sup_mv";1.6948672464;"sup_mv";"1.1-2.0";"2023-02-18"
35015;"RR_sup_mv";2.0353386278;"sup_mv";"2.0-3.0";"2023-02-18"
35016;"RR_sup_mv";;"sup_mv";"0";"2023-02-18"
35021;"RR_sup_mv";2.409940335;"sup_mv";"2.0-3.0";"2023-02-18"
35022;"RR_sup_mv";2.409940335;"sup_mv";"2.0-3.0";"2023-02-18"
35023;"RR_sup_mv";2.409940335;"sup_mv";"2.0-3.0";"2023-02-18"
35031;"RR_sup_mv";;"sup_mv";"0";"2023-02-18"
35032;"RR_sup_mv";;"sup_mv";"0";"2023-02-18"
35033;"RR_sup_mv";;"sup_mv";"0";"2023-02-18"
35034;"RR_sup_mv";;"sup_mv";"0";"2023-02-18"
35041;"RR_sup_mv";2.0353386278;"sup_mv";"2.0-3.0";"2023-02-18"
35051;"RR_sup_mv";;"sup_mv";"0";"2023-02-18"
35052;"RR_sup_mv";;"sup_mv";"0";"2023-02-18"
35061;"RR_sup_mv";;"sup_mv";"0";"2023-02-18"
35062;"RR_sup_mv";;"sup_mv";"0";"2023-02-18"
35063;"RR_sup_mv";2.7395579726;"sup_mv";"2.0-3.0";"2023-02-18"
35064;"RR_sup_mv";2.7395579726;"sup_mv";"2.0-3.0";"2023-02-18"
35065;"RR_sup_mv";2.409940335;"sup_mv";"2.0-3.0";"2023-02-18"
35071;"RR_sup_mv";;"sup_mv";"0";"2023-02-18"
35072;"RR_sup_mv";2.7395579726;"sup_mv";"2.0-3.0";"2023-02-18"
35073;"RR_sup_mv";;"sup_mv";"0";"2023-02-18"
35074;"RR_sup_mv";;"sup_mv";"0";"2023-02-18"
35081;"RR_sup_mv";;"sup_mv";"0";"2023-02-18"
35082;"RR_sup_mv";;"sup_mv";"0";"2023-02-18"
35083;"RR_sup_mv";;"sup_mv";"0";"2023-02-18"
35091;"RR_sup_mv";2.409940335;"sup_mv";"2.0-3.0";"2023-02-18"
35092;"RR_sup_mv";;"sup_mv";"0";"2023-02-18"
35093;"RR_sup_mv";2.409940335;"sup_mv";"2.0-3.0";"2023-02-18"
35094;"RR_sup_mv";;"sup_mv";"0";"2023-02-18"
35095;"RR_sup_mv";2.409940335;"sup_mv";"2.0-3.0";"2023-02-18"
35101;"RR_sup_mv";2.7395579726;"sup_mv";"2.0-3.0";"2023-02-18"
35102;"RR_sup_mv";2.7395579726;"sup_mv";"2.0-3.0";"2023-02-18"
35103;"RR_sup_mv";2.7395579726;"sup_mv";"2.0-3.0";"2023-02-18"
35104;"RR_sup_mv";2.7395579726;"sup_mv";"2.0-3.0";"2023-02-18"
35111;"RR_sup_mv";2.409940335;"sup_mv";"2.0-3.0";"2023-02-18"
35112;"RR_sup_mv";2.409940335;"sup_mv";"2.0-3.0";"2023-02-18"
35113;"RR_sup_mv";2.409940335;"sup_mv";"2.0-3.0";"2023-02-18"
35114;"RR_sup_mv";;"sup_mv";"0";"2023-02-18"
35115;"RR_sup_mv";;"sup_mv";"0";"2023-02-18"
35121;"RR_sup_mv";;"sup_mv";"0";"2023-02-18"
35131;"RR_sup_mv";;"sup_mv";"0";"2023-02-18"
35132;"RR_sup_mv";;"sup_mv";"0";"2023-02-18"
35133;"RR_sup_mv";;"sup_mv";"0";"2023-02-18"
35141;"RR_sup_mv";;"sup_mv";"0";"2023-02-18"
35142;"RR_sup_mv";;"sup_mv";"0";"2023-02-18"
35143;"RR_sup_mv";;"sup_mv";"0";"2023-02-18"
35151;"RR_sup_mv";2.409940335;"sup_mv";"2.0-3.0";"2023-02-18"
35152;"RR_sup_mv";2.409940335;"sup_mv";"2.0-3.0";"2023-02-18"
35153;"RR_sup_mv";2.409940335;"sup_mv";"2.0-3.0";"2023-02-18"
35154;"RR_sup_mv";2.409940335;"sup_mv";"2.0-3.0";"2023-02-18"
35155;"RR_sup_mv";2.409940335;"sup_mv";"2.0-3.0";"2023-02-18"
35156;"RR_sup_mv";2.409940335;"sup_mv";"2.0-3.0";"2023-02-18"
35157;"RR_sup_mv";2.409940335;"sup_mv";"2.0-3.0";"2023-02-18"
35161;"RR_sup_mv";;"sup_mv";"0";"2023-02-18"
35162;"RR_sup_mv";;"sup_mv";"0";"2023-02-18"
35163;"RR_sup_mv";1.6948672464;"sup_mv";"1.1-2.0";"2023-02-18"
35171;"RR_sup_mv";;"sup_mv";"0";"2023-02-18"
35172;"RR_sup_mv";;"sup_mv";"0";"2023-02-18"
35173;"RR_sup_mv";;"sup_mv";"0";"2023-02-18"
35174;"RR_sup_mv";;"sup_mv";"0";"2023-02-18"
35011;"RR_sup";1.2523760202;"sup";"1.1-2.0";"2023-01-28"
35012;"RR_sup";;"sup";"0";"2023-01-28"
35013;"RR_sup";;"sup";"0";"2023-01-28"
35014;"RR_sup";;"sup";"0";"2023-01-28"
35015;"RR_sup";1.2523760202;"sup";"1.1-2.0";"2023-01-28"
35016;"RR_sup";;"sup";"0";"2023-01-28"
35021;"RR_sup";;"sup";"0";"2023-01-28"
35022;"RR_sup";;"sup";"0";"2023-01-28"
35023;"RR_sup";2.1617028856;"sup";"2.0-3.0";"2023-01-28"
35031;"RR_sup";2.1617028856;"sup";"2.0-3.0";"2023-01-28"
35032;"RR_sup";2.1617028856;"sup";"2.0-3.0";"2023-01-28"
35033;"RR_sup";2.1617028856;"sup";"2.0-3.0";"2023-01-28"
35034;"RR_sup";2.1617028856;"sup";"2.0-3.0";"2023-01-28"
35041;"RR_sup";2.2201875198;"sup";"2.0-3.0";"2023-01-28"
35051;"RR_sup";;"sup";"0";"2023-01-28"
35052;"RR_sup";;"sup";"0";"2023-01-28"
35061;"RR_sup";2.1617028856;"sup";"2.0-3.0";"2023-01-28"
35062;"RR_sup";2.1617028856;"sup";"2.0-3.0";"2023-01-28"
35063;"RR_sup";2.1617028856;"sup";"2.0-3.0";"2023-01-28"
35064;"RR_sup";2.1617028856;"sup";"2.0-3.0";"2023-01-28"
35065;"RR_sup";2.1617028856;"sup";"2.0-3.0";"2023-01-28"
35071;"RR_sup";2.1351902812;"sup";"2.0-3.0";"2023-01-28"
35072;"RR_sup";;"sup";"0";"2023-01-28"
35073;"RR_sup";;"sup";"0";"2023-01-28"
35074;"RR_sup";2.1351902812;"sup";"2.0-3.0";"2023-01-28"
35081;"RR_sup";;"sup";"0";"2023-01-28"
35082;"RR_sup";;"sup";"0";"2023-01-28"
35083;"RR_sup";;"sup";"0";"2023-01-28"
35091;"RR_sup";;"sup";"0";"2023-01-28"
35092;"RR_sup";2.1617028856;"sup";"2.0-3.0";"2023-01-28"
35093;"RR_sup";2.1617028856;"sup";"2.0-3.0";"2023-01-28"
35094;"RR_sup";2.1617028856;"sup";"2.0-3.0";"2023-01-28"
35095;"RR_sup";2.1617028856;"sup";"2.0-3.0";"2023-01-28"
35101;"RR_sup";;"sup";"0";"2023-01-28"
35102;"RR_sup";;"sup";"0";"2023-01-28"
35103;"RR_sup";2.1617028856;"sup";"2.0-3.0";"2023-01-28"
35104;"RR_sup";2.1617028856;"sup";"2.0-3.0";"2023-01-28"
35111;"RR_sup";;"sup";"0";"2023-01-28"
35112;"RR_sup";;"sup";"0";"2023-01-28"
35113;"RR_sup";;"sup";"0";"2023-01-28"
35114;"RR_sup";;"sup";"0";"2023-01-28"
35115;"RR_sup";;"sup";"0";"2023-01-28"
35121;"RR_sup";;"sup";"0";"2023-01-28"
35131;"RR_sup";2.1617028856;"sup";"2.0-3.0";"2023-01-28"
35132;"RR_sup";;"sup";"0";"2023-01-28"
35133;"RR_sup";;"sup";"0";"2023-01-28"
35141;"RR_sup";;"sup";"0";"2023-01-28"
35142;"RR_sup";;"sup";"0";"2023-01-28"
35143;"RR_sup";;"sup";"0";"2023-01-28"
35151;"RR_sup";2.1617028856;"sup";"2.0-3.0";"2023-01-28"
35152;"RR_sup";;"sup";"0";"2023-01-28"
35153;"RR_sup";;"sup";"0";"2023-01-28"
35154;"RR_sup";;"sup";"0";"2023-01-28"
35155;"RR_sup";;"sup";"0";"2023-01-28"
35156;"RR_sup";2.1617028856;"sup";"2.0-3.0";"2023-01-28"
35157;"RR_sup";;"sup";"0";"2023-01-28"
35161;"RR_sup";;"sup";"0";"2023-01-28"
35162;"RR_sup";;"sup";"0";"2023-01-28"
35163;"RR_sup";;"sup";"0";"2023-01-28"
35171;"RR_sup";;"sup";"0";"2023-01-28"
35172;"RR_sup";;"sup";"0";"2023-01-28"
35173;"RR_sup";;"sup";"0";"2023-01-28"
35174;"RR_sup";6.7695426194;"sup";">3";"2023-01-28"
35011;"RR_sup_mv";;"sup_mv";"0";"2023-01-28"
35012;"RR_sup_mv";;"sup_mv";"0";"2023-01-28"
35013;"RR_sup_mv";;"sup_mv";"0";"2023-01-28"
35014;"RR_sup_mv";;"sup_mv";"0";"2023-01-28"
35015;"RR_sup_mv";;"sup_mv";"0";"2023-01-28"
35016;"RR_sup_mv";;"sup_mv";"0";"2023-01-28"
35021;"RR_sup_mv";1.7366925349;"sup_mv";"1.1-2.0";"2023-01-28"
35022;"RR_sup_mv";1.7366925349;"sup_mv";"1.1-2.0";"2023-01-28"
35023;"RR_sup_mv";1.7366925349;"sup_mv";"1.1-2.0";"2023-01-28"
35031;"RR_sup_mv";1.7366925349;"sup_mv";"1.1-2.0";"2023-01-28"
35032;"RR_sup_mv";1.7366925349;"sup_mv";"1.1-2.0";"2023-01-28"
35033;"RR_sup_mv";1.7366925349;"sup_mv";"1.1-2.0";"2023-01-28"
35034;"RR_sup_mv";1.7366925349;"sup_mv";"1.1-2.0";"2023-01-28"
35041;"RR_sup_mv";1.8877493135;"sup_mv";"1.1-2.0";"2023-01-28"
35051;"RR_sup_mv";;"sup_mv";"0";"2023-01-28"
35052;"RR_sup_mv";1.7366925349;"sup_mv";"1.1-2.0";"2023-01-28"
35061;"RR_sup_mv";1.7366925349;"sup_mv";"1.1-2.0";"2023-01-28"
35062;"RR_sup_mv";1.7366925349;"sup_mv";"1.1-2.0";"2023-01-28"
35063;"RR_sup_mv";1.7366925349;"sup_mv";"1.1-2.0";"2023-01-28"
35064;"RR_sup_mv";1.7366925349;"sup_mv";"1.1-2.0";"2023-01-28"
35065;"RR_sup_mv";1.7366925349;"sup_mv";"1.1-2.0";"2023-01-28"
35071;"RR_sup_mv";1.8044281544;"sup_mv";"1.1-2.0";"2023-01-28"
35072;"RR_sup_mv";;"sup_mv";"0";"2023-01-28"
35073;"RR_sup_mv";;"sup_mv";"0";"2023-01-28"
35074;"RR_sup_mv";1.8044281544;"sup_mv";"1.1-2.0";"2023-01-28"
35081;"RR_sup_mv";;"sup_mv";"0";"2023-01-28"
35082;"RR_sup_mv";;"sup_mv";"0";"2023-01-28"
35083;"RR_sup_mv";;"sup_mv";"0";"2023-01-28"
35091;"RR_sup_mv";1.7366925349;"sup_mv";"1.1-2.0";"2023-01-28"
35092;"RR_sup_mv";1.7366925349;"sup_mv";"1.1-2.0";"2023-01-28"
35093;"RR_sup_mv";1.7366925349;"sup_mv";"1.1-2.0";"2023-01-28"
35094;"RR_sup_mv";1.7366925349;"sup_mv";"1.1-2.0";"2023-01-28"
35095;"RR_sup_mv";1.7366925349;"sup_mv";"1.1-2.0";"2023-01-28"
35101;"RR_sup_mv";;"sup_mv";"0";"2023-01-28"
35102;"RR_sup_mv";;"sup_mv";"0";"2023-01-28"
35103;"RR_sup_mv";1.7366925349;"sup_mv";"1.1-2.0";"2023-01-28"
35104;"RR_sup_mv";1.7366925349;"sup_mv";"1.1-2.0";"2023-01-28"
35111;"RR_sup_mv";1.7366925349;"sup_mv";"1.1-2.0";"2023-01-28"
35112;"RR_sup_mv";1.7366925349;"sup_mv";"1.1-2.0";"2023-01-28"
35113;"RR_sup_mv";1.7366925349;"sup_mv";"1.1-2.0";"2023-01-28"
35114;"RR_sup_mv";1.7366925349;"sup_mv";"1.1-2.0";"2023-01-28"
35115;"RR_sup_mv";;"sup_mv";"0";"2023-01-28"
35121;"RR_sup_mv";;"sup_mv";"0";"2023-01-28"
35131;"RR_sup_mv";1.7366925349;"sup_mv";"1.1-2.0";"2023-01-28"
35132;"RR_sup_mv";;"sup_mv";"0";"2023-01-28"
35133;"RR_sup_mv";;"sup_mv";"0";"2023-01-28"
35141;"RR_sup_mv";;"sup_mv";"0";"2023-01-28"
35142;"RR_sup_mv";;"sup_mv";"0";"2023-01-28"
35143;"RR_sup_mv";;"sup_mv";"0";"2023-01-28"
35151;"RR_sup_mv";1.7366925349;"sup_mv";"1.1-2.0";"2023-01-28"
35152;"RR_sup_mv";;"sup_mv";"0";"2023-01-28"
35153;"RR_sup_mv";1.7366925349;"sup_mv";"1.1-2.0";"2023-01-28"
35154;"RR_sup_mv";;"sup_mv";"0";"2023-01-28"
35155;"RR_sup_mv";1.7366925349;"sup_mv";"1.1-2.0";"2023-01-28"
35156;"RR_sup_mv";1.7366925349;"sup_mv";"1.1-2.0";"2023-01-28"
35157;"RR_sup_mv";1.7366925349;"sup_mv";"1.1-2.0";"2023-01-28"
35161;"RR_sup_mv";;"sup_mv";"0";"2023-01-28"
35162;"RR_sup_mv";1.7366925349;"sup_mv";"1.1-2.0";"2023-01-28"
35163;"RR_sup_mv";;"sup_mv";"0";"2023-01-28"
35171;"RR_sup_mv";;"sup_mv";"0";"2023-01-28"
35172;"RR_sup_mv";;"sup_mv";"0";"2023-01-28"
35173;"RR_sup_mv";;"sup_mv";"0";"2023-01-28"
35174;"RR_sup_mv";5.8573897342;"sup_mv";">3";"2023-01-28"
35011;"RR_sup";;"sup";"0";"2022-12-10"
35012;"RR_sup";;"sup";"0";"2022-12-10"
35013;"RR_sup";;"sup";"0";"2022-12-10"
35014;"RR_sup";;"sup";"0";"2022-12-10"
35015;"RR_sup";;"sup";"0";"2022-12-10"
35016;"RR_sup";;"sup";"0";"2022-12-10"
35021;"RR_sup";3.2838557362;"sup";">3";"2022-12-10"
35022;"RR_sup";3.2838557362;"sup";">3";"2022-12-10"
35023;"RR_sup";2.2127471546;"sup";"2.0-3.0";"2022-12-10"
35031;"RR_sup";2.5673749291;"sup";"2.0-3.0";"2022-12-10"
35032;"RR_sup";8.4699388696;"sup";">3";"2022-12-10"
35033;"RR_sup";;"sup";"0";"2022-12-10"
35034;"RR_sup";2.5673749291;"sup";"2.0-3.0";"2022-12-10"
35041;"RR_sup";;"sup";"0";"2022-12-10"
35051;"RR_sup";;"sup";"0";"2022-12-10"
35052;"RR_sup";7.9895071175;"sup";">3";"2022-12-10"
35061;"RR_sup";3.0383552607;"sup";">3";"2022-12-10"
35062;"RR_sup";;"sup";"0";"2022-12-10"
35063;"RR_sup";3.0383552607;"sup";">3";"2022-12-10"
35064;"RR_sup";2.5673749291;"sup";"2.0-3.0";"2022-12-10"
35065;"RR_sup";2.2127471546;"sup";"2.0-3.0";"2022-12-10"
35071;"RR_sup";;"sup";"0";"2022-12-10"
35072;"RR_sup";;"sup";"0";"2022-12-10"
35073;"RR_sup";;"sup";"0";"2022-12-10"
35074;"RR_sup";3.810640269;"sup";">3";"2022-12-10"
35081;"RR_sup";;"sup";"0";"2022-12-10"
35082;"RR_sup";7.9895071175;"sup";">3";"2022-12-10"
35083;"RR_sup";7.9895071175;"sup";">3";"2022-12-10"
35091;"RR_sup";;"sup";"0";"2022-12-10"
35092;"RR_sup";;"sup";"0";"2022-12-10"
35093;"RR_sup";2.2127471546;"sup";"2.0-3.0";"2022-12-10"
35094;"RR_sup";3.0383552607;"sup";">3";"2022-12-10"
35095;"RR_sup";5.4891965015;"sup";">3";"2022-12-10"
35101;"RR_sup";;"sup";"0";"2022-12-10"
35102;"RR_sup";3.253359932;"sup";">3";"2022-12-10"
35103;"RR_sup";;"sup";"0";"2022-12-10"
35104;"RR_sup";34.4612219012;"sup";">3";"2022-12-10"
35111;"RR_sup";;"sup";"0";"2022-12-10"
35112;"RR_sup";;"sup";"0";"2022-12-10"
35113;"RR_sup";;"sup";"0";"2022-12-10"
35114;"RR_sup";;"sup";"0";"2022-12-10"
35115;"RR_sup";;"sup";"0";"2022-12-10"
35121;"RR_sup";;"sup";"0";"2022-12-10"
35131;"RR_sup";;"sup";"0";"2022-12-10"
35132;"RR_sup";2.0326052619;"sup";"2.0-3.0";"2022-12-10"
35133;"RR_sup";2.0326052619;"sup";"2.0-3.0";"2022-12-10"
35141;"RR_sup";3.810640269;"sup";">3";"2022-12-10"
35142;"RR_sup";3.810640269;"sup";">3";"2022-12-10"
35143;"RR_sup";57.3741202664;"sup";">3";"2022-12-10"
35151;"RR_sup";2.2127471546;"sup";"2.0-3.0";"2022-12-10"
35152;"RR_sup";3.2838557362;"sup";">3";"2022-12-10"
35153;"RR_sup";3.2838557362;"sup";">3";"2022-12-10"
35154;"RR_sup";3.2838557362;"sup";">3";"2022-12-10"
35155;"RR_sup";;"sup";"0";"2022-12-10"
35156;"RR_sup";2.2127471546;"sup";"2.0-3.0";"2022-12-10"
35157;"RR_sup";3.2838557362;"sup";">3";"2022-12-10"
35161;"RR_sup";;"sup";"0";"2022-12-10"
35162;"RR_sup";3.0383552607;"sup";">3";"2022-12-10"
35163;"RR_sup";;"sup";"0";"2022-12-10"
35171;"RR_sup";2.245338101;"sup";"2.0-3.0";"2022-12-10"
35172;"RR_sup";3.5610147326;"sup";">3";"2022-12-10"
35173;"RR_sup";1.7206361007;"sup";"1.1-2.0";"2022-12-10"
35174;"RR_sup";1.7206361007;"sup";"1.1-2.0";"2022-12-10"
35011;"RR_sup_mv";;"sup_mv";"0";"2022-12-10"
35012;"RR_sup_mv";;"sup_mv";"0";"2022-12-10"
35013;"RR_sup_mv";;"sup_mv";"0";"2022-12-10"
35014;"RR_sup_mv";;"sup_mv";"0";"2022-12-10"
35015;"RR_sup_mv";;"sup_mv";"0";"2022-12-10"
35016;"RR_sup_mv";;"sup_mv";"0";"2022-12-10"
35021;"RR_sup_mv";2.5029624659;"sup_mv";"2.0-3.0";"2022-12-10"
35022;"RR_sup_mv";2.5029624659;"sup_mv";"2.0-3.0";"2022-12-10"
35023;"RR_sup_mv";2.5029624659;"sup_mv";"2.0-3.0";"2022-12-10"
35031;"RR_sup_mv";;"sup_mv";"0";"2022-12-10"
35032;"RR_sup_mv";2.5029624659;"sup_mv";"2.0-3.0";"2022-12-10"
35033;"RR_sup_mv";2.5029624659;"sup_mv";"2.0-3.0";"2022-12-10"
35034;"RR_sup_mv";;"sup_mv";"0";"2022-12-10"
35041;"RR_sup_mv";;"sup_mv";"0";"2022-12-10"
35051;"RR_sup_mv";2.5029624659;"sup_mv";"2.0-3.0";"2022-12-10"
35052;"RR_sup_mv";2.5029624659;"sup_mv";"2.0-3.0";"2022-12-10"
35061;"RR_sup_mv";1.8755259103;"sup_mv";"1.1-2.0";"2022-12-10"
35062;"RR_sup_mv";;"sup_mv";"0";"2022-12-10"
35063;"RR_sup_mv";1.8755259103;"sup_mv";"1.1-2.0";"2022-12-10"
35064;"RR_sup_mv";;"sup_mv";"0";"2022-12-10"
35065;"RR_sup_mv";2.5029624659;"sup_mv";"2.0-3.0";"2022-12-10"
35071;"RR_sup_mv";;"sup_mv";"0";"2022-12-10"
35072;"RR_sup_mv";;"sup_mv";"0";"2022-12-10"
35073;"RR_sup_mv";;"sup_mv";"0";"2022-12-10"
35074;"RR_sup_mv";10.2467083531;"sup_mv";">3";"2022-12-10"
35081;"RR_sup_mv";;"sup_mv";"0";"2022-12-10"
35082;"RR_sup_mv";2.5029624659;"sup_mv";"2.0-3.0";"2022-12-10"
35083;"RR_sup_mv";2.5029624659;"sup_mv";"2.0-3.0";"2022-12-10"
35091;"RR_sup_mv";2.5029624659;"sup_mv";"2.0-3.0";"2022-12-10"
35092;"RR_sup_mv";;"sup_mv";"0";"2022-12-10"
35093;"RR_sup_mv";2.5029624659;"sup_mv";"2.0-3.0";"2022-12-10"
35094;"RR_sup_mv";1.8755259103;"sup_mv";"1.1-2.0";"2022-12-10"
35095;"RR_sup_mv";2.5029624659;"sup_mv";"2.0-3.0";"2022-12-10"
35101;"RR_sup_mv";10.2467083531;"sup_mv";">3";"2022-12-10"
35102;"RR_sup_mv";10.2467083531;"sup_mv";">3";"2022-12-10"
35103;"RR_sup_mv";;"sup_mv";"0";"2022-12-10"
35104;"RR_sup_mv";10.2467083531;"sup_mv";">3";"2022-12-10"
35111;"RR_sup_mv";2.5029624659;"sup_mv";"2.0-3.0";"2022-12-10"
35112;"RR_sup_mv";;"sup_mv";"0";"2022-12-10"
35113;"RR_sup_mv";;"sup_mv";"0";"2022-12-10"
35114;"RR_sup_mv";;"sup_mv";"0";"2022-12-10"
35115;"RR_sup_mv";;"sup_mv";"0";"2022-12-10"
35121;"RR_sup_mv";1.8755259103;"sup_mv";"1.1-2.0";"2022-12-10"
35131;"RR_sup_mv";2.5029624659;"sup_mv";"2.0-3.0";"2022-12-10"
35132;"RR_sup_mv";;"sup_mv";"0";"2022-12-10"
35133;"RR_sup_mv";;"sup_mv";"0";"2022-12-10"
35141;"RR_sup_mv";10.2467083531;"sup_mv";">3";"2022-12-10"
35142;"RR_sup_mv";10.2467083531;"sup_mv";">3";"2022-12-10"
35143;"RR_sup_mv";10.2467083531;"sup_mv";">3";"2022-12-10"
35151;"RR_sup_mv";2.5029624659;"sup_mv";"2.0-3.0";"2022-12-10"
35152;"RR_sup_mv";2.5029624659;"sup_mv";"2.0-3.0";"2022-12-10"
35153;"RR_sup_mv";2.5029624659;"sup_mv";"2.0-3.0";"2022-12-10"
35154;"RR_sup_mv";2.5029624659;"sup_mv";"2.0-3.0";"2022-12-10"
35155;"RR_sup_mv";2.5029624659;"sup_mv";"2.0-3.0";"2022-12-10"
35156;"RR_sup_mv";2.5029624659;"sup_mv";"2.0-3.0";"2022-12-10"
35157;"RR_sup_mv";2.5029624659;"sup_mv";"2.0-3.0";"2022-12-10"
35161;"RR_sup_mv";1.8755259103;"sup_mv";"1.1-2.0";"2022-12-10"
35162;"RR_sup_mv";1.8755259103;"sup_mv";"1.1-2.0";"2022-12-10"
35163;"RR_sup_mv";;"sup_mv";"0";"2022-12-10"
35171;"RR_sup_mv";1.8906861748;"sup_mv";"1.1-2.0";"2022-12-10"
35172;"RR_sup_mv";1.8906861748;"sup_mv";"1.1-2.0";"2022-12-10"
35173;"RR_sup_mv";1.8906861748;"sup_mv";"1.1-2.0";"2022-12-10"
35174;"RR_sup_mv";1.8906861748;"sup_mv";"1.1-2.0";"2022-12-10"
35011;"RR_sup";;"sup";"0";"2022-11-05"
35012;"RR_sup";;"sup";"0";"2022-11-05"
35013;"RR_sup";1.5333846812;"sup";"1.1-2.0";"2022-11-05"
35014;"RR_sup";1.5333846812;"sup";"1.1-2.0";"2022-11-05"
35015;"RR_sup";1.5333846812;"sup";"1.1-2.0";"2022-11-05"
35016;"RR_sup";1.5333846812;"sup";"1.1-2.0";"2022-11-05"
35021;"RR_sup";;"sup";"0";"2022-11-05"
35022;"RR_sup";;"sup";"0";"2022-11-05"
35023;"RR_sup";;"sup";"0";"2022-11-05"
35031;"RR_sup";;"sup";"0";"2022-11-05"
35032;"RR_sup";;"sup";"0";"2022-11-05"
35033;"RR_sup";;"sup";"0";"2022-11-05"
35034;"RR_sup";;"sup";"0";"2022-11-05"
35041;"RR_sup";;"sup";"0";"2022-11-05"
35051;"RR_sup";;"sup";"0";"2022-11-05"
35052;"RR_sup";;"sup";"0";"2022-11-05"
35061;"RR_sup";;"sup";"0";"2022-11-05"
35062;"RR_sup";;"sup";"0";"2022-11-05"
35063;"RR_sup";2.3802505986;"sup";"2.0-3.0";"2022-11-05"
35064;"RR_sup";;"sup";"0";"2022-11-05"
35065;"RR_sup";;"sup";"0";"2022-11-05"
35071;"RR_sup";;"sup";"0";"2022-11-05"
35072;"RR_sup";;"sup";"0";"2022-11-05"
35073;"RR_sup";;"sup";"0";"2022-11-05"
35074;"RR_sup";2.4534637304;"sup";"2.0-3.0";"2022-11-05"
35081;"RR_sup";;"sup";"0";"2022-11-05"
35082;"RR_sup";;"sup";"0";"2022-11-05"
35083;"RR_sup";;"sup";"0";"2022-11-05"
35091;"RR_sup";;"sup";"0";"2022-11-05"
35092;"RR_sup";;"sup";"0";"2022-11-05"
35093;"RR_sup";;"sup";"0";"2022-11-05"
35094;"RR_sup";;"sup";"0";"2022-11-05"
35095;"RR_sup";;"sup";"0";"2022-11-05"
35101;"RR_sup";;"sup";"0";"2022-11-05"
35102;"RR_sup";2.3802505986;"sup";"2.0-3.0";"2022-11-05"
35103;"RR_sup";2.3802505986;"sup";"2.0-3.0";"2022-11-05"
35104;"RR_sup";2.3802505986;"sup";"2.0-3.0";"2022-11-05"
35111;"RR_sup";;"sup";"0";"2022-11-05"
35112;"RR_sup";;"sup";"0";"2022-11-05"
35113;"RR_sup";;"sup";"0";"2022-11-05"
35114;"RR_sup";;"sup";"0";"2022-11-05"
35115;"RR_sup";;"sup";"0";"2022-11-05"
35121;"RR_sup";;"sup";"0";"2022-11-05"
35131;"RR_sup";;"sup";"0";"2022-11-05"
35132;"RR_sup";;"sup";"0";"2022-11-05"
35133;"RR_sup";;"sup";"0";"2022-11-05"
35141;"RR_sup";;"sup";"0";"2022-11-05"
35142;"RR_sup";;"sup";"0";"2022-11-05"
35143;"RR_sup";;"sup";"0";"2022-11-05"
35151;"RR_sup";;"sup";"0";"2022-11-05"
35152;"RR_sup";8.4600470915;"sup";">3";"2022-11-05"
35153;"RR_sup";8.4600470915;"sup";">3";"2022-11-05"
35154;"RR_sup";;"sup";"0";"2022-11-05"
35155;"RR_sup";;"sup";"0";"2022-11-05"
35156;"RR_sup";;"sup";"0";"2022-11-05"
35157;"RR_sup";;"sup";"0";"2022-11-05"
35161;"RR_sup";;"sup";"0";"2022-11-05"
35162;"RR_sup";;"sup";"0";"2022-11-05"
35163;"RR_sup";;"sup";"0";"2022-11-05"
35171;"RR_sup";;"sup";"0";"2022-11-05"
35172;"RR_sup";;"sup";"0";"2022-11-05"
35173;"RR_sup";;"sup";"0";"2022-11-05"
35174;"RR_sup";;"sup";"0";"2022-11-05"
35011;"RR_sup_mv";;"sup_mv";"0";"2022-11-05"
35012;"RR_sup_mv";;"sup_mv";"0";"2022-11-05"
35013;"RR_sup_mv";1.363040807;"sup_mv";"1.1-2.0";"2022-11-05"
35014;"RR_sup_mv";1.363040807;"sup_mv";"1.1-2.0";"2022-11-05"
35015;"RR_sup_mv";1.363040807;"sup_mv";"1.1-2.0";"2022-11-05"
35016;"RR_sup_mv";1.363040807;"sup_mv";"1.1-2.0";"2022-11-05"
35021;"RR_sup_mv";;"sup_mv";"0";"2022-11-05"
35022;"RR_sup_mv";;"sup_mv";"0";"2022-11-05"
35023;"RR_sup_mv";;"sup_mv";"0";"2022-11-05"
35031;"RR_sup_mv";;"sup_mv";"0";"2022-11-05"
35032;"RR_sup_mv";;"sup_mv";"0";"2022-11-05"
35033;"RR_sup_mv";;"sup_mv";"0";"2022-11-05"
35034;"RR_sup_mv";;"sup_mv";"0";"2022-11-05"
35041;"RR_sup_mv";;"sup_mv";"0";"2022-11-05"
35051;"RR_sup_mv";;"sup_mv";"0";"2022-11-05"
35052;"RR_sup_mv";;"sup_mv";"0";"2022-11-05"
35061;"RR_sup_mv";;"sup_mv";"0";"2022-11-05"
35062;"RR_sup_mv";;"sup_mv";"0";"2022-11-05"
35063;"RR_sup_mv";4.0962180712;"sup_mv";">3";"2022-11-05"
35064;"RR_sup_mv";;"sup_mv";"0";"2022-11-05"
35065;"RR_sup_mv";;"sup_mv";"0";"2022-11-05"
35071;"RR_sup_mv";;"sup_mv";"0";"2022-11-05"
35072;"RR_sup_mv";;"sup_mv";"0";"2022-11-05"
35073;"RR_sup_mv";;"sup_mv";"0";"2022-11-05"
35074;"RR_sup_mv";;"sup_mv";"0";"2022-11-05"
35081;"RR_sup_mv";;"sup_mv";"0";"2022-11-05"
35082;"RR_sup_mv";;"sup_mv";"0";"2022-11-05"
35083;"RR_sup_mv";;"sup_mv";"0";"2022-11-05"
35091;"RR_sup_mv";;"sup_mv";"0";"2022-11-05"
35092;"RR_sup_mv";;"sup_mv";"0";"2022-11-05"
35093;"RR_sup_mv";;"sup_mv";"0";"2022-11-05"
35094;"RR_sup_mv";;"sup_mv";"0";"2022-11-05"
35095;"RR_sup_mv";;"sup_mv";"0";"2022-11-05"
35101;"RR_sup_mv";;"sup_mv";"0";"2022-11-05"
35102;"RR_sup_mv";2.3086569076;"sup_mv";"2.0-3.0";"2022-11-05"
35103;"RR_sup_mv";;"sup_mv";"0";"2022-11-05"
35104;"RR_sup_mv";;"sup_mv";"0";"2022-11-05"
35111;"RR_sup_mv";;"sup_mv";"0";"2022-11-05"
35112;"RR_sup_mv";;"sup_mv";"0";"2022-11-05"
35113;"RR_sup_mv";;"sup_mv";"0";"2022-11-05"
35114;"RR_sup_mv";;"sup_mv";"0";"2022-11-05"
35115;"RR_sup_mv";;"sup_mv";"0";"2022-11-05"
35121;"RR_sup_mv";;"sup_mv";"0";"2022-11-05"
35131;"RR_sup_mv";;"sup_mv";"0";"2022-11-05"
35132;"RR_sup_mv";;"sup_mv";"0";"2022-11-05"
35133;"RR_sup_mv";;"sup_mv";"0";"2022-11-05"
35141;"RR_sup_mv";;"sup_mv";"0";"2022-11-05"
35142;"RR_sup_mv";;"sup_mv";"0";"2022-11-05"
35143;"RR_sup_mv";;"sup_mv";"0";"2022-11-05"
35151;"RR_sup_mv";;"sup_mv";"0";"2022-11-05"
35152;"RR_sup_mv";6.7854623144;"sup_mv";">3";"2022-11-05"
35153;"RR_sup_mv";6.7854623144;"sup_mv";">3";"2022-11-05"
35154;"RR_sup_mv";;"sup_mv";"0";"2022-11-05"
35155;"RR_sup_mv";;"sup_mv";"0";"2022-11-05"
35156;"RR_sup_mv";;"sup_mv";"0";"2022-11-05"
35157;"RR_sup_mv";;"sup_mv";"0";"2022-11-05"
35161;"RR_sup_mv";;"sup_mv";"0";"2022-11-05"
35162;"RR_sup_mv";;"sup_mv";"0";"2022-11-05"
35163;"RR_sup_mv";;"sup_mv";"0";"2022-11-05"
35171;"RR_sup_mv";;"sup_mv";"0";"2022-11-05"
35172;"RR_sup_mv";;"sup_mv";"0";"2022-11-05"
35173;"RR_sup_mv";;"sup_mv";"0";"2022-11-05"
35174;"RR_sup_mv";;"sup_mv";"0";"2022-11-05"
35011;"RR_sup";1.6500442664;"sup";"1.1-2.0";"2022-08-24"
35012;"RR_sup";;"sup";"0";"2022-08-24"
35013;"RR_sup";;"sup";"0";"2022-08-24"
35014;"RR_sup";;"sup";"0";"2022-08-24"
35015;"RR_sup";;"sup";"0";"2022-08-24"
35016;"RR_sup";;"sup";"0";"2022-08-24"
35021;"RR_sup";2.0280023299;"sup";"2.0-3.0";"2022-08-24"
35022;"RR_sup";2.0280023299;"sup";"2.0-3.0";"2022-08-24"
35023;"RR_sup";2.0280023299;"sup";"2.0-3.0";"2022-08-24"
35031;"RR_sup";;"sup";"0";"2022-08-24"
35032;"RR_sup";;"sup";"0";"2022-08-24"
35033;"RR_sup";3.5751809243;"sup";">3";"2022-08-24"
35034;"RR_sup";;"sup";"0";"2022-08-24"
35041;"RR_sup";1.6853724789;"sup";"1.1-2.0";"2022-08-24"
35051;"RR_sup";;"sup";"0";"2022-08-24"
35052;"RR_sup";;"sup";"0";"2022-08-24"
35061;"RR_sup";;"sup";"0";"2022-08-24"
35062;"RR_sup";;"sup";"0";"2022-08-24"
35063;"RR_sup";2.741580059;"sup";"2.0-3.0";"2022-08-24"
35064;"RR_sup";2.741580059;"sup";"2.0-3.0";"2022-08-24"
35065;"RR_sup";2.0280023299;"sup";"2.0-3.0";"2022-08-24"
35071;"RR_sup";;"sup";"0";"2022-08-24"
35072;"RR_sup";;"sup";"0";"2022-08-24"
35073;"RR_sup";;"sup";"0";"2022-08-24"
35074;"RR_sup";;"sup";"0";"2022-08-24"
35081;"RR_sup";6.9603195749;"sup";">3";"2022-08-24"
35082;"RR_sup";;"sup";"0";"2022-08-24"
35083;"RR_sup";;"sup";"0";"2022-08-24"
35091;"RR_sup";2.0280023299;"sup";"2.0-3.0";"2022-08-24"
35092;"RR_sup";2.0280023299;"sup";"2.0-3.0";"2022-08-24"
35093;"RR_sup";2.0280023299;"sup";"2.0-3.0";"2022-08-24"
35094;"RR_sup";2.0280023299;"sup";"2.0-3.0";"2022-08-24"
35095;"RR_sup";2.0280023299;"sup";"2.0-3.0";"2022-08-24"
35101;"RR_sup";;"sup";"0";"2022-08-24"
35102;"RR_sup";;"sup";"0";"2022-08-24"
35103;"RR_sup";2.741580059;"sup";"2.0-3.0";"2022-08-24"
35104;"RR_sup";;"sup";"0";"2022-08-24"
35111;"RR_sup";2.0280023299;"sup";"2.0-3.0";"2022-08-24"
35112;"RR_sup";2.0280023299;"sup";"2.0-3.0";"2022-08-24"
35113;"RR_sup";2.0280023299;"sup";"2.0-3.0";"2022-08-24"
35114;"RR_sup";2.0280023299;"sup";"2.0-3.0";"2022-08-24"
35115;"RR_sup";2.0280023299;"sup";"2.0-3.0";"2022-08-24"
35121;"RR_sup";;"sup";"0";"2022-08-24"
35131;"RR_sup";;"sup";"0";"2022-08-24"
35132;"RR_sup";;"sup";"0";"2022-08-24"
35133;"RR_sup";;"sup";"0";"2022-08-24"
35141;"RR_sup";;"sup";"0";"2022-08-24"
35142;"RR_sup";;"sup";"0";"2022-08-24"
35143;"RR_sup";;"sup";"0";"2022-08-24"
35151;"RR_sup";2.0280023299;"sup";"2.0-3.0";"2022-08-24"
35152;"RR_sup";2.0280023299;"sup";"2.0-3.0";"2022-08-24"
35153;"RR_sup";2.0280023299;"sup";"2.0-3.0";"2022-08-24"
35154;"RR_sup";2.0280023299;"sup";"2.0-3.0";"2022-08-24"
35155;"RR_sup";2.0280023299;"sup";"2.0-3.0";"2022-08-24"
35156;"RR_sup";2.0280023299;"sup";"2.0-3.0";"2022-08-24"
35157;"RR_sup";2.0280023299;"sup";"2.0-3.0";"2022-08-24"
35161;"RR_sup";;"sup";"0";"2022-08-24"
35162;"RR_sup";;"sup";"0";"2022-08-24"
35163;"RR_sup";1.619837217;"sup";"1.1-2.0";"2022-08-24"
35171;"RR_sup";;"sup";"0";"2022-08-24"
35172;"RR_sup";;"sup";"0";"2022-08-24"
35173;"RR_sup";1.5854936843;"sup";"1.1-2.0";"2022-08-24"
35174;"RR_sup";1.5854936843;"sup";"1.1-2.0";"2022-08-24"
35011;"RR_sup_mv";1.292815662;"sup_mv";"1.1-2.0";"2022-08-24"
35012;"RR_sup_mv";;"sup_mv";"0";"2022-08-24"
35013;"RR_sup_mv";;"sup_mv";"0";"2022-08-24"
35014;"RR_sup_mv";;"sup_mv";"0";"2022-08-24"
35015;"RR_sup_mv";;"sup_mv";"0";"2022-08-24"
35016;"RR_sup_mv";;"sup_mv";"0";"2022-08-24"
35021;"RR_sup_mv";1.8244113967;"sup_mv";"1.1-2.0";"2022-08-24"
35022;"RR_sup_mv";1.8244113967;"sup_mv";"1.1-2.0";"2022-08-24"
35023;"RR_sup_mv";1.8244113967;"sup_mv";"1.1-2.0";"2022-08-24"
35031;"RR_sup_mv";;"sup_mv";"0";"2022-08-24"
35032;"RR_sup_mv";;"sup_mv";"0";"2022-08-24"
35033;"RR_sup_mv";3.0902865342;"sup_mv";">3";"2022-08-24"
35034;"RR_sup_mv";;"sup_mv";"0";"2022-08-24"
35041;"RR_sup_mv";1.6105791362;"sup_mv";"1.1-2.0";"2022-08-24"
35051;"RR_sup_mv";;"sup_mv";"0";"2022-08-24"
35052;"RR_sup_mv";;"sup_mv";"0";"2022-08-24"
35061;"RR_sup_mv";;"sup_mv";"0";"2022-08-24"
35062;"RR_sup_mv";;"sup_mv";"0";"2022-08-24"
35063;"RR_sup_mv";2.5100193144;"sup_mv";"2.0-3.0";"2022-08-24"
35064;"RR_sup_mv";2.5100193144;"sup_mv";"2.0-3.0";"2022-08-24"
35065;"RR_sup_mv";1.8244113967;"sup_mv";"1.1-2.0";"2022-08-24"
35071;"RR_sup_mv";;"sup_mv";"0";"2022-08-24"
35072;"RR_sup_mv";;"sup_mv";"0";"2022-08-24"
35073;"RR_sup_mv";;"sup_mv";"0";"2022-08-24"
35074;"RR_sup_mv";;"sup_mv";"0";"2022-08-24"
35081;"RR_sup_mv";4.069856303;"sup_mv";">3";"2022-08-24"
35082;"RR_sup_mv";;"sup_mv";"0";"2022-08-24"
35083;"RR_sup_mv";4.069856303;"sup_mv";">3";"2022-08-24"
35091;"RR_sup_mv";1.8244113967;"sup_mv";"1.1-2.0";"2022-08-24"
35092;"RR_sup_mv";1.8244113967;"sup_mv";"1.1-2.0";"2022-08-24"
35093;"RR_sup_mv";1.8244113967;"sup_mv";"1.1-2.0";"2022-08-24"
35094;"RR_sup_mv";;"sup_mv";"0";"2022-08-24"
35095;"RR_sup_mv";1.8244113967;"sup_mv";"1.1-2.0";"2022-08-24"
35101;"RR_sup_mv";;"sup_mv";"0";"2022-08-24"
35102;"RR_sup_mv";;"sup_mv";"0";"2022-08-24"
35103;"RR_sup_mv";2.5100193144;"sup_mv";"2.0-3.0";"2022-08-24"
35104;"RR_sup_mv";;"sup_mv";"0";"2022-08-24"
35111;"RR_sup_mv";1.8244113967;"sup_mv";"1.1-2.0";"2022-08-24"
35112;"RR_sup_mv";;"sup_mv";"0";"2022-08-24"
35113;"RR_sup_mv";1.8244113967;"sup_mv";"1.1-2.0";"2022-08-24"
35114;"RR_sup_mv";;"sup_mv";"0";"2022-08-24"
35115;"RR_sup_mv";;"sup_mv";"0";"2022-08-24"
35121;"RR_sup_mv";;"sup_mv";"0";"2022-08-24"
35131;"RR_sup_mv";;"sup_mv";"0";"2022-08-24"
35132;"RR_sup_mv";;"sup_mv";"0";"2022-08-24"
35133;"RR_sup_mv";;"sup_mv";"0";"2022-08-24"
35141;"RR_sup_mv";;"sup_mv";"0";"2022-08-24"
35142;"RR_sup_mv";;"sup_mv";"0";"2022-08-24"
35143;"RR_sup_mv";;"sup_mv";"0";"2022-08-24"
35151;"RR_sup_mv";1.8244113967;"sup_mv";"1.1-2.0";"2022-08-24"
35152;"RR_sup_mv";1.8244113967;"sup_mv";"1.1-2.0";"2022-08-24"
35153;"RR_sup_mv";1.8244113967;"sup_mv";"1.1-2.0";"2022-08-24"
35154;"RR_sup_mv";1.8244113967;"sup_mv";"1.1-2.0";"2022-08-24"
35155;"RR_sup_mv";1.8244113967;"sup_mv";"1.1-2.0";"2022-08-24"
35156;"RR_sup_mv";1.8244113967;"sup_mv";"1.1-2.0";"2022-08-24"
35157;"RR_sup_mv";1.8244113967;"sup_mv";"1.1-2.0";"2022-08-24"
35161;"RR_sup_mv";;"sup_mv";"0";"2022-08-24"
35162;"RR_sup_mv";;"sup_mv";"0";"2022-08-24"
35163;"RR_sup_mv";;"sup_mv";"0";"2022-08-24"
35171;"RR_sup_mv";;"sup_mv";"0";"2022-08-24"
35172;"RR_sup_mv";;"sup_mv";"0";"2022-08-24"
35173;"RR_sup_mv";;"sup_mv";"0";"2022-08-24"
35174;"RR_sup_mv";1.701830718;"sup_mv";"1.1-2.0";"2022-08-24"
35011;"RR_sup";;"sup";"0";"2022-08-10"
35012;"RR_sup";;"sup";"0";"2022-08-10"
35013;"RR_sup";;"sup";"0";"2022-08-10"
35014;"RR_sup";;"sup";"0";"2022-08-10"
35015;"RR_sup";;"sup";"0";"2022-08-10"
35016;"RR_sup";;"sup";"0";"2022-08-10"
35021;"RR_sup";2.4835036317;"sup";"2.0-3.0";"2022-08-10"
35022;"RR_sup";2.4835036317;"sup";"2.0-3.0";"2022-08-10"
35023;"RR_sup";2.4835036317;"sup";"2.0-3.0";"2022-08-10"
35031;"RR_sup";2.4835036317;"sup";"2.0-3.0";"2022-08-10"
35032;"RR_sup";2.4835036317;"sup";"2.0-3.0";"2022-08-10"
35033;"RR_sup";2.4835036317;"sup";"2.0-3.0";"2022-08-10"
35034;"RR_sup";2.4835036317;"sup";"2.0-3.0";"2022-08-10"
35041;"RR_sup";;"sup";"0";"2022-08-10"
35051;"RR_sup";2.4835036317;"sup";"2.0-3.0";"2022-08-10"
35052;"RR_sup";2.4835036317;"sup";"2.0-3.0";"2022-08-10"
35061;"RR_sup";2.4835036317;"sup";"2.0-3.0";"2022-08-10"
35062;"RR_sup";2.4835036317;"sup";"2.0-3.0";"2022-08-10"
35063;"RR_sup";2.4835036317;"sup";"2.0-3.0";"2022-08-10"
35064;"RR_sup";2.4835036317;"sup";"2.0-3.0";"2022-08-10"
35065;"RR_sup";2.4835036317;"sup";"2.0-3.0";"2022-08-10"
35071;"RR_sup";;"sup";"0";"2022-08-10"
35072;"RR_sup";1.3330426842;"sup";"1.1-2.0";"2022-08-10"
35073;"RR_sup";;"sup";"0";"2022-08-10"
35074;"RR_sup";;"sup";"0";"2022-08-10"
35081;"RR_sup";2.4835036317;"sup";"2.0-3.0";"2022-08-10"
35082;"RR_sup";2.4835036317;"sup";"2.0-3.0";"2022-08-10"
35083;"RR_sup";2.4835036317;"sup";"2.0-3.0";"2022-08-10"
35091;"RR_sup";2.4835036317;"sup";"2.0-3.0";"2022-08-10"
35092;"RR_sup";2.4835036317;"sup";"2.0-3.0";"2022-08-10"
35093;"RR_sup";2.4835036317;"sup";"2.0-3.0";"2022-08-10"
35094;"RR_sup";2.4835036317;"sup";"2.0-3.0";"2022-08-10"
35095;"RR_sup";2.4835036317;"sup";"2.0-3.0";"2022-08-10"
35101;"RR_sup";2.4835036317;"sup";"2.0-3.0";"2022-08-10"
35102;"RR_sup";;"sup";"0";"2022-08-10"
35103;"RR_sup";2.4835036317;"sup";"2.0-3.0";"2022-08-10"
35104;"RR_sup";2.4835036317;"sup";"2.0-3.0";"2022-08-10"
35111;"RR_sup";2.4835036317;"sup";"2.0-3.0";"2022-08-10"
35112;"RR_sup";2.4835036317;"sup";"2.0-3.0";"2022-08-10"
35113;"RR_sup";2.4835036317;"sup";"2.0-3.0";"2022-08-10"
35114;"RR_sup";2.4835036317;"sup";"2.0-3.0";"2022-08-10"
35115;"RR_sup";2.4835036317;"sup";"2.0-3.0";"2022-08-10"
35121;"RR_sup";;"sup";"0";"2022-08-10"
35131;"RR_sup";2.4835036317;"sup";"2.0-3.0";"2022-08-10"
35132;"RR_sup";2.4835036317;"sup";"2.0-3.0";"2022-08-10"
35133;"RR_sup";2.4835036317;"sup";"2.0-3.0";"2022-08-10"
35141;"RR_sup";;"sup";"0";"2022-08-10"
35142;"RR_sup";;"sup";"0";"2022-08-10"
35143;"RR_sup";2.4835036317;"sup";"2.0-3.0";"2022-08-10"
35151;"RR_sup";2.4835036317;"sup";"2.0-3.0";"2022-08-10"
35152;"RR_sup";2.4835036317;"sup";"2.0-3.0";"2022-08-10"
35153;"RR_sup";2.4835036317;"sup";"2.0-3.0";"2022-08-10"
35154;"RR_sup";2.4835036317;"sup";"2.0-3.0";"2022-08-10"
35155;"RR_sup";2.4835036317;"sup";"2.0-3.0";"2022-08-10"
35156;"RR_sup";2.4835036317;"sup";"2.0-3.0";"2022-08-10"
35157;"RR_sup";2.4835036317;"sup";"2.0-3.0";"2022-08-10"
35161;"RR_sup";;"sup";"0";"2022-08-10"
35162;"RR_sup";;"sup";"0";"2022-08-10"
35163;"RR_sup";;"sup";"0";"2022-08-10"
35171;"RR_sup";;"sup";"0";"2022-08-10"
35172;"RR_sup";;"sup";"0";"2022-08-10"
35173;"RR_sup";;"sup";"0";"2022-08-10"
35174;"RR_sup";;"sup";"0";"2022-08-10"
35011;"RR_sup_mv";;"sup_mv";"0";"2022-08-10"
35012;"RR_sup_mv";;"sup_mv";"0";"2022-08-10"
35013;"RR_sup_mv";;"sup_mv";"0";"2022-08-10"
35014;"RR_sup_mv";;"sup_mv";"0";"2022-08-10"
35015;"RR_sup_mv";;"sup_mv";"0";"2022-08-10"
35016;"RR_sup_mv";;"sup_mv";"0";"2022-08-10"
35021;"RR_sup_mv";1.9942950234;"sup_mv";"1.1-2.0";"2022-08-10"
35022;"RR_sup_mv";1.9942950234;"sup_mv";"1.1-2.0";"2022-08-10"
35023;"RR_sup_mv";1.9942950234;"sup_mv";"1.1-2.0";"2022-08-10"
35031;"RR_sup_mv";1.9942950234;"sup_mv";"1.1-2.0";"2022-08-10"
35032;"RR_sup_mv";1.9942950234;"sup_mv";"1.1-2.0";"2022-08-10"
35033;"RR_sup_mv";1.9942950234;"sup_mv";"1.1-2.0";"2022-08-10"
35034;"RR_sup_mv";1.9942950234;"sup_mv";"1.1-2.0";"2022-08-10"
35041;"RR_sup_mv";;"sup_mv";"0";"2022-08-10"
35051;"RR_sup_mv";1.9942950234;"sup_mv";"1.1-2.0";"2022-08-10"
35052;"RR_sup_mv";1.9942950234;"sup_mv";"1.1-2.0";"2022-08-10"
35061;"RR_sup_mv";1.9942950234;"sup_mv";"1.1-2.0";"2022-08-10"
35062;"RR_sup_mv";1.9942950234;"sup_mv";"1.1-2.0";"2022-08-10"
35063;"RR_sup_mv";1.9942950234;"sup_mv";"1.1-2.0";"2022-08-10"
35064;"RR_sup_mv";1.9942950234;"sup_mv";"1.1-2.0";"2022-08-10"
35065;"RR_sup_mv";1.9942950234;"sup_mv";"1.1-2.0";"2022-08-10"
35071;"RR_sup_mv";;"sup_mv";"0";"2022-08-10"
35072;"RR_sup_mv";;"sup_mv";"0";"2022-08-10"
35073;"RR_sup_mv";;"sup_mv";"0";"2022-08-10"
35074;"RR_sup_mv";;"sup_mv";"0";"2022-08-10"
35081;"RR_sup_mv";;"sup_mv";"0";"2022-08-10"
35082;"RR_sup_mv";1.9942950234;"sup_mv";"1.1-2.0";"2022-08-10"
35083;"RR_sup_mv";1.9942950234;"sup_mv";"1.1-2.0";"2022-08-10"
35091;"RR_sup_mv";1.9942950234;"sup_mv";"1.1-2.0";"2022-08-10"
35092;"RR_sup_mv";1.9942950234;"sup_mv";"1.1-2.0";"2022-08-10"
35093;"RR_sup_mv";1.9942950234;"sup_mv";"1.1-2.0";"2022-08-10"
35094;"RR_sup_mv";1.9942950234;"sup_mv";"1.1-2.0";"2022-08-10"
35095;"RR_sup_mv";1.9942950234;"sup_mv";"1.1-2.0";"2022-08-10"
35101;"RR_sup_mv";;"sup_mv";"0";"2022-08-10"
35102;"RR_sup_mv";;"sup_mv";"0";"2022-08-10"
35103;"RR_sup_mv";1.9942950234;"sup_mv";"1.1-2.0";"2022-08-10"
35104;"RR_sup_mv";1.9942950234;"sup_mv";"1.1-2.0";"2022-08-10"
35111;"RR_sup_mv";1.9942950234;"sup_mv";"1.1-2.0";"2022-08-10"
35112;"RR_sup_mv";1.9942950234;"sup_mv";"1.1-2.0";"2022-08-10"
35113;"RR_sup_mv";1.9942950234;"sup_mv";"1.1-2.0";"2022-08-10"
35114;"RR_sup_mv";1.9942950234;"sup_mv";"1.1-2.0";"2022-08-10"
35115;"RR_sup_mv";1.9942950234;"sup_mv";"1.1-2.0";"2022-08-10"
35121;"RR_sup_mv";;"sup_mv";"0";"2022-08-10"
35131;"RR_sup_mv";1.9942950234;"sup_mv";"1.1-2.0";"2022-08-10"
35132;"RR_sup_mv";1.9942950234;"sup_mv";"1.1-2.0";"2022-08-10"
35133;"RR_sup_mv";1.9942950234;"sup_mv";"1.1-2.0";"2022-08-10"
35141;"RR_sup_mv";;"sup_mv";"0";"2022-08-10"
35142;"RR_sup_mv";;"sup_mv";"0";"2022-08-10"
35143;"RR_sup_mv";;"sup_mv";"0";"2022-08-10"
35151;"RR_sup_mv";1.9942950234;"sup_mv";"1.1-2.0";"2022-08-10"
35152;"RR_sup_mv";1.9942950234;"sup_mv";"1.1-2.0";"2022-08-10"
35153;"RR_sup_mv";1.9942950234;"sup_mv";"1.1-2.0";"2022-08-10"
35154;"RR_sup_mv";1.9942950234;"sup_mv";"1.1-2.0";"2022-08-10"
35155;"RR_sup_mv";1.9942950234;"sup_mv";"1.1-2.0";"2022-08-10"
35156;"RR_sup_mv";1.9942950234;"sup_mv";"1.1-2.0";"2022-08-10"
35157;"RR_sup_mv";1.9942950234;"sup_mv";"1.1-2.0";"2022-08-10"
35161;"RR_sup_mv";;"sup_mv";"0";"2022-08-10"
35162;"RR_sup_mv";;"sup_mv";"0";"2022-08-10"
35163;"RR_sup_mv";;"sup_mv";"0";"2022-08-10"
35171;"RR_sup_mv";;"sup_mv";"0";"2022-08-10"
35172;"RR_sup_mv";;"sup_mv";"0";"2022-08-10"
35173;"RR_sup_mv";;"sup_mv";"0";"2022-08-10"
35174;"RR_sup_mv";;"sup_mv";"0";"2022-08-10"
35011;"RR_sup";;"sup";"0";"2022-07-20"
35012;"RR_sup";;"sup";"0";"2022-07-20"
35013;"RR_sup";;"sup";"0";"2022-07-20"
35014;"RR_sup";;"sup";"0";"2022-07-20"
35015;"RR_sup";;"sup";"0";"2022-07-20"
35016;"RR_sup";;"sup";"0";"2022-07-20"
35021;"RR_sup";;"sup";"0";"2022-07-20"
35022;"RR_sup";3.0336571021;"sup";">3";"2022-07-20"
35023;"RR_sup";;"sup";"0";"2022-07-20"
35031;"RR_sup";;"sup";"0";"2022-07-20"
35032;"RR_sup";1.6489321086;"sup";"1.1-2.0";"2022-07-20"
35033;"RR_sup";1.6489321086;"sup";"1.1-2.0";"2022-07-20"
35034;"RR_sup";;"sup";"0";"2022-07-20"
35041;"RR_sup";;"sup";"0";"2022-07-20"
35051;"RR_sup";1.6489321086;"sup";"1.1-2.0";"2022-07-20"
35052;"RR_sup";1.6489321086;"sup";"1.1-2.0";"2022-07-20"
35061;"RR_sup";;"sup";"0";"2022-07-20"
35062;"RR_sup";;"sup";"0";"2022-07-20"
35063;"RR_sup";2.7712267139;"sup";"2.0-3.0";"2022-07-20"
35064;"RR_sup";1.6603149372;"sup";"1.1-2.0";"2022-07-20"
35065;"RR_sup";;"sup";"0";"2022-07-20"
35071;"RR_sup";;"sup";"0";"2022-07-20"
35072;"RR_sup";;"sup";"0";"2022-07-20"
35073;"RR_sup";;"sup";"0";"2022-07-20"
35074;"RR_sup";;"sup";"0";"2022-07-20"
35081;"RR_sup";;"sup";"0";"2022-07-20"
35082;"RR_sup";1.6489321086;"sup";"1.1-2.0";"2022-07-20"
35083;"RR_sup";7.6615537029;"sup";">3";"2022-07-20"
35091;"RR_sup";2.98913555;"sup";"2.0-3.0";"2022-07-20"
35092;"RR_sup";2.98913555;"sup";"2.0-3.0";"2022-07-20"
35093;"RR_sup";2.98913555;"sup";"2.0-3.0";"2022-07-20"
35094;"RR_sup";;"sup";"0";"2022-07-20"
35095;"RR_sup";2.98913555;"sup";"2.0-3.0";"2022-07-20"
35101;"RR_sup";2.8116552712;"sup";"2.0-3.0";"2022-07-20"
35102;"RR_sup";2.7712267139;"sup";"2.0-3.0";"2022-07-20"
35103;"RR_sup";2.7712267139;"sup";"2.0-3.0";"2022-07-20"
35104;"RR_sup";2.7712267139;"sup";"2.0-3.0";"2022-07-20"
35111;"RR_sup";2.98913555;"sup";"2.0-3.0";"2022-07-20"
35112;"RR_sup";2.98913555;"sup";"2.0-3.0";"2022-07-20"
35113;"RR_sup";2.98913555;"sup";"2.0-3.0";"2022-07-20"
35114;"RR_sup";2.98913555;"sup";"2.0-3.0";"2022-07-20"
35115;"RR_sup";;"sup";"0";"2022-07-20"
35121;"RR_sup";;"sup";"0";"2022-07-20"
35131;"RR_sup";1.6489321086;"sup";"1.1-2.0";"2022-07-20"
35132;"RR_sup";;"sup";"0";"2022-07-20"
35133;"RR_sup";2.8116552712;"sup";"2.0-3.0";"2022-07-20"
35141;"RR_sup";2.8116552712;"sup";"2.0-3.0";"2022-07-20"
35142;"RR_sup";2.8116552712;"sup";"2.0-3.0";"2022-07-20"
35143;"RR_sup";2.8116552712;"sup";"2.0-3.0";"2022-07-20"
35151;"RR_sup";1.6489321086;"sup";"1.1-2.0";"2022-07-20"
35152;"RR_sup";3.0336571021;"sup";">3";"2022-07-20"
35153;"RR_sup";3.0336571021;"sup";">3";"2022-07-20"
35154;"RR_sup";3.0336571021;"sup";">3";"2022-07-20"
35155;"RR_sup";;"sup";"0";"2022-07-20"
35156;"RR_sup";;"sup";"0";"2022-07-20"
35157;"RR_sup";3.0336571021;"sup";">3";"2022-07-20"
35161;"RR_sup";;"sup";"0";"2022-07-20"
35162;"RR_sup";;"sup";"0";"2022-07-20"
35163;"RR_sup";1.2979577424;"sup";"1.1-2.0";"2022-07-20"
35171;"RR_sup";;"sup";"0";"2022-07-20"
35172;"RR_sup";;"sup";"0";"2022-07-20"
35173;"RR_sup";;"sup";"0";"2022-07-20"
35174;"RR_sup";2.490731935;"sup";"2.0-3.0";"2022-07-20"
35011;"RR_sup_mv";;"sup_mv";"0";"2022-07-20"
35012;"RR_sup_mv";;"sup_mv";"0";"2022-07-20"
35013;"RR_sup_mv";;"sup_mv";"0";"2022-07-20"
35014;"RR_sup_mv";;"sup_mv";"0";"2022-07-20"
35015;"RR_sup_mv";;"sup_mv";"0";"2022-07-20"
35016;"RR_sup_mv";;"sup_mv";"0";"2022-07-20"
35021;"RR_sup_mv";1.5403926395;"sup_mv";"1.1-2.0";"2022-07-20"
35022;"RR_sup_mv";1.5403926395;"sup_mv";"1.1-2.0";"2022-07-20"
35023;"RR_sup_mv";1.5403926395;"sup_mv";"1.1-2.0";"2022-07-20"
35031;"RR_sup_mv";;"sup_mv";"0";"2022-07-20"
35032;"RR_sup_mv";;"sup_mv";"0";"2022-07-20"
35033;"RR_sup_mv";;"sup_mv";"0";"2022-07-20"
35034;"RR_sup_mv";1.971705663;"sup_mv";"1.1-2.0";"2022-07-20"
35041;"RR_sup_mv";;"sup_mv";"0";"2022-07-20"
35051;"RR_sup_mv";1.5403926395;"sup_mv";"1.1-2.0";"2022-07-20"
35052;"RR_sup_mv";;"sup_mv";"0";"2022-07-20"
35061;"RR_sup_mv";;"sup_mv";"0";"2022-07-20"
35062;"RR_sup_mv";;"sup_mv";"0";"2022-07-20"
35063;"RR_sup_mv";1.3158213706;"sup_mv";"1.1-2.0";"2022-07-20"
35064;"RR_sup_mv";1.971705663;"sup_mv";"1.1-2.0";"2022-07-20"
35065;"RR_sup_mv";;"sup_mv";"0";"2022-07-20"
35071;"RR_sup_mv";;"sup_mv";"0";"2022-07-20"
35072;"RR_sup_mv";;"sup_mv";"0";"2022-07-20"
35073;"RR_sup_mv";;"sup_mv";"0";"2022-07-20"
35074;"RR_sup_mv";;"sup_mv";"0";"2022-07-20"
35081;"RR_sup_mv";;"sup_mv";"0";"2022-07-20"
35082;"RR_sup_mv";;"sup_mv";"0";"2022-07-20"
35083;"RR_sup_mv";5.0241898312;"sup_mv";">3";"2022-07-20"
35091;"RR_sup_mv";2.2098859551;"sup_mv";"2.0-3.0";"2022-07-20"
35092;"RR_sup_mv";2.2098859551;"sup_mv";"2.0-3.0";"2022-07-20"
35093;"RR_sup_mv";2.2098859551;"sup_mv";"2.0-3.0";"2022-07-20"
35094;"RR_sup_mv";;"sup_mv";"0";"2022-07-20"
35095;"RR_sup_mv";2.2098859551;"sup_mv";"2.0-3.0";"2022-07-20"
35101;"RR_sup_mv";1.971705663;"sup_mv";"1.1-2.0";"2022-07-20"
35102;"RR_sup_mv";1.971705663;"sup_mv";"1.1-2.0";"2022-07-20"
35103;"RR_sup_mv";1.971705663;"sup_mv";"1.1-2.0";"2022-07-20"
35104;"RR_sup_mv";1.971705663;"sup_mv";"1.1-2.0";"2022-07-20"
35111;"RR_sup_mv";2.2098859551;"sup_mv";"2.0-3.0";"2022-07-20"
35112;"RR_sup_mv";2.2098859551;"sup_mv";"2.0-3.0";"2022-07-20"
35113;"RR_sup_mv";2.2098859551;"sup_mv";"2.0-3.0";"2022-07-20"
35114;"RR_sup_mv";2.2098859551;"sup_mv";"2.0-3.0";"2022-07-20"
35115;"RR_sup_mv";;"sup_mv";"0";"2022-07-20"
35121;"RR_sup_mv";;"sup_mv";"0";"2022-07-20"
35131;"RR_sup_mv";;"sup_mv";"0";"2022-07-20"
35132;"RR_sup_mv";;"sup_mv";"0";"2022-07-20"
35133;"RR_sup_mv";3.9773498582;"sup_mv";">3";"2022-07-20"
35141;"RR_sup_mv";1.971705663;"sup_mv";"1.1-2.0";"2022-07-20"
35142;"RR_sup_mv";;"sup_mv";"0";"2022-07-20"
35143;"RR_sup_mv";;"sup_mv";"0";"2022-07-20"
35151;"RR_sup_mv";1.5403926395;"sup_mv";"1.1-2.0";"2022-07-20"
35152;"RR_sup_mv";1.5403926395;"sup_mv";"1.1-2.0";"2022-07-20"
35153;"RR_sup_mv";1.5403926395;"sup_mv";"1.1-2.0";"2022-07-20"
35154;"RR_sup_mv";1.5403926395;"sup_mv";"1.1-2.0";"2022-07-20"
35155;"RR_sup_mv";1.5403926395;"sup_mv";"1.1-2.0";"2022-07-20"
35156;"RR_sup_mv";1.5403926395;"sup_mv";"1.1-2.0";"2022-07-20"
35157;"RR_sup_mv";1.5403926395;"sup_mv";"1.1-2.0";"2022-07-20"
35161;"RR_sup_mv";1.3158213706;"sup_mv";"1.1-2.0";"2022-07-20"
35162;"RR_sup_mv";;"sup_mv";"0";"2022-07-20"
35163;"RR_sup_mv";1.3158213706;"sup_mv";"1.1-2.0";"2022-07-20"
35171;"RR_sup_mv";;"sup_mv";"0";"2022-07-20"
35172;"RR_sup_mv";;"sup_mv";"0";"2022-07-20"
35173;"RR_sup_mv";;"sup_mv";"0";"2022-07-20"
35174;"RR_sup_mv";1.8708203949;"sup_mv";"1.1-2.0";"2022-07-20"
35011;"RR_sup";;"sup";"0";"2022-07-06"
35012;"RR_sup";;"sup";"0";"2022-07-06"
35013;"RR_sup";;"sup";"0";"2022-07-06"
35014;"RR_sup";;"sup";"0";"2022-07-06"
35015;"RR_sup";1.388064882;"sup";"1.1-2.0";"2022-07-06"
35016;"RR_sup";;"sup";"0";"2022-07-06"
35021;"RR_sup";2.1080773639;"sup";"2.0-3.0";"2022-07-06"
35022;"RR_sup";2.1080773639;"sup";"2.0-3.0";"2022-07-06"
35023;"RR_sup";2.1080773639;"sup";"2.0-3.0";"2022-07-06"
35031;"RR_sup";2.1263498717;"sup";"2.0-3.0";"2022-07-06"
35032;"RR_sup";2.1263498717;"sup";"2.0-3.0";"2022-07-06"
35033;"RR_sup";2.1263498717;"sup";"2.0-3.0";"2022-07-06"
35034;"RR_sup";;"sup";"0";"2022-07-06"
35041;"RR_sup";;"sup";"0";"2022-07-06"
35051;"RR_sup";;"sup";"0";"2022-07-06"
35052;"RR_sup";;"sup";"0";"2022-07-06"
35061;"RR_sup";;"sup";"0";"2022-07-06"
35062;"RR_sup";;"sup";"0";"2022-07-06"
35063;"RR_sup";2.6079851995;"sup";"2.0-3.0";"2022-07-06"
35064;"RR_sup";;"sup";"0";"2022-07-06"
35065;"RR_sup";2.1080773639;"sup";"2.0-3.0";"2022-07-06"
35071;"RR_sup";;"sup";"0";"2022-07-06"
35072;"RR_sup";;"sup";"0";"2022-07-06"
35073;"RR_sup";;"sup";"0";"2022-07-06"
35074;"RR_sup";1.8950125532;"sup";"1.1-2.0";"2022-07-06"
35081;"RR_sup";;"sup";"0";"2022-07-06"
35082;"RR_sup";2.4840923451;"sup";"2.0-3.0";"2022-07-06"
35083;"RR_sup";2.4840923451;"sup";"2.0-3.0";"2022-07-06"
35091;"RR_sup";2.1080773639;"sup";"2.0-3.0";"2022-07-06"
35092;"RR_sup";;"sup";"0";"2022-07-06"
35093;"RR_sup";2.1080773639;"sup";"2.0-3.0";"2022-07-06"
35094;"RR_sup";;"sup";"0";"2022-07-06"
35095;"RR_sup";2.1080773639;"sup";"2.0-3.0";"2022-07-06"
35101;"RR_sup";1.8950125532;"sup";"1.1-2.0";"2022-07-06"
35102;"RR_sup";;"sup";"0";"2022-07-06"
35103;"RR_sup";2.6079851995;"sup";"2.0-3.0";"2022-07-06"
35104;"RR_sup";;"sup";"0";"2022-07-06"
35111;"RR_sup";2.1080773639;"sup";"2.0-3.0";"2022-07-06"
35112;"RR_sup";2.1080773639;"sup";"2.0-3.0";"2022-07-06"
35113;"RR_sup";2.1080773639;"sup";"2.0-3.0";"2022-07-06"
35114;"RR_sup";2.1080773639;"sup";"2.0-3.0";"2022-07-06"
35115;"RR_sup";2.1080773639;"sup";"2.0-3.0";"2022-07-06"
35121;"RR_sup";1.6431341406;"sup";"1.1-2.0";"2022-07-06"
35131;"RR_sup";;"sup";"0";"2022-07-06"
35132;"RR_sup";;"sup";"0";"2022-07-06"
35133;"RR_sup";;"sup";"0";"2022-07-06"
35141;"RR_sup";1.8950125532;"sup";"1.1-2.0";"2022-07-06"
35142;"RR_sup";1.8950125532;"sup";"1.1-2.0";"2022-07-06"
35143;"RR_sup";1.8950125532;"sup";"1.1-2.0";"2022-07-06"
35151;"RR_sup";2.1263498717;"sup";"2.0-3.0";"2022-07-06"
35152;"RR_sup";2.1080773639;"sup";"2.0-3.0";"2022-07-06"
35153;"RR_sup";2.1080773639;"sup";"2.0-3.0";"2022-07-06"
35154;"RR_sup";2.1080773639;"sup";"2.0-3.0";"2022-07-06"
35155;"RR_sup";2.1080773639;"sup";"2.0-3.0";"2022-07-06"
35156;"RR_sup";2.1080773639;"sup";"2.0-3.0";"2022-07-06"
35157;"RR_sup";2.1080773639;"sup";"2.0-3.0";"2022-07-06"
35161;"RR_sup";1.6431341406;"sup";"1.1-2.0";"2022-07-06"
35162;"RR_sup";;"sup";"0";"2022-07-06"
35163;"RR_sup";;"sup";"0";"2022-07-06"
35171;"RR_sup";1.5377079206;"sup";"1.1-2.0";"2022-07-06"
35172;"RR_sup";;"sup";"0";"2022-07-06"
35173;"RR_sup";1.5377079206;"sup";"1.1-2.0";"2022-07-06"
35174;"RR_sup";1.5377079206;"sup";"1.1-2.0";"2022-07-06"
35011;"RR_sup_mv";;"sup_mv";"0";"2022-07-06"
35012;"RR_sup_mv";;"sup_mv";"0";"2022-07-06"
35013;"RR_sup_mv";;"sup_mv";"0";"2022-07-06"
35014;"RR_sup_mv";;"sup_mv";"0";"2022-07-06"
35015;"RR_sup_mv";1.2716249038;"sup_mv";"1.1-2.0";"2022-07-06"
35016;"RR_sup_mv";;"sup_mv";"0";"2022-07-06"
35021;"RR_sup_mv";1.8025159796;"sup_mv";"1.1-2.0";"2022-07-06"
35022;"RR_sup_mv";1.8025159796;"sup_mv";"1.1-2.0";"2022-07-06"
35023;"RR_sup_mv";1.8025159796;"sup_mv";"1.1-2.0";"2022-07-06"
35031;"RR_sup_mv";;"sup_mv";"0";"2022-07-06"
35032;"RR_sup_mv";1.9432522463;"sup_mv";"1.1-2.0";"2022-07-06"
35033;"RR_sup_mv";1.9432522463;"sup_mv";"1.1-2.0";"2022-07-06"
35034;"RR_sup_mv";;"sup_mv";"0";"2022-07-06"
35041;"RR_sup_mv";;"sup_mv";"0";"2022-07-06"
35051;"RR_sup_mv";;"sup_mv";"0";"2022-07-06"
35052;"RR_sup_mv";;"sup_mv";"0";"2022-07-06"
35061;"RR_sup_mv";;"sup_mv";"0";"2022-07-06"
35062;"RR_sup_mv";;"sup_mv";"0";"2022-07-06"
35063;"RR_sup_mv";2.3084549132;"sup_mv";"2.0-3.0";"2022-07-06"
35064;"RR_sup_mv";;"sup_mv";"0";"2022-07-06"
35065;"RR_sup_mv";1.8025159796;"sup_mv";"1.1-2.0";"2022-07-06"
35071;"RR_sup_mv";;"sup_mv";"0";"2022-07-06"
35072;"RR_sup_mv";;"sup_mv";"0";"2022-07-06"
35073;"RR_sup_mv";;"sup_mv";"0";"2022-07-06"
35074;"RR_sup_mv";2.0020750739;"sup_mv";"2.0-3.0";"2022-07-06"
35081;"RR_sup_mv";;"sup_mv";"0";"2022-07-06"
35082;"RR_sup_mv";1.9876758161;"sup_mv";"1.1-2.0";"2022-07-06"
35083;"RR_sup_mv";1.9876758161;"sup_mv";"1.1-2.0";"2022-07-06"
35091;"RR_sup_mv";1.8025159796;"sup_mv";"1.1-2.0";"2022-07-06"
35092;"RR_sup_mv";;"sup_mv";"0";"2022-07-06"
35093;"RR_sup_mv";1.8025159796;"sup_mv";"1.1-2.0";"2022-07-06"
35094;"RR_sup_mv";;"sup_mv";"0";"2022-07-06"
35095;"RR_sup_mv";1.8025159796;"sup_mv";"1.1-2.0";"2022-07-06"
35101;"RR_sup_mv";;"sup_mv";"0";"2022-07-06"
35102;"RR_sup_mv";;"sup_mv";"0";"2022-07-06"
35103;"RR_sup_mv";2.3084549132;"sup_mv";"2.0-3.0";"2022-07-06"
35104;"RR_sup_mv";;"sup_mv";"0";"2022-07-06"
35111;"RR_sup_mv";1.8025159796;"sup_mv";"1.1-2.0";"2022-07-06"
35112;"RR_sup_mv";1.8025159796;"sup_mv";"1.1-2.0";"2022-07-06"
35113;"RR_sup_mv";1.8025159796;"sup_mv";"1.1-2.0";"2022-07-06"
35114;"RR_sup_mv";1.8025159796;"sup_mv";"1.1-2.0";"2022-07-06"
35115;"RR_sup_mv";1.8025159796;"sup_mv";"1.1-2.0";"2022-07-06"
35121;"RR_sup_mv";;"sup_mv";"0";"2022-07-06"
35131;"RR_sup_mv";;"sup_mv";"0";"2022-07-06"
35132;"RR_sup_mv";;"sup_mv";"0";"2022-07-06"
35133;"RR_sup_mv";;"sup_mv";"0";"2022-07-06"
35141;"RR_sup_mv";2.0020750739;"sup_mv";"2.0-3.0";"2022-07-06"
35142;"RR_sup_mv";;"sup_mv";"0";"2022-07-06"
35143;"RR_sup_mv";;"sup_mv";"0";"2022-07-06"
35151;"RR_sup_mv";1.9432522463;"sup_mv";"1.1-2.0";"2022-07-06"
35152;"RR_sup_mv";1.8025159796;"sup_mv";"1.1-2.0";"2022-07-06"
35153;"RR_sup_mv";1.8025159796;"sup_mv";"1.1-2.0";"2022-07-06"
35154;"RR_sup_mv";1.8025159796;"sup_mv";"1.1-2.0";"2022-07-06"
35155;"RR_sup_mv";1.8025159796;"sup_mv";"1.1-2.0";"2022-07-06"
35156;"RR_sup_mv";1.8025159796;"sup_mv";"1.1-2.0";"2022-07-06"
35157;"RR_sup_mv";1.8025159796;"sup_mv";"1.1-2.0";"2022-07-06"
35161;"RR_sup_mv";;"sup_mv";"0";"2022-07-06"
35162;"RR_sup_mv";;"sup_mv";"0";"2022-07-06"
35163;"RR_sup_mv";;"sup_mv";"0";"2022-07-06"
35171;"RR_sup_mv";1.2739506617;"sup_mv";"1.1-2.0";"2022-07-06"
35172;"RR_sup_mv";;"sup_mv";"0";"2022-07-06"
35173;"RR_sup_mv";1.2739506617;"sup_mv";"1.1-2.0";"2022-07-06"
35174;"RR_sup_mv";1.2739506617;"sup_mv";"1.1-2.0";"2022-07-06"
35011;"RR_sup";;"sup";"0";"2022-06-12"
35012;"RR_sup";;"sup";"0";"2022-06-12"
35013;"RR_sup";;"sup";"0";"2022-06-12"
35014;"RR_sup";;"sup";"0";"2022-06-12"
35015;"RR_sup";;"sup";"0";"2022-06-12"
35016;"RR_sup";;"sup";"0";"2022-06-12"
35021;"RR_sup";2.919317805;"sup";"2.0-3.0";"2022-06-12"
35022;"RR_sup";;"sup";"0";"2022-06-12"
35023;"RR_sup";;"sup";"0";"2022-06-12"
35031;"RR_sup";1.4324206702;"sup";"1.1-2.0";"2022-06-12"
35032;"RR_sup";2.8215186951;"sup";"2.0-3.0";"2022-06-12"
35033;"RR_sup";2.8215186951;"sup";"2.0-3.0";"2022-06-12"
35034;"RR_sup";1.4324206702;"sup";"1.1-2.0";"2022-06-12"
35041;"RR_sup";;"sup";"0";"2022-06-12"
35051;"RR_sup";;"sup";"0";"2022-06-12"
35052;"RR_sup";;"sup";"0";"2022-06-12"
35061;"RR_sup";1.687080074;"sup";"1.1-2.0";"2022-06-12"
35062;"RR_sup";1.4324206702;"sup";"1.1-2.0";"2022-06-12"
35063;"RR_sup";2.6845821062;"sup";"2.0-3.0";"2022-06-12"
35064;"RR_sup";1.4324206702;"sup";"1.1-2.0";"2022-06-12"
35065;"RR_sup";34.0187099995;"sup";">3";"2022-06-12"
35071;"RR_sup";;"sup";"0";"2022-06-12"
35072;"RR_sup";;"sup";"0";"2022-06-12"
35073;"RR_sup";;"sup";"0";"2022-06-12"
35074;"RR_sup";2.3569711244;"sup";"2.0-3.0";"2022-06-12"
35081;"RR_sup";9.029732979;"sup";">3";"2022-06-12"
35082;"RR_sup";;"sup";"0";"2022-06-12"
35083;"RR_sup";9.029732979;"sup";">3";"2022-06-12"
35091;"RR_sup";3.4611475181;"sup";">3";"2022-06-12"
35092;"RR_sup";;"sup";"0";"2022-06-12"
35093;"RR_sup";1.687080074;"sup";"1.1-2.0";"2022-06-12"
35094;"RR_sup";1.687080074;"sup";"1.1-2.0";"2022-06-12"
35095;"RR_sup";3.4611475181;"sup";">3";"2022-06-12"
35101;"RR_sup";2.3569711244;"sup";"2.0-3.0";"2022-06-12"
35102;"RR_sup";;"sup";"0";"2022-06-12"
35103;"RR_sup";2.6845821062;"sup";"2.0-3.0";"2022-06-12"
35104;"RR_sup";;"sup";"0";"2022-06-12"
35111;"RR_sup";3.4611475181;"sup";">3";"2022-06-12"
35112;"RR_sup";3.4611475181;"sup";">3";"2022-06-12"
35113;"RR_sup";3.4611475181;"sup";">3";"2022-06-12"
35114;"RR_sup";3.4611475181;"sup";">3";"2022-06-12"
35115;"RR_sup";3.4611475181;"sup";">3";"2022-06-12"
35121;"RR_sup";;"sup";"0";"2022-06-12"
35131;"RR_sup";;"sup";"0";"2022-06-12"
35132;"RR_sup";1.7871255696;"sup";"1.1-2.0";"2022-06-12"
35133;"RR_sup";1.7871255696;"sup";"1.1-2.0";"2022-06-12"
35141;"RR_sup";2.3569711244;"sup";"2.0-3.0";"2022-06-12"
35142;"RR_sup";2.3569711244;"sup";"2.0-3.0";"2022-06-12"
35143;"RR_sup";2.3569711244;"sup";"2.0-3.0";"2022-06-12"
35151;"RR_sup";2.8215186951;"sup";"2.0-3.0";"2022-06-12"
35152;"RR_sup";2.919317805;"sup";"2.0-3.0";"2022-06-12"
35153;"RR_sup";2.919317805;"sup";"2.0-3.0";"2022-06-12"
35154;"RR_sup";2.919317805;"sup";"2.0-3.0";"2022-06-12"
35155;"RR_sup";2.919317805;"sup";"2.0-3.0";"2022-06-12"
35156;"RR_sup";2.919317805;"sup";"2.0-3.0";"2022-06-12"
35157;"RR_sup";2.919317805;"sup";"2.0-3.0";"2022-06-12"
35161;"RR_sup";;"sup";"0";"2022-06-12"
35162;"RR_sup";;"sup";"0";"2022-06-12"
35163;"RR_sup";;"sup";"0";"2022-06-12"
35171;"RR_sup";1.2803849971;"sup";"1.1-2.0";"2022-06-12"
35172;"RR_sup";;"sup";"0";"2022-06-12"
35173;"RR_sup";1.8093760119;"sup";"1.1-2.0";"2022-06-12"
35174;"RR_sup";;"sup";"0";"2022-06-12"
35011;"RR_sup_mv";;"sup_mv";"0";"2022-06-12"
35012;"RR_sup_mv";;"sup_mv";"0";"2022-06-12"
35013;"RR_sup_mv";;"sup_mv";"0";"2022-06-12"
35014;"RR_sup_mv";;"sup_mv";"0";"2022-06-12"
35015;"RR_sup_mv";;"sup_mv";"0";"2022-06-12"
35016;"RR_sup_mv";;"sup_mv";"0";"2022-06-12"
35021;"RR_sup_mv";2.7266735896;"sup_mv";"2.0-3.0";"2022-06-12"
35022;"RR_sup_mv";;"sup_mv";"0";"2022-06-12"
35023;"RR_sup_mv";;"sup_mv";"0";"2022-06-12"
35031;"RR_sup_mv";1.3569316116;"sup_mv";"1.1-2.0";"2022-06-12"
35032;"RR_sup_mv";2.7980903423;"sup_mv";"2.0-3.0";"2022-06-12"
35033;"RR_sup_mv";2.7980903423;"sup_mv";"2.0-3.0";"2022-06-12"
35034;"RR_sup_mv";1.3569316116;"sup_mv";"1.1-2.0";"2022-06-12"
35041;"RR_sup_mv";;"sup_mv";"0";"2022-06-12"
35051;"RR_sup_mv";;"sup_mv";"0";"2022-06-12"
35052;"RR_sup_mv";;"sup_mv";"0";"2022-06-12"
35061;"RR_sup_mv";1.7256550493;"sup_mv";"1.1-2.0";"2022-06-12"
35062;"RR_sup_mv";1.3569316116;"sup_mv";"1.1-2.0";"2022-06-12"
35063;"RR_sup_mv";2.5853727327;"sup_mv";"2.0-3.0";"2022-06-12"
35064;"RR_sup_mv";1.3569316116;"sup_mv";"1.1-2.0";"2022-06-12"
35065;"RR_sup_mv";24.8082143782;"sup_mv";">3";"2022-06-12"
35071;"RR_sup_mv";;"sup_mv";"0";"2022-06-12"
35072;"RR_sup_mv";;"sup_mv";"0";"2022-06-12"
35073;"RR_sup_mv";;"sup_mv";"0";"2022-06-12"
35074;"RR_sup_mv";2.2285776318;"sup_mv";"2.0-3.0";"2022-06-12"
35081;"RR_sup_mv";8.229237347;"sup_mv";">3";"2022-06-12"
35082;"RR_sup_mv";;"sup_mv";"0";"2022-06-12"
35083;"RR_sup_mv";8.229237347;"sup_mv";">3";"2022-06-12"
35091;"RR_sup_mv";3.2923433178;"sup_mv";">3";"2022-06-12"
35092;"RR_sup_mv";;"sup_mv";"0";"2022-06-12"
35093;"RR_sup_mv";1.7256550493;"sup_mv";"1.1-2.0";"2022-06-12"
35094;"RR_sup_mv";1.7256550493;"sup_mv";"1.1-2.0";"2022-06-12"
35095;"RR_sup_mv";3.2923433178;"sup_mv";">3";"2022-06-12"
35101;"RR_sup_mv";2.2285776318;"sup_mv";"2.0-3.0";"2022-06-12"
35102;"RR_sup_mv";;"sup_mv";"0";"2022-06-12"
35103;"RR_sup_mv";2.5853727327;"sup_mv";"2.0-3.0";"2022-06-12"
35104;"RR_sup_mv";;"sup_mv";"0";"2022-06-12"
35111;"RR_sup_mv";3.2923433178;"sup_mv";">3";"2022-06-12"
35112;"RR_sup_mv";3.2923433178;"sup_mv";">3";"2022-06-12"
35113;"RR_sup_mv";3.2923433178;"sup_mv";">3";"2022-06-12"
35114;"RR_sup_mv";3.2923433178;"sup_mv";">3";"2022-06-12"
35115;"RR_sup_mv";3.2923433178;"sup_mv";">3";"2022-06-12"
35121;"RR_sup_mv";;"sup_mv";"0";"2022-06-12"
35131;"RR_sup_mv";;"sup_mv";"0";"2022-06-12"
35132;"RR_sup_mv";1.6810465081;"sup_mv";"1.1-2.0";"2022-06-12"
35133;"RR_sup_mv";1.6810465081;"sup_mv";"1.1-2.0";"2022-06-12"
35141;"RR_sup_mv";2.2285776318;"sup_mv";"2.0-3.0";"2022-06-12"
35142;"RR_sup_mv";2.2285776318;"sup_mv";"2.0-3.0";"2022-06-12"
35143;"RR_sup_mv";2.2285776318;"sup_mv";"2.0-3.0";"2022-06-12"
35151;"RR_sup_mv";2.7980903423;"sup_mv";"2.0-3.0";"2022-06-12"
35152;"RR_sup_mv";2.7266735896;"sup_mv";"2.0-3.0";"2022-06-12"
35153;"RR_sup_mv";2.7266735896;"sup_mv";"2.0-3.0";"2022-06-12"
35154;"RR_sup_mv";2.7266735896;"sup_mv";"2.0-3.0";"2022-06-12"
35155;"RR_sup_mv";2.7266735896;"sup_mv";"2.0-3.0";"2022-06-12"
35156;"RR_sup_mv";2.7266735896;"sup_mv";"2.0-3.0";"2022-06-12"
35157;"RR_sup_mv";2.7266735896;"sup_mv";"2.0-3.0";"2022-06-12"
35161;"RR_sup_mv";;"sup_mv";"0";"2022-06-12"
35162;"RR_sup_mv";;"sup_mv";"0";"2022-06-12"
35163;"RR_sup_mv";;"sup_mv";"0";"2022-06-12"
35171;"RR_sup_mv";;"sup_mv";"0";"2022-06-12"
35172;"RR_sup_mv";;"sup_mv";"0";"2022-06-12"
35173;"RR_sup_mv";1.6925873479;"sup_mv";"1.1-2.0";"2022-06-12"
35174;"RR_sup_mv";;"sup_mv";"0";"2022-06-12"
35011;"RR_sup";;"sup";"0";"2022-06-08"
35012;"RR_sup";;"sup";"0";"2022-06-08"
35013;"RR_sup";;"sup";"0";"2022-06-08"
35014;"RR_sup";;"sup";"0";"2022-06-08"
35015;"RR_sup";;"sup";"0";"2022-06-08"
35016;"RR_sup";;"sup";"0";"2022-06-08"
35021;"RR_sup";2.6497302727;"sup";"2.0-3.0";"2022-06-08"
35022;"RR_sup";2.6497302727;"sup";"2.0-3.0";"2022-06-08"
35023;"RR_sup";2.6497302727;"sup";"2.0-3.0";"2022-06-08"
35031;"RR_sup";1.5937631052;"sup";"1.1-2.0";"2022-06-08"
35032;"RR_sup";3.3006817857;"sup";">3";"2022-06-08"
35033;"RR_sup";3.3006817857;"sup";">3";"2022-06-08"
35034;"RR_sup";1.5937631052;"sup";"1.1-2.0";"2022-06-08"
35041;"RR_sup";;"sup";"0";"2022-06-08"
35051;"RR_sup";;"sup";"0";"2022-06-08"
35052;"RR_sup";3.3006817857;"sup";">3";"2022-06-08"
35061;"RR_sup";;"sup";"0";"2022-06-08"
35062;"RR_sup";;"sup";"0";"2022-06-08"
35063;"RR_sup";2.1439761378;"sup";"2.0-3.0";"2022-06-08"
35064;"RR_sup";;"sup";"0";"2022-06-08"
35065;"RR_sup";3.3006817857;"sup";">3";"2022-06-08"
35071;"RR_sup";;"sup";"0";"2022-06-08"
35072;"RR_sup";;"sup";"0";"2022-06-08"
35073;"RR_sup";;"sup";"0";"2022-06-08"
35074;"RR_sup";2.579956362;"sup";"2.0-3.0";"2022-06-08"
35081;"RR_sup";19.7483884089;"sup";">3";"2022-06-08"
35082;"RR_sup";;"sup";"0";"2022-06-08"
35083;"RR_sup";;"sup";"0";"2022-06-08"
35091;"RR_sup";2.6497302727;"sup";"2.0-3.0";"2022-06-08"
35092;"RR_sup";;"sup";"0";"2022-06-08"
35093;"RR_sup";;"sup";"0";"2022-06-08"
35094;"RR_sup";;"sup";"0";"2022-06-08"
35095;"RR_sup";2.6497302727;"sup";"2.0-3.0";"2022-06-08"
35101;"RR_sup";;"sup";"0";"2022-06-08"
35102;"RR_sup";;"sup";"0";"2022-06-08"
35103;"RR_sup";2.1439761378;"sup";"2.0-3.0";"2022-06-08"
35104;"RR_sup";;"sup";"0";"2022-06-08"
35111;"RR_sup";2.6497302727;"sup";"2.0-3.0";"2022-06-08"
35112;"RR_sup";2.6497302727;"sup";"2.0-3.0";"2022-06-08"
35113;"RR_sup";2.6497302727;"sup";"2.0-3.0";"2022-06-08"
35114;"RR_sup";2.6497302727;"sup";"2.0-3.0";"2022-06-08"
35115;"RR_sup";2.6497302727;"sup";"2.0-3.0";"2022-06-08"
35121;"RR_sup";;"sup";"0";"2022-06-08"
35131;"RR_sup";1.5937631052;"sup";"1.1-2.0";"2022-06-08"
35132;"RR_sup";1.5937631052;"sup";"1.1-2.0";"2022-06-08"
35133;"RR_sup";1.5937631052;"sup";"1.1-2.0";"2022-06-08"
35141;"RR_sup";2.579956362;"sup";"2.0-3.0";"2022-06-08"
35142;"RR_sup";2.579956362;"sup";"2.0-3.0";"2022-06-08"
35143;"RR_sup";;"sup";"0";"2022-06-08"
35151;"RR_sup";3.3006817857;"sup";">3";"2022-06-08"
35152;"RR_sup";2.6497302727;"sup";"2.0-3.0";"2022-06-08"
35153;"RR_sup";2.6497302727;"sup";"2.0-3.0";"2022-06-08"
35154;"RR_sup";;"sup";"0";"2022-06-08"
35155;"RR_sup";3.3006817857;"sup";">3";"2022-06-08"
35156;"RR_sup";3.3006817857;"sup";">3";"2022-06-08"
35157;"RR_sup";;"sup";"0";"2022-06-08"
35161;"RR_sup";;"sup";"0";"2022-06-08"
35162;"RR_sup";;"sup";"0";"2022-06-08"
35163;"RR_sup";;"sup";"0";"2022-06-08"
35171;"RR_sup";;"sup";"0";"2022-06-08"
35172;"RR_sup";1.380402742;"sup";"1.1-2.0";"2022-06-08"
35173;"RR_sup";1.380402742;"sup";"1.1-2.0";"2022-06-08"
35174;"RR_sup";1.380402742;"sup";"1.1-2.0";"2022-06-08"
35011;"RR_sup_mv";;"sup_mv";"0";"2022-06-08"
35012;"RR_sup_mv";;"sup_mv";"0";"2022-06-08"
35013;"RR_sup_mv";;"sup_mv";"0";"2022-06-08"
35014;"RR_sup_mv";;"sup_mv";"0";"2022-06-08"
35015;"RR_sup_mv";;"sup_mv";"0";"2022-06-08"
35016;"RR_sup_mv";;"sup_mv";"0";"2022-06-08"
35021;"RR_sup_mv";2.503412488;"sup_mv";"2.0-3.0";"2022-06-08"
35022;"RR_sup_mv";2.503412488;"sup_mv";"2.0-3.0";"2022-06-08"
35023;"RR_sup_mv";2.503412488;"sup_mv";"2.0-3.0";"2022-06-08"
35031;"RR_sup_mv";;"sup_mv";"0";"2022-06-08"
35032;"RR_sup_mv";2.503412488;"sup_mv";"2.0-3.0";"2022-06-08"
35033;"RR_sup_mv";2.503412488;"sup_mv";"2.0-3.0";"2022-06-08"
35034;"RR_sup_mv";1.4281600985;"sup_mv";"1.1-2.0";"2022-06-08"
35041;"RR_sup_mv";;"sup_mv";"0";"2022-06-08"
35051;"RR_sup_mv";;"sup_mv";"0";"2022-06-08"
35052;"RR_sup_mv";;"sup_mv";"0";"2022-06-08"
35061;"RR_sup_mv";;"sup_mv";"0";"2022-06-08"
35062;"RR_sup_mv";2.503412488;"sup_mv";"2.0-3.0";"2022-06-08"
35063;"RR_sup_mv";;"sup_mv";"0";"2022-06-08"
35064;"RR_sup_mv";;"sup_mv";"0";"2022-06-08"
35065;"RR_sup_mv";2.503412488;"sup_mv";"2.0-3.0";"2022-06-08"
35071;"RR_sup_mv";1.4281600985;"sup_mv";"1.1-2.0";"2022-06-08"
35072;"RR_sup_mv";1.4281600985;"sup_mv";"1.1-2.0";"2022-06-08"
35073;"RR_sup_mv";;"sup_mv";"0";"2022-06-08"
35074;"RR_sup_mv";1.4281600985;"sup_mv";"1.1-2.0";"2022-06-08"
35081;"RR_sup_mv";15.1531157767;"sup_mv";">3";"2022-06-08"
35082;"RR_sup_mv";;"sup_mv";"0";"2022-06-08"
35083;"RR_sup_mv";;"sup_mv";"0";"2022-06-08"
35091;"RR_sup_mv";2.503412488;"sup_mv";"2.0-3.0";"2022-06-08"
35092;"RR_sup_mv";2.503412488;"sup_mv";"2.0-3.0";"2022-06-08"
35093;"RR_sup_mv";2.503412488;"sup_mv";"2.0-3.0";"2022-06-08"
35094;"RR_sup_mv";2.503412488;"sup_mv";"2.0-3.0";"2022-06-08"
35095;"RR_sup_mv";2.503412488;"sup_mv";"2.0-3.0";"2022-06-08"
35101;"RR_sup_mv";1.4281600985;"sup_mv";"1.1-2.0";"2022-06-08"
35102;"RR_sup_mv";1.4281600985;"sup_mv";"1.1-2.0";"2022-06-08"
35103;"RR_sup_mv";1.4281600985;"sup_mv";"1.1-2.0";"2022-06-08"
35104;"RR_sup_mv";1.4281600985;"sup_mv";"1.1-2.0";"2022-06-08"
35111;"RR_sup_mv";2.503412488;"sup_mv";"2.0-3.0";"2022-06-08"
35112;"RR_sup_mv";2.503412488;"sup_mv";"2.0-3.0";"2022-06-08"
35113;"RR_sup_mv";2.503412488;"sup_mv";"2.0-3.0";"2022-06-08"
35114;"RR_sup_mv";2.503412488;"sup_mv";"2.0-3.0";"2022-06-08"
35115;"RR_sup_mv";2.503412488;"sup_mv";"2.0-3.0";"2022-06-08"
35121;"RR_sup_mv";;"sup_mv";"0";"2022-06-08"
35131;"RR_sup_mv";;"sup_mv";"0";"2022-06-08"
35132;"RR_sup_mv";1.4281600985;"sup_mv";"1.1-2.0";"2022-06-08"
35133;"RR_sup_mv";1.4281600985;"sup_mv";"1.1-2.0";"2022-06-08"
35141;"RR_sup_mv";1.4281600985;"sup_mv";"1.1-2.0";"2022-06-08"
35142;"RR_sup_mv";1.4281600985;"sup_mv";"1.1-2.0";"2022-06-08"
35143;"RR_sup_mv";1.4281600985;"sup_mv";"1.1-2.0";"2022-06-08"
35151;"RR_sup_mv";2.503412488;"sup_mv";"2.0-3.0";"2022-06-08"
35152;"RR_sup_mv";2.503412488;"sup_mv";"2.0-3.0";"2022-06-08"
35153;"RR_sup_mv";2.503412488;"sup_mv";"2.0-3.0";"2022-06-08"
35154;"RR_sup_mv";2.503412488;"sup_mv";"2.0-3.0";"2022-06-08"
35155;"RR_sup_mv";2.503412488;"sup_mv";"2.0-3.0";"2022-06-08"
35156;"RR_sup_mv";2.503412488;"sup_mv";"2.0-3.0";"2022-06-08"
35157;"RR_sup_mv";2.503412488;"sup_mv";"2.0-3.0";"2022-06-08"
35161;"RR_sup_mv";;"sup_mv";"0";"2022-06-08"
35162;"RR_sup_mv";;"sup_mv";"0";"2022-06-08"
35163;"RR_sup_mv";;"sup_mv";"0";"2022-06-08"
35171;"RR_sup_mv";;"sup_mv";"0";"2022-06-08"
35172;"RR_sup_mv";;"sup_mv";"0";"2022-06-08"
35173;"RR_sup_mv";;"sup_mv";"0";"2022-06-08"
35174;"RR_sup_mv";;"sup_mv";"0";"2022-06-08"
35011;"RR_sup";1.6090022348;"sup";"1.1-2.0";"2022-05-04"
35012;"RR_sup";;"sup";"0";"2022-05-04"
35013;"RR_sup";;"sup";"0";"2022-05-04"
35014;"RR_sup";;"sup";"0";"2022-05-04"
35015;"RR_sup";;"sup";"0";"2022-05-04"
35016;"RR_sup";;"sup";"0";"2022-05-04"
35021;"RR_sup";;"sup";"0";"2022-05-04"
35022;"RR_sup";;"sup";"0";"2022-05-04"
35023;"RR_sup";;"sup";"0";"2022-05-04"
35031;"RR_sup";;"sup";"0";"2022-05-04"
35032;"RR_sup";1.9831905864;"sup";"1.1-2.0";"2022-05-04"
35033;"RR_sup";1.9831905864;"sup";"1.1-2.0";"2022-05-04"
35034;"RR_sup";;"sup";"0";"2022-05-04"
35041;"RR_sup";;"sup";"0";"2022-05-04"
35051;"RR_sup";;"sup";"0";"2022-05-04"
35052;"RR_sup";1.9831905864;"sup";"1.1-2.0";"2022-05-04"
35061;"RR_sup";;"sup";"0";"2022-05-04"
35062;"RR_sup";;"sup";"0";"2022-05-04"
35063;"RR_sup";4.6851096645;"sup";">3";"2022-05-04"
35064;"RR_sup";;"sup";"0";"2022-05-04"
35065;"RR_sup";;"sup";"0";"2022-05-04"
35071;"RR_sup";3.2709091497;"sup";">3";"2022-05-04"
35072;"RR_sup";1.801985405;"sup";"1.1-2.0";"2022-05-04"
35073;"RR_sup";;"sup";"0";"2022-05-04"
35074;"RR_sup";;"sup";"0";"2022-05-04"
35081;"RR_sup";;"sup";"0";"2022-05-04"
35082;"RR_sup";;"sup";"0";"2022-05-04"
35083;"RR_sup";;"sup";"0";"2022-05-04"
35091;"RR_sup";2.6617821774;"sup";"2.0-3.0";"2022-05-04"
35092;"RR_sup";2.6617821774;"sup";"2.0-3.0";"2022-05-04"
35093;"RR_sup";2.6617821774;"sup";"2.0-3.0";"2022-05-04"
35094;"RR_sup";;"sup";"0";"2022-05-04"
35095;"RR_sup";2.6617821774;"sup";"2.0-3.0";"2022-05-04"
35101;"RR_sup";;"sup";"0";"2022-05-04"
35102;"RR_sup";;"sup";"0";"2022-05-04"
35103;"RR_sup";;"sup";"0";"2022-05-04"
35104;"RR_sup";;"sup";"0";"2022-05-04"
35111;"RR_sup";2.6617821774;"sup";"2.0-3.0";"2022-05-04"
35112;"RR_sup";2.6617821774;"sup";"2.0-3.0";"2022-05-04"
35113;"RR_sup";2.6617821774;"sup";"2.0-3.0";"2022-05-04"
35114;"RR_sup";2.6617821774;"sup";"2.0-3.0";"2022-05-04"
35115;"RR_sup";;"sup";"0";"2022-05-04"
35121;"RR_sup";2.5748417518;"sup";"2.0-3.0";"2022-05-04"
35131;"RR_sup";;"sup";"0";"2022-05-04"
35132;"RR_sup";;"sup";"0";"2022-05-04"
35133;"RR_sup";;"sup";"0";"2022-05-04"
35141;"RR_sup";;"sup";"0";"2022-05-04"
35142;"RR_sup";;"sup";"0";"2022-05-04"
35143;"RR_sup";;"sup";"0";"2022-05-04"
35151;"RR_sup";1.9831905864;"sup";"1.1-2.0";"2022-05-04"
35152;"RR_sup";;"sup";"0";"2022-05-04"
35153;"RR_sup";;"sup";"0";"2022-05-04"
35154;"RR_sup";;"sup";"0";"2022-05-04"
35155;"RR_sup";1.9831905864;"sup";"1.1-2.0";"2022-05-04"
35156;"RR_sup";1.9831905864;"sup";"1.1-2.0";"2022-05-04"
35157;"RR_sup";;"sup";"0";"2022-05-04"
35161;"RR_sup";;"sup";"0";"2022-05-04"
35162;"RR_sup";;"sup";"0";"2022-05-04"
35163;"RR_sup";;"sup";"0";"2022-05-04"
35171;"RR_sup";;"sup";"0";"2022-05-04"
35172;"RR_sup";;"sup";"0";"2022-05-04"
35173;"RR_sup";2.4639861483;"sup";"2.0-3.0";"2022-05-04"
35174;"RR_sup";;"sup";"0";"2022-05-04"
35011;"RR_sup_mv";1.3730161528;"sup_mv";"1.1-2.0";"2022-05-04"
35012;"RR_sup_mv";;"sup_mv";"0";"2022-05-04"
35013;"RR_sup_mv";;"sup_mv";"0";"2022-05-04"
35014;"RR_sup_mv";;"sup_mv";"0";"2022-05-04"
35015;"RR_sup_mv";;"sup_mv";"0";"2022-05-04"
35016;"RR_sup_mv";;"sup_mv";"0";"2022-05-04"
35021;"RR_sup_mv";;"sup_mv";"0";"2022-05-04"
35022;"RR_sup_mv";;"sup_mv";"0";"2022-05-04"
35023;"RR_sup_mv";;"sup_mv";"0";"2022-05-04"
35031;"RR_sup_mv";;"sup_mv";"0";"2022-05-04"
35032;"RR_sup_mv";1.7986214155;"sup_mv";"1.1-2.0";"2022-05-04"
35033;"RR_sup_mv";1.7986214155;"sup_mv";"1.1-2.0";"2022-05-04"
35034;"RR_sup_mv";;"sup_mv";"0";"2022-05-04"
35041;"RR_sup_mv";;"sup_mv";"0";"2022-05-04"
35051;"RR_sup_mv";;"sup_mv";"0";"2022-05-04"
35052;"RR_sup_mv";1.7986214155;"sup_mv";"1.1-2.0";"2022-05-04"
35061;"RR_sup_mv";;"sup_mv";"0";"2022-05-04"
35062;"RR_sup_mv";;"sup_mv";"0";"2022-05-04"
35063;"RR_sup_mv";4.1949196549;"sup_mv";">3";"2022-05-04"
35064;"RR_sup_mv";;"sup_mv";"0";"2022-05-04"
35065;"RR_sup_mv";;"sup_mv";"0";"2022-05-04"
35071;"RR_sup_mv";2.9047413171;"sup_mv";"2.0-3.0";"2022-05-04"
35072;"RR_sup_mv";1.7397925386;"sup_mv";"1.1-2.0";"2022-05-04"
35073;"RR_sup_mv";;"sup_mv";"0";"2022-05-04"
35074;"RR_sup_mv";;"sup_mv";"0";"2022-05-04"
35081;"RR_sup_mv";;"sup_mv";"0";"2022-05-04"
35082;"RR_sup_mv";;"sup_mv";"0";"2022-05-04"
35083;"RR_sup_mv";;"sup_mv";"0";"2022-05-04"
35091;"RR_sup_mv";2.3315783583;"sup_mv";"2.0-3.0";"2022-05-04"
35092;"RR_sup_mv";2.3315783583;"sup_mv";"2.0-3.0";"2022-05-04"
35093;"RR_sup_mv";2.3315783583;"sup_mv";"2.0-3.0";"2022-05-04"
35094;"RR_sup_mv";;"sup_mv";"0";"2022-05-04"
35095;"RR_sup_mv";2.3315783583;"sup_mv";"2.0-3.0";"2022-05-04"
35101;"RR_sup_mv";;"sup_mv";"0";"2022-05-04"
35102;"RR_sup_mv";;"sup_mv";"0";"2022-05-04"
35103;"RR_sup_mv";;"sup_mv";"0";"2022-05-04"
35104;"RR_sup_mv";;"sup_mv";"0";"2022-05-04"
35111;"RR_sup_mv";2.3315783583;"sup_mv";"2.0-3.0";"2022-05-04"
35112;"RR_sup_mv";2.3315783583;"sup_mv";"2.0-3.0";"2022-05-04"
35113;"RR_sup_mv";2.3315783583;"sup_mv";"2.0-3.0";"2022-05-04"
35114;"RR_sup_mv";2.3315783583;"sup_mv";"2.0-3.0";"2022-05-04"
35115;"RR_sup_mv";;"sup_mv";"0";"2022-05-04"
35121;"RR_sup_mv";;"sup_mv";"0";"2022-05-04"
35131;"RR_sup_mv";;"sup_mv";"0";"2022-05-04"
35132;"RR_sup_mv";;"sup_mv";"0";"2022-05-04"
35133;"RR_sup_mv";;"sup_mv";"0";"2022-05-04"
35141;"RR_sup_mv";;"sup_mv";"0";"2022-05-04"
35142;"RR_sup_mv";;"sup_mv";"0";"2022-05-04"
35143;"RR_sup_mv";;"sup_mv";"0";"2022-05-04"
35151;"RR_sup_mv";1.7986214155;"sup_mv";"1.1-2.0";"2022-05-04"
35152;"RR_sup_mv";;"sup_mv";"0";"2022-05-04"
35153;"RR_sup_mv";;"sup_mv";"0";"2022-05-04"
35154;"RR_sup_mv";;"sup_mv";"0";"2022-05-04"
35155;"RR_sup_mv";1.7986214155;"sup_mv";"1.1-2.0";"2022-05-04"
35156;"RR_sup_mv";1.7986214155;"sup_mv";"1.1-2.0";"2022-05-04"
35157;"RR_sup_mv";;"sup_mv";"0";"2022-05-04"
35161;"RR_sup_mv";;"sup_mv";"0";"2022-05-04"
35162;"RR_sup_mv";;"sup_mv";"0";"2022-05-04"
35163;"RR_sup_mv";;"sup_mv";"0";"2022-05-04"
35171;"RR_sup_mv";;"sup_mv";"0";"2022-05-04"
35172;"RR_sup_mv";;"sup_mv";"0";"2022-05-04"
35173;"RR_sup_mv";2.150565336;"sup_mv";"2.0-3.0";"2022-05-04"
35174;"RR_sup_mv";;"sup_mv";"0";"2022-05-04"
